"respondent_id","interview_date","district","upazila","respondent_type","age","sex","ethnicity","education_level","household_size","monthly_income_bdt","years_in_programme","forest_land_managed_acres","tree_species_planted","seedlings_distributed","seedling_survival_rate_pct","biodiversity_index_baseline","biodiversity_index_endline","forest_cover_change","watershed_comanagement","ntfp_income_bdt","eco_enterprise_involved","sustainable_ag_practices","conservation_knowledge_baseline","conservation_knowledge_endline","attitude_conservation_baseline","attitude_conservation_endline","community_rules_exist","resource_conflict_12mo","satisfaction_forest_mgmt","satisfaction_score","training_received","climate_impact_on_biodiversity"
"BER-0001",2024-11-27,"Khagrachari","Panchhari","Community Leader/Headman",54,"Female","Tanchangya","Graduate and above",7,11708,2,9.2,9,348,63.3,60,68,"No change","Active",3430,"Yes",2,11,17,5,4,"Yes","No",4,3,"No","Moderate"
"BER-0002",2024-10-24,"Bandarban","Rowangchhari","Community Leader/Headman",37,"Male","Marma","SSC/Equivalent",5,8111,4,6.5,6,236,93.3,56,71,"Moderately increased","Occasional",2574,"Yes",2,15,20,2,5,"Yes","No",4,5,"Yes","Mild"
"BER-0003",2024-09-27,"Bandarban","Rowangchhari","Community Forest Management Group",56,"Male","Chakma","SSC/Equivalent",6,15629,4,6.2,8,296,76.8,35,41,"Significantly increased","Occasional",692,"No",4,15,20,3,3,"Under development","No",2,5,"Yes","Mild"
"BER-0004",2024-10-18,"Bandarban","Rowangchhari","Local NGO Representative",45,"Male","Tanchangya","Secondary (Class 6-10)",4,14950,3,14.9,3,338,91.6,59,70,"Significantly decreased","Not participating",2254,"No",1,12,19,2,5,"Yes","No",2,4,"Yes","Moderate"
"BER-0005",2024-09-05,"Khagrachari","Khagrachari Sadar","Community Forest Management Group",46,"Male","Marma","Primary (Class 1-5)",6,11294,2,13.1,6,211,71.6,33,40,"Significantly increased","Active",592,"No",1,10,15,4,4,"Yes","Yes",4,4,"No","Severe"
"BER-0006",2024-09-12,"Bandarban","Ruma","Biodiversity Conservation Group (BCG)",44,"Male","Chak","No formal education",5,13445,4,4.2,8,349,77.5,60,83,"Significantly decreased","Not participating",2896,"No",0,10,13,1,3,"Yes","No",3,5,"Yes","Severe"
"BER-0007",2024-11-19,"Khagrachari","Guimara","Local NGO Representative",52,"Male","Chakma","No formal education",6,9816,3,6.3,1,264,83.5,31,45,"Significantly increased","Active",2651,"Yes",2,14,18,5,2,"Under development","No",4,4,"Yes","Severe"
"BER-0008",2024-10-30,"Rangamati","Belaichhari","Community Forest Management Group",24,"Male","Khumi","Primary (Class 1-5)",4,3500,3,5.2,11,139,84.5,42,50,"No change","Active",2860,"Yes",2,10,12,3,1,"Yes","No",4,3,"No","Mild"
"BER-0009",2024-10-10,"Bandarban","Naikhongchhari","Local NGO Representative",18,"Male","Bawm","Secondary (Class 6-10)",6,6654,3,10.1,9,483,64.1,48,51,"Moderately increased","Not participating",1381,"No",3,8,11,4,4,"Yes","No",4,3,"Yes","Severe"
"BER-0010",2024-11-02,"Bandarban","Bandarban Sadar","Community Forest Management Group",40,"Male","Tripura","Secondary (Class 6-10)",6,21940,2,10.7,7,329,83.6,72,78,"Significantly increased","Not participating",3068,"No",1,7,12,3,3,"Yes","No",4,5,"No","No impact observed"
"BER-0011",2024-09-22,"Bandarban","Naikhongchhari","Community Leader/Headman",54,"Male","Chak","SSC/Equivalent",7,12633,1,0.5,5,403,81.8,63,64,"Significantly decreased","Active",3123,"No",4,7,8,4,5,"Under development","No",5,2,"Yes","Moderate"
"BER-0012",2024-10-19,"Khagrachari","Guimara","Youth Eco-Entrepreneur",40,"Female","Chakma","Secondary (Class 6-10)",4,15456,4,9,3,323,89,60,65,"Moderately increased","Active",3426,"No",3,6,13,5,5,"Yes","Yes",3,4,"Yes","Moderate"
"BER-0013",2024-09-09,"Bandarban","Rowangchhari","Youth Eco-Entrepreneur",43,"Male","Bengali","SSC/Equivalent",4,15869,4,12.4,2,50,47.1,36,47,"Moderately increased","Active",1914,"Yes",4,9,14,2,4,"No","No",5,3,"No","Moderate"
"BER-0014",2024-09-28,"Rangamati","Baghaichhari","Community Leader/Headman",50,"Male","Chakma","Primary (Class 1-5)",6,16560,4,12.6,7,670,61.8,22,31,"Significantly increased","Active",5149,"Yes",2,12,18,4,3,"Yes","Yes",3,4,"Yes","Mild"
"BER-0015",2024-11-17,"Bandarban","Naikhongchhari","Community Forest Management Group",42,"Male","Chak","No formal education",6,13222,1,10.9,7,73,73.4,62,65,"No change","Active",4076,"Yes",2,11,13,2,5,"Yes","No",2,2,"Yes","Severe"
"BER-0016",2024-10-16,"Khagrachari","Panchhari","Local NGO Representative",39,"Female","Chakma","Primary (Class 1-5)",5,8919,4,4.4,4,236,67.2,49,58,"Moderately increased","Occasional",3320,"Yes",3,7,13,3,3,"Yes","Yes",2,2,"No","Mild"
"BER-0017",2024-10-17,"Rangamati","Belaichhari","Community Forest Management Group",30,"Male","Chakma","Primary (Class 1-5)",4,9137,1,2,7,358,61.5,63,65,"No change","Not participating",2176,"No",5,10,13,4,2,"Yes","Yes",3,4,"Yes","Mild"
"BER-0018",2024-10-09,"Rangamati","Kaptai","Biodiversity Conservation Group (BCG)",32,"Male","Bawm","Primary (Class 1-5)",6,8363,3,8.8,9,401,77.6,46,54,"Moderately increased","Occasional",2663,"Yes",4,6,10,4,4,"Yes","No",2,4,"Yes","Severe"
"BER-0019",2024-09-30,"Khagrachari","Ramgarh","Community Forest Management Group",42,"Male","Marma","SSC/Equivalent",5,13062,2,16.2,7,349,66.8,46,57,"Moderately increased","Occasional",3756,"No",1,10,16,3,4,"Yes","No",4,3,"Yes","Severe"
"BER-0020",2024-11-14,"Rangamati","Baghaichhari","Community Leader/Headman",50,"Male","Tripura","Secondary (Class 6-10)",5,15054,4,15,9,271,64,44,60,"Moderately increased","Not participating",2639,"Yes",5,14,20,2,3,"No","Yes",5,4,"No","Severe"
"BER-0021",2024-11-11,"Rangamati","Kaptai","Biodiversity Conservation Group (BCG)",27,"Male","Tanchangya","Primary (Class 1-5)",5,13393,2,17,8,297,46.4,40,45,"Moderately increased","Not participating",200,"Yes",4,5,8,5,5,"Under development","Yes",5,4,"Yes","Severe"
"BER-0022",2024-11-09,"Khagrachari","Ramgarh","Biodiversity Conservation Group (BCG)",50,"Male","Tanchangya","Primary (Class 1-5)",7,13586,3,9.6,14,362,45.8,56,69,"Moderately increased","Occasional",4102,"Yes",0,13,18,3,5,"No","No",2,4,"Yes","Moderate"
"BER-0023",2024-09-12,"Rangamati","Baghaichhari","Youth Eco-Entrepreneur",56,"Male","Chakma","No formal education",5,9717,3,9.3,6,213,72.9,50,51,"Significantly increased","Not participating",969,"No",1,10,15,5,5,"Yes","No",5,4,"No","Moderate"
"BER-0024",2024-09-17,"Bandarban","Thanchi","Youth Eco-Entrepreneur",48,"Female","Khumi","Primary (Class 1-5)",3,13920,2,2.9,5,475,98,66,72,"No change","Occasional",2244,"Yes",3,9,14,3,5,"Yes","No",2,2,"Yes","Moderate"
"BER-0025",2024-10-08,"Rangamati","Kaptai","Community Leader/Headman",31,"Female","Chakma","SSC/Equivalent",5,17942,3,14.1,8,256,75.3,38,45,"Slightly decreased","Active",3585,"Yes",0,12,17,4,3,"Under development","Yes",3,4,"Yes","Severe"
"BER-0026",2024-09-07,"Khagrachari","Dighinala","Youth Eco-Entrepreneur",35,"Female","Lushai","Secondary (Class 6-10)",5,13468,4,11.4,4,436,59.8,42,50,"Moderately increased","Not participating",2973,"Yes",2,14,17,2,3,"Yes","No",3,5,"Yes","Mild"
"BER-0027",2024-09-11,"Khagrachari","Dighinala","Youth Eco-Entrepreneur",33,"Male","Chakma","SSC/Equivalent",7,19274,2,14.9,4,147,92.1,51,55,"Moderately increased","Not participating",2757,"No",3,7,14,1,3,"Yes","No",2,3,"Yes","No impact observed"
"BER-0028",2024-10-07,"Rangamati","Belaichhari","Community Forest Management Group",41,"Male","Chakma","Primary (Class 1-5)",4,16551,3,12.7,6,86,66.6,57,64,"Slightly decreased","Occasional",2860,"No",1,14,17,4,4,"Yes","No",5,4,"No","Moderate"
"BER-0029",2024-10-19,"Khagrachari","Khagrachari Sadar","Biodiversity Conservation Group (BCG)",34,"Male","Marma","Secondary (Class 6-10)",7,13999,4,6.5,6,412,85.2,54,68,"No change","Active",2446,"No",1,6,11,3,5,"Yes","No",4,4,"Yes","Moderate"
"BER-0030",2024-10-30,"Rangamati","Baghaichhari","Community Forest Management Group",24,"Female","Bengali","Secondary (Class 6-10)",6,12835,1,3.6,2,359,61.3,55,60,"No change","Not participating",3983,"No",2,13,13,4,4,"No","Yes",3,5,"Yes","Severe"
"BER-0031",2024-10-10,"Bandarban","Naikhongchhari","Community Forest Management Group",40,"Female","Tripura","Primary (Class 1-5)",7,13876,3,0.9,6,271,80,49,56,"Significantly increased","Occasional",3303,"Yes",3,10,14,3,3,"No","Yes",5,5,"Yes","Severe"
"BER-0032",2024-11-04,"Rangamati","Kaptai","Biodiversity Conservation Group (BCG)",42,"Male","Tripura","SSC/Equivalent",5,12764,1,13,4,294,64,39,44,"Moderately increased","Occasional",4190,"Yes",3,16,20,2,5,"Yes","No",3,5,"Yes","Mild"
"BER-0033",2024-09-26,"Bandarban","Ruma","Community Forest Management Group",41,"Female","Tripura","Primary (Class 1-5)",5,13897,2,1.1,7,380,78,19,27,"Moderately increased","Active",2291,"Yes",4,7,10,5,4,"No","No",5,5,"No","Severe"
"BER-0034",2024-09-11,"Bandarban","Bandarban Sadar","Youth Eco-Entrepreneur",54,"Male","Khumi","Primary (Class 1-5)",5,18833,1,4.1,8,357,72.8,32,37,"Significantly increased","Active",2412,"No",5,14,17,3,4,"Yes","Yes",4,4,"Yes","Moderate"
"BER-0035",2024-10-23,"Bandarban","Naikhongchhari","Biodiversity Conservation Group (BCG)",50,"Female","Marma","SSC/Equivalent",5,14994,3,11.3,5,235,68.4,20,26,"Moderately increased","Active",4706,"Yes",4,10,13,3,3,"Yes","No",4,3,"No","Moderate"
"BER-0036",2024-10-28,"Rangamati","Naniarchar","Forest Department Staff",47,"Male","Chakma","No formal education",6,16642,3,5.1,8,505,85.7,29,38,"No change","Active",2202,"No",5,9,13,4,5,"Yes","No",4,4,"No","Severe"
"BER-0037",2024-11-22,"Rangamati","Barkal","Community Forest Management Group",40,"Female","Tanchangya","Primary (Class 1-5)",4,10202,3,1.4,5,319,66.5,70,78,"Moderately increased","Active",1936,"Yes",0,7,11,4,4,"Yes","No",2,1,"Yes","No impact observed"
"BER-0038",2024-11-20,"Rangamati","Barkal","Youth Eco-Entrepreneur",28,"Male","Chakma","Primary (Class 1-5)",5,10532,2,3.8,4,298,43.3,45,53,"Significantly increased","Occasional",1134,"No",1,6,12,3,4,"Yes","No",2,4,"No","Mild"
"BER-0039",2024-11-04,"Khagrachari","Dighinala","Local NGO Representative",27,"Male","Chakma","Primary (Class 1-5)",6,6749,4,8.7,3,320,70,38,46,"Moderately increased","Not participating",3937,"No",3,13,20,3,3,"Yes","No",4,3,"Yes","Moderate"
"BER-0040",2024-09-22,"Khagrachari","Guimara","Community Leader/Headman",40,"Male","Chak","HSC/Equivalent",5,10985,3,1.5,1,239,44.3,34,51,"Slightly decreased","Active",3818,"Yes",4,9,14,1,5,"Yes","Yes",5,2,"Yes","Moderate"
"BER-0041",2024-10-19,"Bandarban","Rowangchhari","Biodiversity Conservation Group (BCG)",52,"Male","Chakma","No formal education",4,21913,2,13.2,11,361,69.7,42,48,"No change","Active",3610,"Yes",3,14,17,3,3,"Yes","No",5,5,"Yes","Mild"
"BER-0042",2024-09-18,"Khagrachari","Khagrachari Sadar","Community Leader/Headman",45,"Female","Bengali","No formal education",9,11415,4,3.4,7,303,54.3,69,82,"No change","Active",3404,"Yes",0,12,15,5,3,"Yes","No",4,5,"No","Mild"
"BER-0043",2024-10-17,"Khagrachari","Panchhari","Community Forest Management Group",37,"Female","Chakma","Primary (Class 1-5)",3,8774,3,5.6,1,110,91.3,22,38,"Moderately increased","Occasional",3589,"Yes",2,16,18,3,3,"Under development","Yes",4,2,"Yes","No impact observed"
"BER-0044",2024-09-24,"Khagrachari","Khagrachari Sadar","Biodiversity Conservation Group (BCG)",40,"Male","Bawm","SSC/Equivalent",5,13685,2,6.3,8,283,56,32,38,"Slightly decreased","Occasional",3818,"No",3,12,16,3,5,"Yes","Yes",2,4,"Yes","Moderate"
"BER-0045",2024-09-27,"Khagrachari","Dighinala","Youth Eco-Entrepreneur",41,"Male","Lushai","No formal education",5,7839,2,9.7,10,174,74.5,53,59,"No change","Active",3082,"No",3,6,9,3,4,"Yes","No",3,3,"Yes","No impact observed"
"BER-0046",2024-10-16,"Khagrachari","Panchhari","Youth Eco-Entrepreneur",32,"Male","Marma","Primary (Class 1-5)",6,6871,4,13.3,4,216,67,33,41,"Moderately increased","Occasional",2703,"No",3,10,13,5,4,"Under development","No",5,2,"Yes","Severe"
"BER-0047",2024-09-13,"Khagrachari","Khagrachari Sadar","Biodiversity Conservation Group (BCG)",45,"Male","Marma","Secondary (Class 6-10)",5,11446,4,5.6,9,416,52.4,77,86,"No change","Active",5158,"No",1,20,20,2,4,"Yes","Yes",5,4,"Yes","Mild"
"BER-0048",2024-09-20,"Rangamati","Naniarchar","Youth Eco-Entrepreneur",52,"Male","Tripura","Secondary (Class 6-10)",7,12541,4,10,7,536,64.4,40,55,"No change","Occasional",3432,"No",2,12,13,4,4,"Yes","Yes",5,5,"Yes","Moderate"
"BER-0049",2024-10-22,"Bandarban","Rowangchhari","Biodiversity Conservation Group (BCG)",43,"Male","Lushai","HSC/Equivalent",7,12710,4,5.6,5,172,72.7,63,68,"Significantly increased","Occasional",2040,"Yes",5,6,9,2,2,"Under development","No",5,4,"Yes","Severe"
"BER-0050",2024-09-15,"Bandarban","Naikhongchhari","Forest Department Staff",38,"Male","Marma","Secondary (Class 6-10)",6,15843,4,5.9,8,447,50.1,62,76,"Moderately increased","Active",1759,"No",3,12,16,1,5,"No","No",4,5,"No","No impact observed"
"BER-0051",2024-09-08,"Rangamati","Belaichhari","Forest Department Staff",54,"Female","Tanchangya","Secondary (Class 6-10)",5,13027,1,8.8,12,437,78.2,64,70,"Slightly decreased","Not participating",1884,"Yes",2,13,15,1,5,"No","No",5,5,"Yes","No impact observed"
"BER-0052",2024-10-07,"Khagrachari","Ramgarh","Biodiversity Conservation Group (BCG)",58,"Male","Tripura","Primary (Class 1-5)",3,17554,2,9.6,8,99,88.4,40,43,"Moderately increased","Active",2650,"Yes",1,8,11,2,4,"Yes","Yes",4,4,"Yes","Moderate"
"BER-0053",2024-09-22,"Rangamati","Kaptai","Biodiversity Conservation Group (BCG)",43,"Male","Tripura","Primary (Class 1-5)",4,19481,1,9.2,8,330,66.2,33,36,"No change","Not participating",3977,"No",3,12,14,4,5,"No","No",3,4,"Yes","Moderate"
"BER-0054",2024-09-19,"Rangamati","Naniarchar","Biodiversity Conservation Group (BCG)",43,"Female","Marma","Primary (Class 1-5)",5,10033,2,0.8,4,512,96.1,40,47,"No change","Active",1640,"Yes",0,13,18,3,3,"Yes","No",5,3,"Yes","Mild"
"BER-0055",2024-11-09,"Bandarban","Thanchi","Biodiversity Conservation Group (BCG)",46,"Female","Chak","SSC/Equivalent",7,13697,1,4.2,6,455,43.5,67,71,"Significantly increased","Not participating",3332,"No",2,9,13,4,3,"Yes","Yes",1,5,"Yes","Mild"
"BER-0056",2024-09-08,"Rangamati","Kaptai","Community Forest Management Group",18,"Male","Tripura","HSC/Equivalent",5,7933,4,2.7,9,396,91.7,36,43,"Significantly decreased","Not participating",3654,"No",2,9,13,3,4,"No","No",4,4,"Yes","Moderate"
"BER-0057",2024-11-10,"Rangamati","Kaptai","Youth Eco-Entrepreneur",45,"Male","Murung","No formal education",6,11634,4,6.2,8,102,49.7,31,44,"Significantly increased","Not participating",3176,"No",5,16,20,5,5,"Under development","No",4,5,"Yes","Mild"
"BER-0058",2024-10-29,"Bandarban","Rowangchhari","Community Forest Management Group",25,"Female","Tanchangya","Secondary (Class 6-10)",4,13151,2,7.7,11,336,90.7,38,47,"Significantly increased","Occasional",1891,"No",1,10,14,3,3,"Yes","Yes",2,3,"No","Moderate"
"BER-0059",2024-10-08,"Khagrachari","Guimara","Local NGO Representative",48,"Female","Chakma","SSC/Equivalent",4,12207,1,5,8,126,71.1,53,58,"Slightly decreased","Active",1835,"No",1,11,12,3,4,"Yes","No",4,4,"Yes","Moderate"
"BER-0060",2024-11-15,"Bandarban","Ruma","Biodiversity Conservation Group (BCG)",34,"Female","Marma","Primary (Class 1-5)",6,11106,2,4.5,2,172,81.2,52,56,"Moderately increased","Occasional",3183,"Yes",3,11,15,3,5,"Under development","No",3,5,"Yes","Mild"
"BER-0061",2024-09-30,"Rangamati","Baghaichhari","Community Leader/Headman",27,"Female","Marma","Primary (Class 1-5)",5,15216,2,6.5,9,338,73.1,51,50,"No change","Active",2013,"Yes",3,9,14,2,4,"Yes","Yes",5,4,"No","Severe"
"BER-0062",2024-10-13,"Khagrachari","Khagrachari Sadar","Youth Eco-Entrepreneur",37,"Female","Tanchangya","Secondary (Class 6-10)",6,17277,2,9.2,6,342,69.3,45,53,"Significantly decreased","Not participating",3223,"No",2,12,16,5,5,"Yes","Yes",5,4,"Yes","Moderate"
"BER-0063",2024-09-10,"Khagrachari","Dighinala","Community Forest Management Group",54,"Female","Chakma","No formal education",4,17354,4,11,10,502,61.6,39,45,"Moderately increased","Active",2708,"Yes",4,10,15,2,4,"Under development","No",3,3,"No","Severe"
"BER-0064",2024-10-17,"Rangamati","Kaptai","Youth Eco-Entrepreneur",30,"Female","Chakma","SSC/Equivalent",6,16527,3,12.1,9,56,76.1,34,54,"No change","Active",3973,"No",3,9,15,1,4,"Yes","No",4,5,"No","Mild"
"BER-0065",2024-10-14,"Rangamati","Naniarchar","Biodiversity Conservation Group (BCG)",34,"Female","Murung","Primary (Class 1-5)",5,5330,4,8.6,3,278,65,16,26,"Moderately increased","Occasional",2603,"Yes",2,6,8,1,4,"Under development","Yes",3,4,"No","Moderate"
"BER-0066",2024-11-10,"Khagrachari","Guimara","Forest Department Staff",21,"Male","Chakma","SSC/Equivalent",4,9419,2,5.4,4,213,77.7,60,65,"Moderately increased","Active",1761,"No",4,13,15,4,3,"Yes","Yes",3,5,"Yes","Severe"
"BER-0067",2024-11-11,"Khagrachari","Panchhari","Forest Department Staff",47,"Female","Tripura","SSC/Equivalent",6,8856,3,8.9,8,515,65.2,30,39,"Significantly decreased","Active",2800,"Yes",2,11,14,2,3,"Yes","No",5,5,"Yes","Moderate"
"BER-0068",2024-09-18,"Rangamati","Barkal","Biodiversity Conservation Group (BCG)",36,"Female","Chakma","Primary (Class 1-5)",7,18641,4,1.7,7,208,80,37,56,"Moderately increased","Active",1899,"Yes",2,3,7,4,4,"Yes","No",4,4,"Yes","Moderate"
"BER-0069",2024-09-14,"Rangamati","Naniarchar","Community Forest Management Group",33,"Female","Marma","No formal education",4,6847,4,13.4,10,194,76.3,58,69,"No change","Active",4908,"Yes",0,12,15,2,5,"No","No",3,2,"Yes","Severe"
"BER-0070",2024-10-06,"Rangamati","Rajasthali","Community Forest Management Group",29,"Female","Tripura","HSC/Equivalent",5,15514,3,8.4,8,314,63.7,17,26,"Moderately increased","Active",3440,"No",4,6,11,1,4,"Yes","No",4,4,"Yes","Moderate"
"BER-0071",2024-11-08,"Rangamati","Rajasthali","Community Forest Management Group",45,"Male","Chakma","No formal education",5,13900,3,5.5,2,170,62,61,65,"Moderately increased","Not participating",2669,"No",2,10,12,1,4,"No","Yes",4,3,"Yes","Moderate"
"BER-0072",2024-10-21,"Khagrachari","Ramgarh","Community Forest Management Group",22,"Female","Murung","No formal education",7,14962,4,7.5,11,355,59.2,50,66,"Moderately increased","Active",2843,"No",4,5,9,5,3,"Yes","No",4,3,"Yes","Mild"
"BER-0073",2024-11-16,"Bandarban","Ruma","Biodiversity Conservation Group (BCG)",32,"Male","Marma","HSC/Equivalent",4,13621,2,5.8,7,246,64.8,32,40,"No change","Active",4843,"Yes",5,5,10,4,4,"Under development","Yes",2,4,"Yes","Moderate"
"BER-0074",2024-11-26,"Bandarban","Naikhongchhari","Biodiversity Conservation Group (BCG)",42,"Male","Marma","SSC/Equivalent",6,11232,3,11.6,4,311,71.1,37,44,"No change","Active",4195,"No",2,15,19,3,5,"Under development","Yes",5,4,"Yes","Severe"
"BER-0075",2024-11-20,"Rangamati","Baghaichhari","Biodiversity Conservation Group (BCG)",35,"Male","Bengali","Primary (Class 1-5)",5,11408,1,5.3,6,217,74.3,26,30,"Moderately increased","Not participating",1152,"No",0,7,15,4,4,"Yes","No",5,4,"No","Severe"
"BER-0076",2024-09-28,"Bandarban","Naikhongchhari","Youth Eco-Entrepreneur",48,"Female","Chakma","No formal education",6,21496,2,11.1,11,451,66.9,53,55,"Significantly increased","Not participating",1994,"No",4,8,11,5,5,"Yes","No",4,4,"Yes","Moderate"
"BER-0077",2024-11-19,"Khagrachari","Panchhari","Youth Eco-Entrepreneur",47,"Male","Tanchangya","Primary (Class 1-5)",5,13903,2,8.1,7,332,98,32,36,"No change","Active",3019,"Yes",4,5,10,3,4,"Yes","No",2,5,"Yes","Severe"
"BER-0078",2024-09-11,"Bandarban","Ruma","Biodiversity Conservation Group (BCG)",40,"Female","Chakma","Secondary (Class 6-10)",5,17927,3,8.8,6,180,72.5,28,34,"Moderately increased","Active",3029,"Yes",4,11,14,2,4,"Yes","No",4,5,"Yes","Severe"
"BER-0079",2024-09-13,"Khagrachari","Panchhari","Community Forest Management Group",39,"Male","Chakma","Primary (Class 1-5)",5,11370,2,6.1,5,475,86.1,52,60,"Moderately increased","Occasional",2334,"Yes",1,7,13,3,4,"No","No",5,4,"No","Mild"
"BER-0080",2024-10-04,"Bandarban","Thanchi","Community Leader/Headman",37,"Male","Chakma","SSC/Equivalent",5,12252,4,12,9,401,68.6,37,51,"Moderately increased","Active",2433,"Yes",5,9,14,2,4,"No","No",4,2,"Yes","Mild"
"BER-0081",2024-11-28,"Khagrachari","Panchhari","Youth Eco-Entrepreneur",28,"Male","Murung","HSC/Equivalent",8,11009,3,1.5,6,430,63.7,89,95,"Slightly decreased","Occasional",2530,"No",1,14,19,3,5,"Yes","Yes",5,5,"Yes","Moderate"
"BER-0082",2024-09-27,"Rangamati","Belaichhari","Community Forest Management Group",54,"Female","Tanchangya","Primary (Class 1-5)",3,17018,4,5.3,7,332,79.1,35,44,"No change","Active",3196,"No",3,9,14,3,5,"No","No",4,4,"Yes","Moderate"
"BER-0083",2024-11-12,"Khagrachari","Khagrachari Sadar","Biodiversity Conservation Group (BCG)",51,"Male","Tanchangya","Secondary (Class 6-10)",5,9648,3,13.1,5,323,76.5,41,51,"No change","Active",1122,"No",6,8,9,3,2,"Yes","No",1,4,"Yes","Moderate"
"BER-0084",2024-09-13,"Rangamati","Naniarchar","Youth Eco-Entrepreneur",29,"Male","Marma","Secondary (Class 6-10)",6,22159,3,11,11,423,66.4,65,67,"No change","Not participating",3602,"No",0,14,16,3,4,"Yes","Yes",4,5,"No","No impact observed"
"BER-0085",2024-11-11,"Rangamati","Naniarchar","Youth Eco-Entrepreneur",61,"Female","Chakma","Secondary (Class 6-10)",6,10409,4,17.5,4,231,68.5,42,59,"No change","Occasional",3239,"Yes",3,13,16,2,5,"Under development","No",4,4,"Yes","Moderate"
"BER-0086",2024-10-04,"Rangamati","Kaptai","Biodiversity Conservation Group (BCG)",43,"Male","Tanchangya","HSC/Equivalent",5,10084,3,15.5,8,333,86.8,43,54,"No change","Occasional",4840,"No",5,9,13,5,2,"Yes","No",3,4,"No","No impact observed"
"BER-0087",2024-09-06,"Rangamati","Baghaichhari","Community Forest Management Group",38,"Female","Marma","SSC/Equivalent",4,15579,4,11.6,8,234,80.4,30,38,"Significantly increased","Not participating",5193,"No",3,12,13,3,4,"Yes","No",4,1,"Yes","Severe"
"BER-0088",2024-11-26,"Rangamati","Belaichhari","Forest Department Staff",27,"Female","Tripura","Secondary (Class 6-10)",6,9766,4,5,7,469,82.3,22,31,"Significantly increased","Active",3255,"Yes",2,9,11,4,5,"Yes","Yes",4,4,"Yes","Moderate"
"BER-0089",2024-11-04,"Rangamati","Belaichhari","Forest Department Staff",32,"Female","Murung","Secondary (Class 6-10)",4,11174,4,6.1,10,637,82.9,38,53,"Slightly decreased","Not participating",3256,"No",3,9,9,3,4,"Under development","No",3,1,"No","Mild"
"BER-0090",2024-11-01,"Bandarban","Naikhongchhari","Youth Eco-Entrepreneur",44,"Female","Tripura","SSC/Equivalent",5,18091,3,8,2,242,69.1,80,82,"Moderately increased","Not participating",3439,"Yes",1,15,19,3,4,"Under development","No",4,4,"Yes","Moderate"
"BER-0091",2024-09-24,"Khagrachari","Ramgarh","Biodiversity Conservation Group (BCG)",37,"Female","Murung","No formal education",5,15041,2,16.8,4,363,84.7,37,43,"Slightly decreased","Active",3375,"No",4,4,8,5,4,"Yes","No",5,5,"No","Moderate"
"BER-0092",2024-10-20,"Khagrachari","Panchhari","Youth Eco-Entrepreneur",30,"Female","Tanchangya","Graduate and above",4,20535,1,9.4,5,246,85.2,61,65,"Moderately increased","Active",3093,"No",1,13,18,3,4,"Under development","No",4,3,"No","Moderate"
"BER-0093",2024-11-15,"Rangamati","Rajasthali","Biodiversity Conservation Group (BCG)",47,"Male","Marma","HSC/Equivalent",8,7991,3,12.4,2,50,59.2,26,33,"Moderately increased","Active",3704,"No",2,4,9,4,4,"Yes","No",4,3,"No","Moderate"
"BER-0094",2024-11-13,"Khagrachari","Dighinala","Biodiversity Conservation Group (BCG)",60,"Male","Tripura","Primary (Class 1-5)",4,15251,4,6,10,504,82.8,36,60,"Moderately increased","Not participating",2910,"No",4,10,15,3,4,"Yes","No",3,5,"Yes","Moderate"
"BER-0095",2024-11-21,"Bandarban","Ruma","Biodiversity Conservation Group (BCG)",56,"Male","Tripura","Primary (Class 1-5)",3,12939,3,9.8,6,549,87.1,60,76,"Slightly decreased","Not participating",4650,"No",1,5,9,3,5,"Yes","No",3,5,"Yes","Severe"
"BER-0096",2024-09-18,"Bandarban","Rowangchhari","Community Leader/Headman",45,"Male","Chakma","Primary (Class 1-5)",5,12691,2,9.5,6,380,80.9,21,28,"Moderately increased","Not participating",2882,"Yes",4,7,9,5,5,"Yes","No",3,1,"No","Mild"
"BER-0097",2024-11-23,"Khagrachari","Dighinala","Biodiversity Conservation Group (BCG)",36,"Female","Tripura","Secondary (Class 6-10)",7,11897,4,13.7,10,282,79.3,38,52,"Significantly decreased","Not participating",591,"No",3,7,7,2,4,"No","No",3,4,"No","Mild"
"BER-0098",2024-10-09,"Khagrachari","Panchhari","Biodiversity Conservation Group (BCG)",39,"Female","Marma","Secondary (Class 6-10)",5,13825,4,10.2,4,219,89.2,30,47,"No change","Occasional",3135,"Yes",3,8,12,3,4,"Yes","No",5,4,"Yes","No impact observed"
"BER-0099",2024-10-22,"Bandarban","Naikhongchhari","Community Forest Management Group",43,"Male","Chakma","Primary (Class 1-5)",6,10594,1,7.1,7,541,71.4,42,42,"Significantly increased","Occasional",3767,"Yes",2,17,20,3,4,"No","No",4,5,"Yes","Mild"
"BER-0100",2024-09-21,"Rangamati","Kaptai","Community Forest Management Group",38,"Female","Chakma","Secondary (Class 6-10)",5,15056,4,0.7,8,386,81.8,32,42,"Significantly increased","Not participating",526,"No",2,16,20,5,5,"No","No",2,2,"Yes","No impact observed"
"BER-0101",2024-11-11,"Bandarban","Thanchi","Youth Eco-Entrepreneur",32,"Female","Chakma","Primary (Class 1-5)",4,10198,3,9,13,329,60.5,48,62,"No change","Active",1930,"No",3,9,9,3,4,"No","No",4,4,"No","No impact observed"
"BER-0102",2024-11-17,"Khagrachari","Panchhari","Local NGO Representative",25,"Male","Chakma","Primary (Class 1-5)",5,13576,2,12.3,10,169,82.5,42,55,"No change","Active",3415,"No",2,17,20,2,5,"No","Yes",4,2,"Yes","Mild"
"BER-0103",2024-09-21,"Rangamati","Rajasthali","Local NGO Representative",46,"Female","Tanchangya","Secondary (Class 6-10)",4,10905,3,13.3,2,736,76.7,49,49,"No change","Not participating",1378,"No",3,17,18,4,4,"Yes","Yes",3,2,"No","Moderate"
"BER-0104",2024-10-02,"Khagrachari","Dighinala","Community Forest Management Group",35,"Female","Bengali","Primary (Class 1-5)",4,12561,3,6.8,7,118,92.8,38,43,"Moderately increased","Active",3206,"No",0,5,9,5,5,"Yes","No",3,5,"No","Mild"
"BER-0105",2024-10-15,"Bandarban","Naikhongchhari","Biodiversity Conservation Group (BCG)",36,"Female","Murung","SSC/Equivalent",7,14157,1,3.9,11,166,55.1,44,46,"Slightly decreased","Active",911,"Yes",5,11,15,3,3,"Yes","No",1,5,"Yes","Moderate"
"BER-0106",2024-09-09,"Khagrachari","Guimara","Community Leader/Headman",27,"Male","Tripura","Primary (Class 1-5)",6,13217,4,9,10,335,79.5,40,55,"No change","Active",4806,"No",2,14,16,3,4,"Yes","Yes",5,5,"Yes","Moderate"
"BER-0107",2024-09-17,"Khagrachari","Guimara","Youth Eco-Entrepreneur",46,"Male","Chakma","No formal education",5,10268,4,10.1,1,516,93.6,21,35,"Slightly decreased","Not participating",2857,"No",3,5,10,5,4,"Under development","Yes",4,4,"No","Moderate"
"BER-0108",2024-10-12,"Bandarban","Ruma","Community Leader/Headman",51,"Female","Bengali","Primary (Class 1-5)",5,9930,2,7.1,5,239,81.5,41,48,"Significantly increased","Not participating",4198,"No",3,13,14,3,3,"No","No",3,4,"Yes","Moderate"
"BER-0109",2024-10-12,"Bandarban","Bandarban Sadar","Biodiversity Conservation Group (BCG)",32,"Male","Chakma","SSC/Equivalent",3,9249,3,7.3,4,148,78.3,29,38,"Slightly decreased","Not participating",4886,"Yes",4,11,11,4,2,"Yes","Yes",5,4,"Yes","No impact observed"
"BER-0110",2024-10-01,"Khagrachari","Dighinala","Biodiversity Conservation Group (BCG)",57,"Male","Bawm","Secondary (Class 6-10)",4,13817,4,6.2,7,542,82,58,74,"Significantly decreased","Occasional",2160,"No",1,8,14,3,5,"No","No",4,3,"Yes","Severe"
"BER-0111",2024-10-25,"Khagrachari","Dighinala","Community Forest Management Group",34,"Male","Marma","SSC/Equivalent",7,14099,4,7.2,10,103,75.2,62,69,"No change","Not participating",3081,"Yes",4,10,14,3,4,"Yes","No",4,3,"Yes","Moderate"
"BER-0112",2024-11-11,"Rangamati","Barkal","Community Forest Management Group",36,"Male","Marma","SSC/Equivalent",5,8909,1,2,11,554,70.9,57,62,"Significantly increased","Active",4955,"No",3,8,13,3,5,"Yes","Yes",5,2,"Yes","Mild"
"BER-0113",2024-11-26,"Khagrachari","Dighinala","Community Leader/Headman",37,"Female","Tripura","No formal education",5,5593,1,2.8,9,329,88.7,27,30,"Moderately increased","Active",1638,"No",0,16,20,4,4,"Under development","Yes",5,5,"Yes","Mild"
"BER-0114",2024-10-22,"Khagrachari","Guimara","Biodiversity Conservation Group (BCG)",44,"Male","Marma","No formal education",4,17434,1,11.7,10,236,48,15,19,"Moderately increased","Occasional",2905,"Yes",2,13,15,5,4,"Yes","No",3,3,"Yes","Moderate"
"BER-0115",2024-09-06,"Rangamati","Belaichhari","Community Leader/Headman",56,"Male","Chak","No formal education",5,17084,3,4.5,7,180,75.8,41,53,"No change","Occasional",3097,"Yes",2,12,16,3,5,"Yes","Yes",5,4,"Yes","Mild"
"BER-0116",2024-10-31,"Rangamati","Belaichhari","Community Leader/Headman",39,"Female","Marma","Primary (Class 1-5)",5,15582,2,13.7,7,237,39.5,11,19,"No change","Active",2946,"No",3,6,10,4,4,"Under development","No",5,5,"No","Mild"
"BER-0117",2024-09-26,"Rangamati","Naniarchar","Local NGO Representative",38,"Female","Tanchangya","Secondary (Class 6-10)",2,6222,1,4.7,6,231,49.7,17,20,"Moderately increased","Active",3708,"No",4,12,15,5,4,"Yes","No",4,5,"No","Moderate"
"BER-0118",2024-10-11,"Bandarban","Bandarban Sadar","Community Forest Management Group",26,"Male","Lushai","Primary (Class 1-5)",3,11631,2,11.7,5,277,79.6,36,40,"Moderately increased","Active",3187,"No",3,5,8,2,5,"Yes","No",3,4,"Yes","Moderate"
"BER-0119",2024-09-22,"Bandarban","Thanchi","Biodiversity Conservation Group (BCG)",38,"Female","Marma","SSC/Equivalent",6,19532,3,4.2,8,115,86.4,32,34,"Slightly decreased","Active",4468,"No",2,9,12,5,4,"Yes","Yes",5,4,"No","No impact observed"
"BER-0120",2024-10-17,"Rangamati","Naniarchar","Local NGO Representative",33,"Female","Chakma","No formal education",7,18942,2,14.4,6,267,80.1,40,50,"Slightly decreased","Occasional",2557,"No",1,14,17,2,5,"Yes","Yes",4,3,"Yes","Moderate"
"BER-0121",2024-10-20,"Khagrachari","Khagrachari Sadar","Community Forest Management Group",46,"Male","Marma","Secondary (Class 6-10)",4,3500,4,9.6,8,458,75.9,10,17,"Slightly decreased","Not participating",4901,"No",2,6,9,3,4,"No","No",4,4,"Yes","Moderate"
"BER-0122",2024-10-05,"Bandarban","Thanchi","Youth Eco-Entrepreneur",49,"Male","Chak","No formal education",7,7102,2,12,4,174,73.2,29,30,"Moderately increased","Active",4725,"Yes",3,10,12,4,2,"Yes","No",4,2,"Yes","No impact observed"
"BER-0123",2024-10-19,"Khagrachari","Khagrachari Sadar","Biodiversity Conservation Group (BCG)",31,"Male","Chak","Primary (Class 1-5)",4,11421,3,9.9,3,183,83.4,42,50,"Significantly increased","Active",3980,"No",1,15,20,4,4,"No","Yes",4,3,"Yes","Moderate"
"BER-0124",2024-11-23,"Bandarban","Rowangchhari","Community Forest Management Group",39,"Male","Bengali","SSC/Equivalent",5,20640,2,8.2,14,458,60.4,50,59,"Significantly increased","Occasional",1012,"No",3,17,20,3,4,"Yes","No",4,5,"No","Severe"
"BER-0125",2024-11-01,"Bandarban","Ruma","Community Forest Management Group",34,"Male","Khumi","Graduate and above",3,15853,2,5.9,6,211,74.1,37,44,"Moderately increased","Active",3291,"Yes",3,7,11,4,4,"Yes","Yes",5,4,"Yes","Mild"
"BER-0126",2024-10-20,"Bandarban","Ruma","Community Forest Management Group",30,"Male","Marma","SSC/Equivalent",3,16072,4,6.6,6,184,85.2,70,78,"Significantly increased","Not participating",3942,"No",3,12,15,2,2,"Under development","No",3,4,"Yes","Moderate"
"BER-0127",2024-09-25,"Khagrachari","Dighinala","Biodiversity Conservation Group (BCG)",48,"Male","Chakma","HSC/Equivalent",5,17009,2,9.4,4,470,71.1,59,66,"Moderately increased","Not participating",3566,"No",1,10,12,2,3,"No","Yes",4,2,"Yes","Moderate"
"BER-0128",2024-11-07,"Khagrachari","Panchhari","Biodiversity Conservation Group (BCG)",56,"Male","Marma","Primary (Class 1-5)",2,15190,4,14.7,5,449,61.7,60,72,"Moderately increased","Occasional",3532,"Yes",1,15,19,2,5,"Under development","No",4,4,"Yes","No impact observed"
"BER-0129",2024-10-31,"Rangamati","Belaichhari","Community Forest Management Group",37,"Male","Tripura","Primary (Class 1-5)",4,17094,3,9.5,9,263,62.7,30,33,"Moderately increased","Active",1519,"Yes",1,16,20,4,5,"Yes","No",4,4,"Yes","Mild"
"BER-0130",2024-10-26,"Khagrachari","Khagrachari Sadar","Biodiversity Conservation Group (BCG)",49,"Male","Marma","No formal education",3,12314,4,15.8,8,277,75.8,49,66,"No change","Active",2762,"No",0,6,12,3,5,"Yes","Yes",5,2,"Yes","Mild"
"BER-0131",2024-09-17,"Rangamati","Kaptai","Youth Eco-Entrepreneur",26,"Male","Marma","Primary (Class 1-5)",6,14633,3,10.5,8,122,69.9,48,53,"Significantly increased","Not participating",1126,"No",1,8,13,4,4,"Under development","Yes",3,4,"Yes","Severe"
"BER-0132",2024-11-24,"Bandarban","Ruma","Biodiversity Conservation Group (BCG)",54,"Female","Chak","Secondary (Class 6-10)",4,17521,3,6.4,10,376,85.8,58,68,"Slightly decreased","Active",2063,"Yes",2,13,19,4,3,"No","No",5,4,"Yes","Severe"
"BER-0133",2024-09-22,"Rangamati","Baghaichhari","Youth Eco-Entrepreneur",42,"Female","Lushai","Secondary (Class 6-10)",7,18180,3,8.4,9,299,90.4,44,60,"Significantly increased","Not participating",4180,"Yes",1,17,20,5,4,"Yes","No",4,4,"Yes","Moderate"
"BER-0134",2024-10-22,"Bandarban","Ruma","Youth Eco-Entrepreneur",41,"Female","Chakma","Primary (Class 1-5)",5,12116,2,12.2,2,540,57.6,48,54,"Moderately increased","Occasional",3303,"No",2,10,13,4,5,"Under development","Yes",5,2,"Yes","Mild"
"BER-0135",2024-10-20,"Rangamati","Rajasthali","Forest Department Staff",34,"Female","Chakma","No formal education",5,11871,4,8.2,13,187,64.8,43,55,"Moderately increased","Active",4972,"Yes",4,5,6,1,1,"Under development","No",3,3,"No","Severe"
"BER-0136",2024-11-19,"Bandarban","Rowangchhari","Community Leader/Headman",44,"Male","Chakma","No formal education",6,10574,3,11.1,8,453,96.1,22,38,"Moderately increased","Not participating",4988,"No",1,18,20,4,4,"No","No",3,4,"No","Mild"
"BER-0137",2024-09-12,"Khagrachari","Panchhari","Youth Eco-Entrepreneur",31,"Female","Marma","No formal education",3,11540,1,12.7,7,291,67.4,39,42,"Slightly decreased","Occasional",488,"No",2,10,13,4,2,"No","No",5,4,"Yes","Moderate"
"BER-0138",2024-09-30,"Rangamati","Kaptai","Youth Eco-Entrepreneur",49,"Female","Murung","Primary (Class 1-5)",5,7357,2,3.9,4,231,60.5,39,47,"No change","Not participating",4835,"No",5,14,19,3,5,"Under development","No",4,5,"Yes","Mild"
"BER-0139",2024-10-11,"Rangamati","Belaichhari","Community Forest Management Group",19,"Male","Tripura","Primary (Class 1-5)",6,11445,3,7.9,7,273,86.5,38,56,"Significantly decreased","Active",2640,"No",0,13,18,5,5,"Yes","No",5,5,"No","No impact observed"
"BER-0140",2024-11-25,"Khagrachari","Khagrachari Sadar","Community Forest Management Group",34,"Male","Chakma","SSC/Equivalent",6,14276,2,11,5,408,67.7,19,26,"Moderately increased","Not participating",3714,"Yes",5,5,10,4,4,"Yes","Yes",4,5,"Yes","No impact observed"
"BER-0141",2024-09-25,"Bandarban","Bandarban Sadar","Community Forest Management Group",26,"Male","Chakma","Secondary (Class 6-10)",6,15084,2,2.2,8,189,84.1,19,28,"Significantly increased","Occasional",4695,"No",2,7,9,5,5,"Yes","No",5,4,"Yes","Mild"
"BER-0142",2024-10-07,"Khagrachari","Dighinala","Forest Department Staff",33,"Male","Chakma","Secondary (Class 6-10)",4,9070,3,17.1,2,405,86.7,29,41,"Slightly decreased","Active",1807,"Yes",3,16,19,2,4,"Yes","No",5,4,"Yes","Mild"
"BER-0143",2024-10-08,"Rangamati","Naniarchar","Community Forest Management Group",33,"Male","Tripura","Secondary (Class 6-10)",4,3613,3,9.7,8,309,85.1,20,34,"Moderately increased","Active",4313,"No",3,11,15,3,2,"Yes","No",4,5,"Yes","No impact observed"
"BER-0144",2024-09-29,"Khagrachari","Panchhari","Biodiversity Conservation Group (BCG)",32,"Male","Chakma","Secondary (Class 6-10)",3,7062,3,5.9,9,67,55.7,59,71,"Moderately increased","Occasional",1191,"No",4,12,15,1,5,"Yes","No",5,3,"No","Moderate"
"BER-0145",2024-10-16,"Rangamati","Kaptai","Biodiversity Conservation Group (BCG)",43,"Male","Chakma","Primary (Class 1-5)",2,17554,3,16.6,4,173,62.1,20,26,"Significantly increased","Active",3192,"Yes",4,7,12,4,3,"Yes","Yes",4,5,"No","Moderate"
"BER-0146",2024-11-27,"Bandarban","Thanchi","Biodiversity Conservation Group (BCG)",39,"Male","Marma","No formal education",5,10281,1,10.7,4,436,68.4,61,66,"Moderately increased","Not participating",1909,"No",2,17,20,2,4,"Yes","No",3,3,"No","Severe"
"BER-0147",2024-09-25,"Rangamati","Naniarchar","Youth Eco-Entrepreneur",38,"Male","Bawm","No formal education",5,18816,3,13.6,5,350,56.8,73,83,"No change","Active",1351,"No",0,8,12,4,5,"Yes","No",2,4,"Yes","Moderate"
"BER-0148",2024-11-01,"Rangamati","Naniarchar","Community Forest Management Group",34,"Male","Tripura","Secondary (Class 6-10)",5,14745,2,4.4,9,287,73,36,43,"Moderately increased","Occasional",600,"No",2,9,11,4,5,"No","No",1,5,"Yes","No impact observed"
"BER-0149",2024-11-08,"Rangamati","Barkal","Local NGO Representative",26,"Female","Tripura","Primary (Class 1-5)",5,16171,1,10.5,7,246,62,33,32,"Significantly decreased","Not participating",1876,"Yes",0,7,13,3,5,"No","Yes",4,5,"No","No impact observed"
"BER-0150",2024-10-30,"Khagrachari","Panchhari","Community Leader/Headman",31,"Female","Chakma","Secondary (Class 6-10)",5,16657,3,8.6,6,327,90.1,45,55,"Significantly decreased","Not participating",4812,"No",1,12,15,2,2,"No","No",4,1,"Yes","Moderate"
"BER-0151",2024-10-13,"Khagrachari","Panchhari","Community Leader/Headman",40,"Female","Chakma","Secondary (Class 6-10)",5,11474,1,8,9,561,92.6,49,52,"Moderately increased","Not participating",2798,"No",0,7,12,4,4,"Under development","No",4,5,"Yes","Severe"
"BER-0152",2024-11-03,"Khagrachari","Dighinala","Youth Eco-Entrepreneur",18,"Female","Tanchangya","HSC/Equivalent",4,14153,1,11,4,346,76.5,41,43,"No change","Not participating",2654,"Yes",4,5,10,3,4,"Yes","No",4,4,"Yes","Moderate"
"BER-0153",2024-10-16,"Rangamati","Barkal","Youth Eco-Entrepreneur",38,"Female","Tripura","Secondary (Class 6-10)",6,9385,4,13.3,5,351,64.1,55,63,"Moderately increased","Occasional",1826,"No",4,10,15,3,2,"Under development","No",3,3,"No","Moderate"
"BER-0154",2024-09-21,"Khagrachari","Khagrachari Sadar","Biodiversity Conservation Group (BCG)",49,"Female","Marma","Primary (Class 1-5)",4,14000,1,6.5,6,249,58.2,30,33,"No change","Active",1007,"No",1,2,7,4,3,"Yes","Yes",4,4,"Yes","Moderate"
"BER-0155",2024-09-20,"Khagrachari","Ramgarh","Biodiversity Conservation Group (BCG)",47,"Male","Chakma","Graduate and above",5,12226,3,8,8,231,65,38,50,"Moderately increased","Not participating",400,"Yes",3,10,11,4,4,"Yes","Yes",4,4,"Yes","Severe"
"BER-0156",2024-10-13,"Bandarban","Rowangchhari","Youth Eco-Entrepreneur",39,"Female","Marma","SSC/Equivalent",5,12444,2,12.3,5,375,66.8,58,64,"Moderately increased","Active",2604,"Yes",4,11,14,3,3,"Yes","No",3,4,"No","Moderate"
"BER-0157",2024-10-19,"Rangamati","Naniarchar","Local NGO Representative",22,"Female","Bawm","Primary (Class 1-5)",7,7502,2,6.3,5,50,61.9,56,58,"Moderately increased","Occasional",2690,"No",2,17,19,5,5,"Yes","No",3,4,"Yes","No impact observed"
"BER-0158",2024-11-26,"Rangamati","Belaichhari","Biodiversity Conservation Group (BCG)",41,"Male","Bengali","Primary (Class 1-5)",5,15931,2,10.7,9,285,81.1,19,22,"Significantly increased","Not participating",4206,"Yes",3,11,16,4,4,"Yes","No",5,5,"Yes","Moderate"
"BER-0159",2024-09-21,"Rangamati","Barkal","Community Forest Management Group",59,"Female","Chakma","No formal education",4,12805,4,0.5,6,192,70.1,18,28,"Slightly decreased","Occasional",4704,"No",2,7,9,3,5,"Yes","Yes",5,5,"Yes","Mild"
"BER-0160",2024-11-14,"Khagrachari","Khagrachari Sadar","Community Forest Management Group",61,"Male","Tanchangya","Secondary (Class 6-10)",2,11501,4,4.6,5,480,52.5,43,49,"Slightly decreased","Active",2908,"No",1,15,19,5,3,"Under development","No",1,3,"No","Severe"
"BER-0161",2024-11-13,"Rangamati","Kaptai","Youth Eco-Entrepreneur",35,"Male","Tanchangya","SSC/Equivalent",5,20394,1,5.7,6,366,69.4,52,54,"Moderately increased","Occasional",2626,"No",3,8,12,4,4,"No","No",5,4,"No","Moderate"
"BER-0162",2024-09-24,"Rangamati","Belaichhari","Biodiversity Conservation Group (BCG)",37,"Male","Marma","SSC/Equivalent",6,15418,1,9.5,7,317,63.8,17,21,"Moderately increased","Active",3634,"No",0,10,14,4,4,"Under development","Yes",3,5,"Yes","Severe"
"BER-0163",2024-10-26,"Khagrachari","Khagrachari Sadar","Biodiversity Conservation Group (BCG)",27,"Male","Lushai","HSC/Equivalent",3,13518,4,4.9,10,512,73.4,37,39,"Significantly increased","Occasional",1075,"Yes",1,14,17,4,2,"Yes","No",4,3,"Yes","Mild"
"BER-0164",2024-09-26,"Rangamati","Baghaichhari","Community Forest Management Group",44,"Female","Bawm","No formal education",5,12748,4,3.2,8,184,77.6,35,43,"Significantly increased","Not participating",3981,"No",4,10,15,1,4,"Under development","No",4,5,"Yes","Severe"
"BER-0165",2024-11-17,"Bandarban","Bandarban Sadar","Community Forest Management Group",27,"Female","Tanchangya","Secondary (Class 6-10)",3,4947,4,12.7,7,343,63.8,33,37,"Moderately increased","Active",3508,"No",2,11,17,4,4,"Yes","No",5,4,"Yes","Moderate"
"BER-0166",2024-10-23,"Khagrachari","Ramgarh","Community Forest Management Group",32,"Male","Tripura","Secondary (Class 6-10)",4,10982,4,18.1,5,328,53.1,51,62,"Moderately increased","Active",2601,"Yes",2,13,15,5,5,"No","Yes",2,4,"No","Moderate"
"BER-0167",2024-10-30,"Rangamati","Barkal","Community Leader/Headman",51,"Female","Tripura","No formal education",6,17832,2,15.3,4,326,93.7,27,36,"Moderately increased","Active",4776,"Yes",0,10,14,3,3,"Under development","No",3,4,"No","Mild"
"BER-0168",2024-09-28,"Rangamati","Naniarchar","Community Forest Management Group",49,"Male","Marma","Primary (Class 1-5)",5,11544,3,6.7,6,274,82.4,45,50,"No change","Occasional",3321,"No",3,4,5,1,3,"Yes","Yes",3,4,"No","Severe"
"BER-0169",2024-10-18,"Bandarban","Thanchi","Community Forest Management Group",50,"Male","Chak","Secondary (Class 6-10)",4,9909,1,5.5,6,445,79.7,47,49,"Moderately increased","Not participating",200,"No",2,15,18,3,5,"Yes","No",4,3,"Yes","Severe"
"BER-0170",2024-09-16,"Bandarban","Naikhongchhari","Community Forest Management Group",54,"Female","Chakma","No formal education",5,5812,2,12.6,6,287,61.5,20,23,"No change","Occasional",1577,"No",3,11,16,4,5,"No","No",3,4,"No","Severe"
"BER-0171",2024-11-13,"Bandarban","Bandarban Sadar","Community Leader/Headman",37,"Female","Tripura","Primary (Class 1-5)",4,17391,3,11.9,5,202,56,32,39,"No change","Not participating",4179,"No",2,8,14,4,1,"Yes","No",4,3,"Yes","Moderate"
"BER-0172",2024-09-11,"Bandarban","Thanchi","Biodiversity Conservation Group (BCG)",30,"Female","Marma","No formal education",6,8712,2,8.8,8,194,68.3,40,50,"Slightly decreased","Active",2997,"Yes",1,8,14,4,4,"Yes","Yes",5,4,"Yes","Moderate"
"BER-0173",2024-10-14,"Khagrachari","Ramgarh","Local NGO Representative",43,"Male","Tanchangya","Secondary (Class 6-10)",6,12054,3,2.2,5,206,62.4,10,18,"Moderately increased","Not participating",2726,"Yes",6,14,18,3,4,"Yes","Yes",5,4,"Yes","Mild"
"BER-0174",2024-11-22,"Khagrachari","Khagrachari Sadar","Forest Department Staff",42,"Male","Tripura","Primary (Class 1-5)",6,13294,4,0.7,12,262,68.9,42,52,"Significantly increased","Active",3121,"Yes",3,5,9,5,3,"No","Yes",3,5,"No","Moderate"
"BER-0175",2024-11-26,"Rangamati","Belaichhari","Community Forest Management Group",18,"Female","Chakma","Secondary (Class 6-10)",5,12997,3,6.1,9,240,65.6,39,51,"Significantly decreased","Occasional",2761,"Yes",2,12,17,3,5,"Yes","No",3,5,"Yes","Mild"
"BER-0176",2024-11-09,"Bandarban","Thanchi","Community Leader/Headman",41,"Female","Murung","HSC/Equivalent",4,10656,1,9.4,1,430,48.4,60,62,"Moderately increased","Active",3841,"No",3,7,9,2,3,"Yes","No",3,4,"Yes","Severe"
"BER-0177",2024-10-01,"Rangamati","Rajasthali","Youth Eco-Entrepreneur",40,"Male","Chakma","No formal education",6,12175,2,13.5,9,628,78.4,58,66,"Significantly increased","Active",2511,"Yes",2,7,10,3,3,"Under development","No",1,5,"No","Severe"
"BER-0178",2024-10-16,"Rangamati","Belaichhari","Youth Eco-Entrepreneur",68,"Male","Marma","HSC/Equivalent",6,10523,4,10.7,5,202,98,38,58,"Moderately increased","Occasional",4520,"No",3,8,12,5,3,"No","No",4,5,"Yes","Moderate"
"BER-0179",2024-11-02,"Khagrachari","Khagrachari Sadar","Community Forest Management Group",42,"Female","Chakma","Secondary (Class 6-10)",4,5023,1,9.7,6,522,61.4,59,60,"Significantly increased","Occasional",3356,"Yes",2,9,14,4,3,"No","No",4,3,"No","No impact observed"
"BER-0180",2024-09-21,"Bandarban","Naikhongchhari","Biodiversity Conservation Group (BCG)",41,"Male","Bengali","Secondary (Class 6-10)",5,10878,1,6.5,3,272,54,36,39,"Moderately increased","Active",4920,"Yes",3,16,18,3,3,"Yes","Yes",4,4,"Yes","Moderate"
"BER-0181",2024-11-26,"Khagrachari","Panchhari","Youth Eco-Entrepreneur",40,"Male","Tripura","SSC/Equivalent",5,11127,2,7.3,6,50,84.3,42,49,"No change","Occasional",5134,"Yes",2,13,19,4,4,"No","Yes",5,4,"No","Moderate"
"BER-0182",2024-10-17,"Khagrachari","Ramgarh","Biodiversity Conservation Group (BCG)",47,"Male","Marma","No formal education",4,14556,3,4.4,10,555,74.2,35,41,"Slightly decreased","Active",2846,"Yes",2,8,14,3,4,"No","No",5,1,"Yes","Moderate"
"BER-0183",2024-10-25,"Rangamati","Naniarchar","Biodiversity Conservation Group (BCG)",18,"Female","Lushai","Primary (Class 1-5)",6,18670,4,3,3,328,79.4,47,63,"Slightly decreased","Not participating",1391,"No",2,11,14,5,4,"Under development","Yes",3,1,"Yes","Moderate"
"BER-0184",2024-09-06,"Khagrachari","Dighinala","Community Forest Management Group",40,"Female","Chakma","SSC/Equivalent",5,11883,2,10,7,167,58.2,28,32,"Significantly increased","Active",3644,"No",2,5,10,5,2,"No","Yes",5,4,"Yes","Severe"
"BER-0185",2024-11-13,"Khagrachari","Khagrachari Sadar","Community Forest Management Group",54,"Male","Marma","SSC/Equivalent",4,12784,2,4.4,7,490,82.8,57,64,"Significantly increased","Active",2874,"Yes",3,8,13,3,3,"Under development","No",5,4,"Yes","Severe"
"BER-0186",2024-11-01,"Khagrachari","Guimara","Community Leader/Headman",46,"Male","Chakma","Primary (Class 1-5)",6,5268,4,16.9,10,367,59.5,24,39,"Moderately increased","Active",3690,"Yes",2,18,20,4,4,"Yes","No",4,5,"Yes","No impact observed"
"BER-0187",2024-11-26,"Bandarban","Thanchi","Community Forest Management Group",37,"Male","Tripura","Primary (Class 1-5)",6,11495,4,12,7,278,71.6,16,27,"Significantly increased","Active",3039,"Yes",4,8,14,3,3,"Under development","Yes",4,5,"Yes","Mild"
"BER-0188",2024-09-07,"Khagrachari","Ramgarh","Forest Department Staff",39,"Female","Chakma","Secondary (Class 6-10)",6,12076,4,13.4,4,253,83.5,51,60,"No change","Occasional",2394,"No",1,9,11,2,5,"Yes","No",2,4,"No","Mild"
"BER-0189",2024-11-17,"Rangamati","Baghaichhari","Community Forest Management Group",54,"Male","Chakma","SSC/Equivalent",6,12517,4,13.9,7,548,79.4,40,57,"Moderately increased","Active",3934,"Yes",6,5,8,3,4,"Yes","No",3,4,"No","Severe"
"BER-0190",2024-11-13,"Rangamati","Naniarchar","Biodiversity Conservation Group (BCG)",41,"Male","Bawm","SSC/Equivalent",7,14492,1,7.9,6,413,71.2,43,47,"Significantly increased","Active",2933,"Yes",5,11,15,3,3,"Yes","No",5,5,"No","Severe"
"BER-0191",2024-10-28,"Rangamati","Belaichhari","Community Forest Management Group",42,"Male","Bawm","No formal education",5,20170,2,11.8,3,209,98,30,35,"Significantly increased","Active",2087,"No",1,14,16,5,1,"Under development","No",2,3,"No","Mild"
"BER-0192",2024-11-26,"Khagrachari","Guimara","Biodiversity Conservation Group (BCG)",41,"Female","Tanchangya","No formal education",5,14489,1,17.5,10,385,39.9,44,46,"Moderately increased","Not participating",2202,"No",3,13,17,4,5,"No","No",3,5,"Yes","Moderate"
"BER-0193",2024-11-13,"Rangamati","Naniarchar","Forest Department Staff",53,"Male","Chakma","Graduate and above",5,15338,3,14.8,9,149,81.1,53,63,"Significantly increased","Occasional",3353,"No",0,10,12,4,3,"Yes","No",4,4,"Yes","Severe"
"BER-0194",2024-11-03,"Bandarban","Ruma","Forest Department Staff",45,"Male","Chakma","Primary (Class 1-5)",6,14773,3,8,8,502,65.9,31,38,"Slightly decreased","Active",2307,"Yes",2,7,10,4,4,"No","No",3,5,"Yes","Moderate"
"BER-0195",2024-11-27,"Rangamati","Naniarchar","Community Forest Management Group",30,"Female","Khumi","SSC/Equivalent",5,15318,1,9.2,10,395,55.5,35,39,"Moderately increased","Active",2101,"Yes",4,10,15,3,3,"Yes","Yes",4,2,"Yes","Mild"
"BER-0196",2024-10-22,"Khagrachari","Dighinala","Biodiversity Conservation Group (BCG)",48,"Female","Tripura","Primary (Class 1-5)",6,13303,4,6.9,9,192,83.3,75,91,"Moderately increased","Active",3751,"Yes",5,12,14,2,5,"Under development","No",5,3,"No","Severe"
"BER-0197",2024-10-27,"Rangamati","Baghaichhari","Biodiversity Conservation Group (BCG)",28,"Female","Tripura","HSC/Equivalent",6,9169,2,15.3,10,266,75.4,35,37,"No change","Active",3431,"Yes",3,3,9,4,4,"No","Yes",4,4,"Yes","Mild"
"BER-0198",2024-10-19,"Rangamati","Belaichhari","Forest Department Staff",54,"Male","Murung","No formal education",2,7217,3,4.6,10,288,85.8,34,46,"No change","Active",4096,"No",3,12,15,3,4,"Under development","No",3,3,"Yes","Moderate"
"BER-0199",2024-11-11,"Bandarban","Bandarban Sadar","Forest Department Staff",50,"Female","Marma","Secondary (Class 6-10)",4,15097,3,4.3,3,97,71.2,52,60,"Significantly increased","Occasional",3129,"Yes",2,8,15,3,3,"Yes","No",5,4,"Yes","Moderate"
"BER-0200",2024-10-12,"Rangamati","Kaptai","Biodiversity Conservation Group (BCG)",45,"Female","Tripura","No formal education",5,16429,2,6.6,6,50,64.5,67,76,"Moderately increased","Occasional",2185,"No",0,14,19,4,2,"Yes","No",4,3,"No","Moderate"
"BER-0201",2024-10-08,"Khagrachari","Khagrachari Sadar","Community Forest Management Group",45,"Male","Marma","Primary (Class 1-5)",5,12652,3,5.9,8,328,73.5,56,65,"Moderately increased","Active",2484,"Yes",1,10,11,3,4,"No","No",3,5,"No","Moderate"
"BER-0202",2024-11-24,"Rangamati","Naniarchar","Biodiversity Conservation Group (BCG)",49,"Male","Tanchangya","Primary (Class 1-5)",6,16126,3,14.7,7,332,76.4,49,61,"Significantly increased","Occasional",1988,"No",4,13,20,4,5,"Yes","Yes",4,4,"Yes","Moderate"
"BER-0203",2024-10-25,"Rangamati","Rajasthali","Biodiversity Conservation Group (BCG)",47,"Female","Tripura","No formal education",5,18069,4,8.9,14,121,86.7,53,79,"Significantly increased","Occasional",3910,"No",1,6,12,5,5,"Yes","No",3,4,"Yes","Moderate"
"BER-0204",2024-09-27,"Rangamati","Naniarchar","Biodiversity Conservation Group (BCG)",40,"Male","Tripura","Primary (Class 1-5)",5,16214,3,8.5,3,366,64.2,55,69,"Significantly increased","Not participating",2872,"Yes",2,16,19,5,5,"Under development","No",4,2,"Yes","No impact observed"
"BER-0205",2024-11-05,"Khagrachari","Panchhari","Community Forest Management Group",47,"Male","Chak","Graduate and above",6,13774,3,9.4,9,313,69.2,27,39,"Significantly increased","Occasional",3855,"No",4,12,16,3,5,"No","No",4,4,"No","Moderate"
"BER-0206",2024-10-09,"Khagrachari","Dighinala","Community Leader/Headman",39,"Male","Bawm","HSC/Equivalent",3,18129,4,11.1,9,228,66,57,62,"Moderately increased","Not participating",3035,"No",2,9,15,2,4,"No","No",3,4,"Yes","Mild"
"BER-0207",2024-10-25,"Bandarban","Thanchi","Local NGO Representative",37,"Female","Chakma","Secondary (Class 6-10)",8,13963,4,5.7,5,276,65.9,61,76,"No change","Not participating",2589,"No",3,8,9,1,4,"Under development","No",3,5,"No","Severe"
"BER-0208",2024-11-19,"Bandarban","Rowangchhari","Youth Eco-Entrepreneur",31,"Male","Bawm","Secondary (Class 6-10)",6,8770,3,8.5,8,254,76.7,33,42,"Significantly increased","Active",2487,"No",1,9,14,4,5,"No","No",3,4,"Yes","Severe"
"BER-0209",2024-09-10,"Rangamati","Rajasthali","Biodiversity Conservation Group (BCG)",44,"Male","Chakma","Secondary (Class 6-10)",8,9553,3,6.2,5,535,62.2,42,63,"Moderately increased","Active",3575,"Yes",5,7,14,3,5,"No","No",3,3,"Yes","Severe"
"BER-0210",2024-11-11,"Bandarban","Thanchi","Community Forest Management Group",39,"Female","Tanchangya","SSC/Equivalent",5,12042,1,4.9,8,191,80.2,51,56,"Moderately increased","Active",3790,"No",1,7,11,3,2,"Yes","No",5,4,"No","Mild"
"BER-0211",2024-11-01,"Bandarban","Thanchi","Local NGO Representative",49,"Female","Chakma","SSC/Equivalent",6,15869,2,0.5,7,379,55.9,50,54,"Moderately increased","Occasional",2836,"No",1,11,11,4,4,"Under development","Yes",3,4,"Yes","Moderate"
"BER-0212",2024-11-08,"Khagrachari","Panchhari","Youth Eco-Entrepreneur",40,"Male","Tripura","Secondary (Class 6-10)",6,13050,1,5.7,8,359,63,69,71,"Slightly decreased","Occasional",4553,"No",1,12,17,5,2,"No","No",5,1,"Yes","Mild"
"BER-0213",2024-09-21,"Rangamati","Belaichhari","Community Forest Management Group",53,"Male","Chakma","Primary (Class 1-5)",5,10722,3,8.3,7,414,71.9,58,69,"Moderately increased","Active",2488,"No",3,17,20,4,3,"No","No",4,4,"Yes","Moderate"
"BER-0214",2024-09-29,"Khagrachari","Ramgarh","Biodiversity Conservation Group (BCG)",36,"Male","Marma","Primary (Class 1-5)",5,14392,4,1.6,9,451,56.2,39,58,"Significantly increased","Occasional",4625,"Yes",3,12,17,1,5,"Yes","Yes",3,5,"No","Moderate"
"BER-0215",2024-10-25,"Khagrachari","Guimara","Community Leader/Headman",23,"Male","Bengali","Primary (Class 1-5)",6,8538,3,8.4,9,303,73.9,42,55,"Moderately increased","Active",5390,"No",2,4,7,4,3,"Yes","No",3,5,"No","Mild"
"BER-0216",2024-11-04,"Khagrachari","Guimara","Community Forest Management Group",36,"Male","Tripura","No formal education",7,15075,2,0.5,9,214,53.5,29,35,"No change","Active",2513,"No",2,11,17,4,4,"Yes","No",3,4,"No","Moderate"
"BER-0217",2024-11-23,"Bandarban","Ruma","Biodiversity Conservation Group (BCG)",62,"Female","Chakma","No formal education",6,11968,2,11.8,7,251,88.9,27,32,"Significantly increased","Active",4540,"Yes",5,10,12,3,2,"Yes","No",4,4,"No","Mild"
"BER-0218",2024-10-08,"Rangamati","Barkal","Community Forest Management Group",50,"Male","Chakma","Primary (Class 1-5)",4,13494,2,11.8,8,437,64.3,39,47,"No change","Active",2998,"No",0,10,13,2,5,"Yes","Yes",4,5,"Yes","Moderate"
"BER-0219",2024-10-21,"Khagrachari","Panchhari","Biodiversity Conservation Group (BCG)",32,"Male","Tripura","SSC/Equivalent",6,18955,2,0.5,5,444,72.5,42,49,"Moderately increased","Occasional",3325,"No",1,8,12,3,3,"Under development","No",5,2,"No","Moderate"
"BER-0220",2024-10-13,"Bandarban","Naikhongchhari","Community Forest Management Group",28,"Male","Chak","Secondary (Class 6-10)",6,10021,2,7.1,6,373,88.9,51,60,"No change","Occasional",1976,"No",5,6,11,5,4,"Yes","No",3,4,"Yes","No impact observed"
"BER-0221",2024-10-23,"Rangamati","Naniarchar","Community Leader/Headman",21,"Male","Chakma","Primary (Class 1-5)",7,13892,2,7.6,5,448,59.1,40,50,"Significantly increased","Occasional",885,"Yes",3,10,13,2,5,"Yes","No",4,4,"Yes","Severe"
"BER-0222",2024-11-10,"Rangamati","Belaichhari","Local NGO Representative",21,"Male","Marma","Primary (Class 1-5)",6,9152,2,2,7,330,59.2,33,34,"Slightly decreased","Active",2515,"Yes",2,10,15,1,4,"Yes","Yes",4,3,"Yes","Severe"
"BER-0223",2024-10-03,"Rangamati","Rajasthali","Biodiversity Conservation Group (BCG)",18,"Female","Chakma","SSC/Equivalent",5,12295,4,3.1,6,535,64.2,50,59,"Moderately increased","Occasional",3216,"Yes",1,8,13,4,5,"Under development","No",5,3,"Yes","Mild"
"BER-0224",2024-10-29,"Bandarban","Rowangchhari","Forest Department Staff",50,"Female","Chakma","HSC/Equivalent",3,16480,4,0.7,8,279,64.5,31,49,"Significantly decreased","Active",3171,"No",5,19,20,4,5,"Yes","Yes",3,4,"Yes","Mild"
"BER-0225",2024-10-10,"Rangamati","Naniarchar","Local NGO Representative",49,"Male","Tripura","No formal education",5,20889,4,8.1,3,425,85.8,52,74,"Significantly increased","Active",2051,"No",1,12,16,2,3,"Yes","No",4,4,"Yes","No impact observed"
"BER-0226",2024-10-23,"Rangamati","Belaichhari","Youth Eco-Entrepreneur",28,"Female","Tanchangya","Primary (Class 1-5)",6,6019,2,9.9,7,452,94.6,33,38,"Moderately increased","Active",1556,"No",5,8,12,5,5,"No","No",4,4,"No","Moderate"
"BER-0227",2024-10-24,"Rangamati","Kaptai","Community Forest Management Group",40,"Female","Chakma","Primary (Class 1-5)",5,17203,3,5.6,4,307,83,26,39,"Significantly increased","Not participating",3506,"No",1,8,13,5,3,"Yes","No",4,5,"Yes","Moderate"
"BER-0228",2024-09-18,"Bandarban","Rowangchhari","Community Leader/Headman",39,"Female","Chakma","Secondary (Class 6-10)",5,13798,4,5,11,235,67.4,10,16,"Slightly decreased","Occasional",5620,"No",1,8,10,2,3,"Yes","No",4,4,"No","Severe"
"BER-0229",2024-11-18,"Bandarban","Ruma","Community Forest Management Group",55,"Male","Chak","Graduate and above",7,12846,4,0.5,6,225,76.8,49,59,"Moderately increased","Active",4004,"No",3,14,19,4,3,"Yes","No",4,4,"Yes","Mild"
"BER-0230",2024-11-27,"Rangamati","Barkal","Community Forest Management Group",25,"Male","Khumi","HSC/Equivalent",5,15960,3,13.9,7,215,79.8,57,67,"Significantly increased","Occasional",1430,"No",4,11,14,3,2,"Yes","No",3,4,"No","Mild"
"BER-0231",2024-10-14,"Khagrachari","Khagrachari Sadar","Biodiversity Conservation Group (BCG)",31,"Male","Chakma","HSC/Equivalent",5,13896,3,6.3,10,213,85.1,41,50,"No change","Not participating",4018,"No",3,13,18,5,4,"Under development","No",2,1,"No","Moderate"
"BER-0232",2024-11-27,"Rangamati","Kaptai","Community Forest Management Group",44,"Male","Marma","Primary (Class 1-5)",6,8868,2,6.5,7,468,69.5,10,16,"Moderately increased","Active",4373,"No",4,10,14,5,4,"Under development","Yes",5,3,"No","Moderate"
"BER-0233",2024-10-05,"Rangamati","Belaichhari","Youth Eco-Entrepreneur",42,"Male","Chakma","HSC/Equivalent",6,16491,2,3.3,7,50,79.4,43,45,"Slightly decreased","Occasional",2880,"No",3,7,12,5,3,"No","Yes",3,2,"Yes","Moderate"
"BER-0234",2024-11-09,"Khagrachari","Guimara","Community Forest Management Group",23,"Female","Chakma","SSC/Equivalent",6,11984,3,5.3,8,371,73.4,32,46,"Significantly decreased","Active",1621,"No",3,10,14,4,2,"No","Yes",4,2,"Yes","No impact observed"
"BER-0235",2024-09-08,"Bandarban","Bandarban Sadar","Youth Eco-Entrepreneur",58,"Female","Chakma","Secondary (Class 6-10)",5,12596,3,9.7,10,374,76.3,53,64,"Moderately increased","Active",2513,"No",1,11,18,4,4,"No","No",2,3,"Yes","Moderate"
"BER-0236",2024-11-10,"Khagrachari","Ramgarh","Biodiversity Conservation Group (BCG)",30,"Male","Marma","Primary (Class 1-5)",4,13195,2,8.4,10,444,93.6,32,37,"Moderately increased","Active",1747,"Yes",4,10,12,3,5,"No","No",5,3,"Yes","Moderate"
"BER-0237",2024-10-22,"Bandarban","Bandarban Sadar","Community Forest Management Group",54,"Male","Chakma","Primary (Class 1-5)",5,12181,3,10,8,622,74.6,23,43,"No change","Active",1949,"No",3,10,14,3,4,"Under development","No",5,4,"Yes","No impact observed"
"BER-0238",2024-10-23,"Rangamati","Naniarchar","Community Forest Management Group",29,"Male","Chakma","No formal education",5,14908,2,8.2,5,269,77.7,46,54,"Significantly increased","Active",2527,"No",1,13,17,5,5,"No","No",5,4,"Yes","Mild"
"BER-0239",2024-11-16,"Rangamati","Barkal","Youth Eco-Entrepreneur",21,"Male","Marma","Primary (Class 1-5)",6,3500,4,6.8,9,234,71.9,48,66,"Slightly decreased","Not participating",4115,"Yes",4,15,17,4,3,"No","Yes",4,5,"Yes","Severe"
"BER-0240",2024-09-29,"Bandarban","Thanchi","Youth Eco-Entrepreneur",30,"Male","Chakma","HSC/Equivalent",5,10361,1,9.4,1,432,78.5,63,67,"No change","Active",200,"No",3,6,11,3,4,"Under development","No",3,5,"No","No impact observed"
"BER-0241",2024-10-03,"Rangamati","Rajasthali","Community Forest Management Group",42,"Female","Chakma","Primary (Class 1-5)",6,11566,3,0.9,4,75,63.5,44,60,"Significantly increased","Active",2064,"Yes",3,16,18,1,3,"Under development","No",4,4,"Yes","Severe"
"BER-0242",2024-10-05,"Rangamati","Belaichhari","Youth Eco-Entrepreneur",43,"Male","Marma","Secondary (Class 6-10)",5,13025,2,10.3,5,267,77,34,42,"Moderately increased","Occasional",2851,"Yes",3,10,13,4,4,"Yes","No",5,5,"No","No impact observed"
"BER-0243",2024-10-03,"Rangamati","Rajasthali","Biodiversity Conservation Group (BCG)",36,"Female","Khumi","No formal education",4,10093,2,7.5,5,323,61.9,23,29,"Moderately increased","Active",3904,"Yes",1,7,12,4,4,"Yes","No",3,4,"Yes","Severe"
"BER-0244",2024-10-02,"Khagrachari","Dighinala","Biodiversity Conservation Group (BCG)",46,"Female","Chakma","No formal education",3,16014,4,9.8,3,281,59.1,39,45,"Moderately increased","Not participating",2584,"No",1,12,17,5,3,"Yes","No",1,3,"Yes","Mild"
"BER-0245",2024-11-12,"Rangamati","Naniarchar","Forest Department Staff",44,"Male","Bawm","Secondary (Class 6-10)",5,11424,2,13.2,9,575,87.1,37,38,"No change","Active",3358,"No",2,3,7,5,5,"Under development","No",2,3,"Yes","Moderate"
"BER-0246",2024-11-01,"Rangamati","Naniarchar","Forest Department Staff",35,"Female","Tanchangya","No formal education",6,4113,4,9.1,8,403,65.5,46,58,"Moderately increased","Active",3336,"No",4,10,15,4,4,"Yes","No",4,4,"Yes","Severe"
"BER-0247",2024-11-14,"Rangamati","Kaptai","Forest Department Staff",46,"Male","Marma","Secondary (Class 6-10)",6,16353,1,2.1,11,489,78.2,51,53,"Slightly decreased","Active",1774,"No",2,8,12,5,5,"Yes","No",2,5,"Yes","No impact observed"
"BER-0248",2024-09-20,"Rangamati","Barkal","Community Forest Management Group",42,"Male","Murung","Secondary (Class 6-10)",6,15377,1,6.3,2,343,71.2,24,25,"Moderately increased","Occasional",4511,"No",3,11,16,5,3,"Under development","Yes",4,2,"Yes","Severe"
"BER-0249",2024-11-13,"Bandarban","Rowangchhari","Biodiversity Conservation Group (BCG)",18,"Female","Chakma","Primary (Class 1-5)",5,12359,4,15.1,9,658,71.3,42,51,"Slightly decreased","Occasional",4183,"No",5,7,13,1,3,"Yes","No",5,3,"Yes","Mild"
"BER-0250",2024-10-16,"Bandarban","Bandarban Sadar","Youth Eco-Entrepreneur",49,"Male","Chakma","Secondary (Class 6-10)",6,13109,1,9.9,6,211,75,40,42,"Moderately increased","Occasional",3814,"Yes",1,9,15,2,4,"Yes","No",3,5,"Yes","Mild"
"BER-0251",2024-11-02,"Bandarban","Rowangchhari","Biodiversity Conservation Group (BCG)",58,"Male","Marma","Graduate and above",4,11675,3,5.2,6,270,59.7,60,66,"No change","Occasional",4588,"Yes",5,5,10,1,5,"Yes","No",4,4,"Yes","No impact observed"
"BER-0252",2024-11-22,"Khagrachari","Khagrachari Sadar","Community Leader/Headman",54,"Female","Tanchangya","Graduate and above",5,18783,4,3.3,4,304,87.4,37,46,"Slightly decreased","Not participating",1578,"No",0,15,18,4,3,"Under development","No",4,5,"No","Moderate"
"BER-0253",2024-11-26,"Rangamati","Barkal","Biodiversity Conservation Group (BCG)",39,"Male","Murung","SSC/Equivalent",6,16200,3,14.7,4,203,82.8,47,54,"Moderately increased","Not participating",2785,"Yes",4,13,16,2,5,"No","No",3,5,"Yes","Mild"
"BER-0254",2024-11-01,"Khagrachari","Panchhari","Youth Eco-Entrepreneur",37,"Male","Marma","Graduate and above",5,19595,3,12,11,395,54.4,45,58,"Significantly decreased","Active",1848,"No",3,10,14,5,2,"Yes","No",4,4,"Yes","Severe"
"BER-0255",2024-09-22,"Bandarban","Rowangchhari","Biodiversity Conservation Group (BCG)",44,"Male","Tripura","Secondary (Class 6-10)",6,15725,2,8.8,7,334,64.4,41,50,"Moderately increased","Active",2407,"No",5,7,10,3,2,"Yes","No",2,3,"Yes","Moderate"
"BER-0256",2024-10-15,"Bandarban","Thanchi","Biodiversity Conservation Group (BCG)",31,"Female","Chakma","No formal education",6,9898,2,5,3,359,38.8,32,42,"Moderately increased","Active",3076,"No",3,7,9,3,5,"Yes","No",5,3,"No","Moderate"
"BER-0257",2024-11-18,"Rangamati","Kaptai","Biodiversity Conservation Group (BCG)",31,"Male","Tripura","Graduate and above",6,15097,4,13.5,5,363,71.2,42,54,"Moderately increased","Active",3019,"No",3,11,15,5,5,"Under development","No",3,4,"Yes","Severe"
"BER-0258",2024-11-12,"Rangamati","Barkal","Biodiversity Conservation Group (BCG)",60,"Male","Lushai","SSC/Equivalent",4,18596,3,16.7,8,375,64.7,48,54,"No change","Active",3579,"No",3,8,11,2,5,"Yes","No",3,4,"Yes","Moderate"
"BER-0259",2024-10-04,"Bandarban","Bandarban Sadar","Biodiversity Conservation Group (BCG)",45,"Male","Chakma","Primary (Class 1-5)",7,11422,4,5.4,8,492,58.7,40,50,"Slightly decreased","Active",2400,"No",6,16,18,3,3,"Yes","Yes",4,4,"Yes","Moderate"
"BER-0260",2024-10-06,"Bandarban","Naikhongchhari","Youth Eco-Entrepreneur",47,"Male","Bawm","No formal education",7,7916,2,10.9,7,471,79.8,33,41,"Significantly increased","Not participating",3516,"No",2,5,8,2,5,"Yes","No",4,4,"Yes","Severe"
"BER-0261",2024-11-06,"Khagrachari","Panchhari","Community Forest Management Group",44,"Female","Chakma","Primary (Class 1-5)",8,5757,2,13,8,50,71,29,32,"Significantly increased","Occasional",3125,"Yes",3,12,14,3,4,"No","No",4,4,"No","Moderate"
"BER-0262",2024-09-17,"Bandarban","Rowangchhari","Community Forest Management Group",27,"Male","Marma","SSC/Equivalent",7,3500,3,7.1,9,376,56.6,45,54,"Significantly increased","Active",3537,"No",2,9,13,2,5,"Under development","No",3,4,"Yes","Moderate"
"BER-0263",2024-09-24,"Bandarban","Bandarban Sadar","Youth Eco-Entrepreneur",28,"Male","Chakma","No formal education",4,11767,2,11.6,12,368,78.8,43,49,"No change","Active",3675,"No",5,10,16,4,4,"Yes","No",3,5,"Yes","Mild"
"BER-0264",2024-09-29,"Rangamati","Belaichhari","Forest Department Staff",56,"Male","Marma","No formal education",5,18360,1,4.8,5,314,66.3,54,56,"Significantly decreased","Active",1200,"No",4,9,13,3,2,"Yes","Yes",3,2,"Yes","Severe"
"BER-0265",2024-11-08,"Rangamati","Naniarchar","Forest Department Staff",27,"Female","Marma","Primary (Class 1-5)",5,8784,2,3.8,8,281,64.1,42,51,"No change","Active",3769,"Yes",4,8,9,3,5,"Yes","Yes",2,2,"Yes","Moderate"
"BER-0266",2024-10-07,"Rangamati","Rajasthali","Local NGO Representative",32,"Female","Marma","SSC/Equivalent",5,10299,3,10.5,4,142,96.1,57,65,"Slightly decreased","Not participating",2795,"Yes",3,12,16,3,5,"Yes","Yes",4,4,"No","Severe"
"BER-0267",2024-09-13,"Rangamati","Kaptai","Biodiversity Conservation Group (BCG)",40,"Female","Khumi","Primary (Class 1-5)",6,4791,2,9.9,1,374,90.2,69,73,"Moderately increased","Active",3983,"No",4,15,20,1,3,"Under development","No",2,4,"Yes","Moderate"
"BER-0268",2024-11-06,"Bandarban","Rowangchhari","Community Forest Management Group",43,"Male","Tripura","No formal education",6,12763,3,8.8,7,374,56.3,26,36,"Moderately increased","Occasional",3004,"No",2,6,11,4,3,"Yes","No",4,4,"Yes","No impact observed"
"BER-0269",2024-09-20,"Rangamati","Baghaichhari","Youth Eco-Entrepreneur",51,"Male","Chak","Secondary (Class 6-10)",5,16597,2,8.1,4,124,59.2,60,69,"No change","Active",1710,"No",3,14,18,2,4,"Under development","No",3,4,"Yes","Mild"
"BER-0270",2024-10-27,"Bandarban","Rowangchhari","Community Forest Management Group",44,"Male","Chakma","Graduate and above",5,18027,4,11.5,1,322,90.4,33,50,"Moderately increased","Not participating",5656,"No",5,10,15,4,5,"Under development","No",2,5,"No","Moderate"
"BER-0271",2024-10-19,"Khagrachari","Khagrachari Sadar","Local NGO Representative",32,"Male","Marma","HSC/Equivalent",2,13609,4,9.2,12,439,64.9,27,36,"Moderately increased","Occasional",5272,"Yes",0,8,13,1,4,"Yes","No",2,3,"Yes","Mild"
"BER-0272",2024-11-14,"Bandarban","Ruma","Youth Eco-Entrepreneur",40,"Female","Chakma","Secondary (Class 6-10)",3,12340,3,10.7,6,291,68.2,25,31,"Moderately increased","Active",3192,"No",1,8,11,5,4,"Yes","No",1,3,"No","Moderate"
"BER-0273",2024-11-21,"Rangamati","Belaichhari","Biodiversity Conservation Group (BCG)",33,"Male","Murung","Primary (Class 1-5)",5,9951,1,12.1,5,351,61.6,35,39,"Significantly increased","Not participating",2333,"No",3,7,10,4,4,"Yes","Yes",3,4,"Yes","Mild"
"BER-0274",2024-09-05,"Rangamati","Kaptai","Community Forest Management Group",27,"Female","Tanchangya","SSC/Equivalent",4,12236,3,11,10,193,73.7,52,65,"Moderately increased","Occasional",2784,"No",1,7,12,2,4,"No","No",5,5,"Yes","Severe"
"BER-0275",2024-10-24,"Bandarban","Ruma","Biodiversity Conservation Group (BCG)",32,"Female","Marma","Graduate and above",6,9803,3,7.9,7,254,63.3,66,71,"Significantly decreased","Occasional",2948,"No",1,5,7,5,4,"Under development","Yes",5,4,"Yes","Mild"
"BER-0276",2024-09-21,"Khagrachari","Dighinala","Forest Department Staff",39,"Female","Murung","Primary (Class 1-5)",5,15676,2,12.1,5,110,85.9,34,38,"Moderately increased","Active",2995,"Yes",1,8,11,4,5,"Yes","Yes",3,5,"Yes","Moderate"
"BER-0277",2024-09-22,"Rangamati","Belaichhari","Youth Eco-Entrepreneur",30,"Male","Tanchangya","Secondary (Class 6-10)",7,11740,2,0.5,9,438,71.3,52,56,"Moderately increased","Active",3051,"No",3,9,13,3,3,"No","No",5,3,"Yes","Mild"
"BER-0278",2024-09-08,"Khagrachari","Dighinala","Community Forest Management Group",30,"Female","Tripura","SSC/Equivalent",5,14335,3,9.6,7,68,65.7,25,30,"Significantly increased","Active",3380,"Yes",1,3,8,4,4,"Under development","Yes",5,4,"Yes","Moderate"
"BER-0279",2024-09-14,"Khagrachari","Panchhari","Community Leader/Headman",35,"Female","Bengali","Secondary (Class 6-10)",5,14085,2,8.6,5,391,67.6,51,58,"Significantly decreased","Active",5009,"No",3,8,15,4,3,"No","No",1,4,"Yes","Moderate"
"BER-0280",2024-09-08,"Bandarban","Bandarban Sadar","Local NGO Representative",44,"Male","Tripura","Secondary (Class 6-10)",5,18305,4,3.7,7,614,61,64,66,"Significantly decreased","Not participating",3647,"No",3,10,15,3,4,"Yes","No",2,3,"Yes","Severe"
"BER-0281",2024-10-22,"Rangamati","Kaptai","Local NGO Representative",40,"Female","Chakma","HSC/Equivalent",5,14896,3,0.9,5,467,82.9,55,69,"Moderately increased","Occasional",2118,"No",1,11,15,3,4,"Yes","Yes",4,4,"Yes","Moderate"
"BER-0282",2024-10-17,"Khagrachari","Ramgarh","Biodiversity Conservation Group (BCG)",48,"Female","Chakma","Primary (Class 1-5)",6,14206,4,7.2,11,78,77.1,49,66,"Moderately increased","Occasional",4424,"Yes",3,12,15,1,4,"Yes","Yes",5,3,"Yes","Moderate"
"BER-0283",2024-10-22,"Rangamati","Belaichhari","Community Forest Management Group",44,"Male","Chakma","Primary (Class 1-5)",5,18959,1,3.5,7,206,56.4,56,59,"Moderately increased","Active",3619,"No",4,8,15,5,3,"Yes","No",5,4,"Yes","Moderate"
"BER-0284",2024-11-24,"Bandarban","Bandarban Sadar","Biodiversity Conservation Group (BCG)",39,"Male","Chakma","Secondary (Class 6-10)",5,12097,2,12.3,4,319,51.9,46,53,"No change","Occasional",2364,"Yes",0,11,15,3,3,"Yes","No",5,4,"Yes","Mild"
"BER-0285",2024-10-11,"Khagrachari","Khagrachari Sadar","Community Forest Management Group",59,"Male","Tripura","SSC/Equivalent",4,17716,3,13.5,7,339,84,16,28,"Slightly decreased","Not participating",3676,"Yes",2,14,18,5,5,"Yes","No",3,4,"Yes","Moderate"
"BER-0286",2024-10-10,"Khagrachari","Dighinala","Youth Eco-Entrepreneur",41,"Male","Tanchangya","Secondary (Class 6-10)",5,8869,4,7.8,9,239,59.1,47,51,"Slightly decreased","Active",2140,"No",2,8,13,4,5,"Yes","No",5,5,"Yes","Mild"
"BER-0287",2024-11-15,"Khagrachari","Guimara","Community Forest Management Group",26,"Female","Chakma","SSC/Equivalent",3,13658,1,9.8,7,169,66.3,28,33,"Significantly decreased","Active",1500,"No",3,12,14,4,4,"Yes","Yes",4,3,"No","Mild"
"BER-0288",2024-11-03,"Bandarban","Naikhongchhari","Youth Eco-Entrepreneur",52,"Female","Marma","HSC/Equivalent",5,14156,3,5.6,9,443,67.8,69,77,"No change","Occasional",3167,"No",3,11,14,1,4,"Yes","No",4,4,"Yes","Moderate"
"BER-0289",2024-10-24,"Rangamati","Barkal","Local NGO Representative",40,"Female","Lushai","Primary (Class 1-5)",4,11539,2,10.7,10,221,78.5,57,64,"Moderately increased","Active",4092,"No",4,7,12,4,5,"Yes","No",4,4,"Yes","Moderate"
"BER-0290",2024-11-25,"Rangamati","Rajasthali","Community Forest Management Group",27,"Female","Tanchangya","SSC/Equivalent",4,7598,4,11.1,7,270,70.3,23,32,"Moderately increased","Active",3654,"No",1,5,7,4,1,"Yes","Yes",4,5,"Yes","Mild"
"BER-0291",2024-09-26,"Rangamati","Rajasthali","Biodiversity Conservation Group (BCG)",32,"Male","Bawm","Primary (Class 1-5)",4,17632,1,9.3,6,289,53,48,50,"Slightly decreased","Occasional",4041,"No",6,10,14,4,3,"Yes","No",4,2,"Yes","Mild"
"BER-0292",2024-10-29,"Khagrachari","Ramgarh","Community Forest Management Group",33,"Male","Chakma","Primary (Class 1-5)",4,11039,2,8.8,7,401,75.6,46,54,"Moderately increased","Active",2183,"No",5,9,12,1,5,"Yes","No",2,4,"Yes","No impact observed"
"BER-0293",2024-11-09,"Rangamati","Naniarchar","Community Leader/Headman",40,"Female","Tanchangya","Graduate and above",4,3500,2,8.3,5,320,61.1,38,42,"Moderately increased","Active",3031,"No",2,15,20,2,4,"Yes","No",5,5,"Yes","Moderate"
"BER-0294",2024-11-10,"Bandarban","Bandarban Sadar","Biodiversity Conservation Group (BCG)",48,"Male","Chakma","No formal education",6,17232,2,9.1,3,216,67.9,49,61,"Significantly increased","Not participating",2717,"No",3,5,9,3,4,"Under development","No",2,5,"No","Severe"
"BER-0295",2024-09-18,"Khagrachari","Ramgarh","Biodiversity Conservation Group (BCG)",66,"Female","Marma","HSC/Equivalent",5,17335,3,10.8,6,326,75.1,40,55,"Slightly decreased","Active",2178,"Yes",2,6,9,5,3,"Yes","No",3,4,"Yes","No impact observed"
"BER-0296",2024-11-21,"Khagrachari","Ramgarh","Biodiversity Conservation Group (BCG)",53,"Male","Bawm","No formal education",5,17858,4,7.7,10,143,80.9,57,70,"Moderately increased","Active",2601,"Yes",3,8,13,3,5,"Yes","Yes",5,4,"Yes","Mild"
"BER-0297",2024-09-23,"Bandarban","Rowangchhari","Community Leader/Headman",39,"Male","Tanchangya","No formal education",3,18960,4,18,7,121,66.9,57,75,"Slightly decreased","Not participating",1331,"No",5,12,16,4,5,"Yes","No",3,4,"No","Moderate"
"BER-0298",2024-09-14,"Bandarban","Rowangchhari","Community Forest Management Group",47,"Male","Bawm","HSC/Equivalent",6,17903,2,7.5,9,537,78.2,44,52,"No change","Active",1792,"Yes",6,16,17,4,4,"Yes","No",4,1,"No","No impact observed"
"BER-0299",2024-09-09,"Bandarban","Rowangchhari","Youth Eco-Entrepreneur",18,"Male","Marma","Primary (Class 1-5)",5,10813,1,9.6,6,318,72.2,15,18,"Significantly increased","Occasional",3394,"No",1,11,15,4,4,"No","Yes",3,4,"No","Severe"
"BER-0300",2024-11-02,"Bandarban","Naikhongchhari","Biodiversity Conservation Group (BCG)",23,"Female","Marma","Primary (Class 1-5)",6,9083,1,19,8,438,89.8,37,42,"Significantly increased","Active",2354,"No",3,17,18,3,5,"Yes","No",3,1,"No","Mild"
"BER-0301",2024-09-23,"Rangamati","Belaichhari","Biodiversity Conservation Group (BCG)",18,"Female","Tripura","Graduate and above",7,10147,4,6.6,7,382,83.2,10,20,"No change","Active",3692,"No",3,7,11,4,5,"Yes","Yes",4,4,"Yes","No impact observed"
"BER-0302",2024-10-01,"Rangamati","Kaptai","Community Forest Management Group",49,"Female","Marma","SSC/Equivalent",7,8638,4,11.8,6,77,67.3,60,56,"Significantly increased","Not participating",2248,"Yes",1,11,14,4,5,"Yes","No",3,4,"Yes","No impact observed"
"BER-0303",2024-09-14,"Bandarban","Ruma","Community Leader/Headman",49,"Female","Marma","SSC/Equivalent",8,14263,1,6.7,8,307,86.9,42,45,"Slightly decreased","Occasional",3351,"No",2,11,14,1,4,"Yes","No",5,5,"Yes","Severe"
"BER-0304",2024-09-15,"Rangamati","Kaptai","Local NGO Representative",38,"Female","Lushai","No formal education",4,4463,2,8.7,1,525,98,54,62,"No change","Not participating",1191,"No",2,9,12,3,3,"No","Yes",4,4,"Yes","Moderate"
"BER-0305",2024-10-17,"Rangamati","Barkal","Community Forest Management Group",42,"Female","Chakma","Primary (Class 1-5)",3,15347,4,7.3,2,379,69.2,47,69,"Significantly increased","Occasional",2902,"No",2,5,9,2,4,"Yes","No",3,4,"Yes","Severe"
"BER-0306",2024-11-01,"Bandarban","Naikhongchhari","Community Forest Management Group",43,"Male","Tanchangya","SSC/Equivalent",6,3500,3,7.4,12,462,95.9,51,64,"Moderately increased","Active",3916,"No",5,3,6,5,5,"Yes","No",4,5,"Yes","Severe"
"BER-0307",2024-10-07,"Rangamati","Baghaichhari","Youth Eco-Entrepreneur",45,"Female","Chakma","No formal education",3,15029,4,12.5,8,155,73.9,59,81,"Moderately increased","Occasional",1855,"Yes",2,9,12,5,4,"Yes","No",5,5,"Yes","Moderate"
"BER-0308",2024-10-27,"Rangamati","Naniarchar","Community Forest Management Group",45,"Male","Chakma","Secondary (Class 6-10)",6,12381,4,6.9,5,490,84.6,33,46,"Moderately increased","Active",4617,"No",2,8,13,3,5,"Yes","No",4,4,"No","Severe"
"BER-0309",2024-10-06,"Bandarban","Bandarban Sadar","Biodiversity Conservation Group (BCG)",32,"Male","Marma","SSC/Equivalent",4,15567,3,1.3,5,358,92.4,35,43,"Significantly decreased","Not participating",3185,"No",6,6,10,2,4,"Yes","No",3,4,"No","Severe"
"BER-0310",2024-10-02,"Rangamati","Baghaichhari","Youth Eco-Entrepreneur",42,"Male","Murung","Secondary (Class 6-10)",7,11213,1,10.1,2,361,91.6,39,43,"No change","Active",3557,"Yes",3,13,20,2,5,"Under development","No",5,2,"No","No impact observed"
"BER-0311",2024-09-08,"Khagrachari","Dighinala","Community Forest Management Group",28,"Female","Bengali","Secondary (Class 6-10)",6,9016,3,9.8,5,532,47.9,36,45,"Moderately increased","Active",4651,"No",2,11,14,4,4,"Yes","No",3,3,"Yes","No impact observed"
"BER-0312",2024-10-15,"Rangamati","Naniarchar","Biodiversity Conservation Group (BCG)",39,"Male","Marma","HSC/Equivalent",5,11922,3,7.8,10,452,56,40,50,"Slightly decreased","Active",2152,"Yes",3,13,17,2,5,"Yes","No",2,1,"Yes","Moderate"
"BER-0313",2024-11-15,"Khagrachari","Dighinala","Community Forest Management Group",39,"Male","Bengali","SSC/Equivalent",3,4946,4,18.6,4,440,76.2,42,52,"No change","Active",2880,"Yes",5,6,9,4,3,"Under development","Yes",4,4,"Yes","Moderate"
"BER-0314",2024-10-17,"Rangamati","Barkal","Community Forest Management Group",35,"Female","Chakma","Secondary (Class 6-10)",4,7518,3,15.3,5,188,71.9,10,27,"No change","Active",5076,"No",3,6,12,4,5,"Yes","No",3,3,"Yes","Mild"
"BER-0315",2024-09-26,"Khagrachari","Guimara","Biodiversity Conservation Group (BCG)",46,"Female","Chakma","No formal education",5,8411,2,11.4,10,406,79.2,52,57,"Significantly increased","Not participating",2038,"Yes",3,10,13,1,5,"Yes","No",2,4,"Yes","Moderate"
"BER-0316",2024-10-31,"Rangamati","Belaichhari","Local NGO Representative",39,"Female","Bengali","Secondary (Class 6-10)",5,13680,2,0.5,5,117,69.5,60,64,"Slightly decreased","Not participating",1931,"Yes",4,9,11,2,3,"Yes","No",4,4,"Yes","Moderate"
"BER-0317",2024-11-02,"Khagrachari","Ramgarh","Biodiversity Conservation Group (BCG)",27,"Male","Marma","SSC/Equivalent",4,11632,4,10.6,9,425,80.6,34,36,"Moderately increased","Not participating",849,"Yes",0,7,9,2,2,"No","No",4,4,"Yes","Severe"
"BER-0318",2024-10-15,"Bandarban","Bandarban Sadar","Biodiversity Conservation Group (BCG)",42,"Female","Murung","No formal education",5,17811,2,16.9,5,600,77.1,31,38,"Significantly increased","Not participating",2798,"Yes",2,9,14,1,4,"No","No",3,3,"Yes","Severe"
"BER-0319",2024-10-08,"Khagrachari","Panchhari","Community Forest Management Group",44,"Male","Marma","Secondary (Class 6-10)",5,3500,4,8.5,4,310,75.6,49,61,"Moderately increased","Active",3368,"No",6,8,10,3,4,"Yes","No",5,4,"No","Severe"
"BER-0320",2024-09-14,"Rangamati","Baghaichhari","Community Forest Management Group",38,"Male","Tripura","SSC/Equivalent",3,11618,1,9.7,7,242,95.1,34,38,"Moderately increased","Active",2253,"No",4,12,15,3,4,"Yes","No",4,4,"Yes","Moderate"
"BER-0321",2024-10-14,"Bandarban","Rowangchhari","Biodiversity Conservation Group (BCG)",39,"Male","Tripura","No formal education",7,14957,3,5.9,7,510,66.9,32,48,"Moderately increased","Active",3256,"Yes",2,11,17,4,2,"Yes","No",4,3,"Yes","Severe"
"BER-0322",2024-11-26,"Khagrachari","Panchhari","Community Forest Management Group",43,"Female","Marma","No formal education",5,13668,3,3.1,6,260,53.7,46,50,"Moderately increased","Active",2789,"No",2,10,13,5,4,"Under development","Yes",4,5,"Yes","Mild"
"BER-0323",2024-10-15,"Khagrachari","Panchhari","Community Forest Management Group",37,"Female","Chak","No formal education",5,16059,1,7.2,3,187,89,64,65,"No change","Active",4474,"No",2,13,16,3,5,"Under development","Yes",1,5,"Yes","Moderate"
"BER-0324",2024-10-27,"Bandarban","Bandarban Sadar","Community Leader/Headman",56,"Male","Marma","Primary (Class 1-5)",5,3500,4,6.2,5,413,62.1,56,66,"No change","Active",2862,"Yes",2,10,14,1,5,"Yes","No",2,4,"Yes","Mild"
"BER-0325",2024-10-04,"Bandarban","Thanchi","Youth Eco-Entrepreneur",25,"Male","Chakma","Secondary (Class 6-10)",3,18719,2,5,9,339,80.8,41,47,"Slightly decreased","Active",4281,"No",3,5,8,4,5,"No","Yes",5,4,"Yes","Severe"
"BER-0326",2024-11-02,"Khagrachari","Dighinala","Local NGO Representative",40,"Male","Tripura","Primary (Class 1-5)",5,11314,2,11.5,5,359,59.7,25,29,"Slightly decreased","Occasional",4465,"No",1,8,12,1,3,"Yes","No",4,3,"Yes","Severe"
"BER-0327",2024-10-23,"Bandarban","Thanchi","Local NGO Representative",40,"Male","Tripura","SSC/Equivalent",4,16432,3,10.8,4,523,53.4,29,28,"No change","Active",2895,"No",3,9,11,4,4,"Yes","Yes",4,3,"Yes","Severe"
"BER-0328",2024-10-06,"Khagrachari","Panchhari","Biodiversity Conservation Group (BCG)",40,"Female","Marma","Secondary (Class 6-10)",5,18392,3,8.7,8,202,86.7,42,58,"Slightly decreased","Occasional",2360,"No",4,9,14,3,5,"Under development","Yes",5,4,"Yes","No impact observed"
"BER-0329",2024-11-19,"Rangamati","Kaptai","Biodiversity Conservation Group (BCG)",49,"Male","Marma","SSC/Equivalent",5,3529,2,11.4,6,246,61.2,25,30,"Moderately increased","Occasional",2451,"No",3,10,16,5,5,"No","No",4,4,"Yes","No impact observed"
"BER-0330",2024-09-09,"Bandarban","Rowangchhari","Community Forest Management Group",38,"Male","Tripura","HSC/Equivalent",4,9329,2,3.8,6,353,63.1,37,47,"Significantly increased","Active",2362,"No",4,15,19,5,5,"Yes","Yes",3,5,"Yes","Moderate"
"BER-0331",2024-11-10,"Rangamati","Belaichhari","Biodiversity Conservation Group (BCG)",48,"Male","Chakma","Secondary (Class 6-10)",4,14112,3,6.4,3,189,77.8,36,48,"No change","Occasional",4241,"No",4,7,11,2,2,"Under development","No",5,1,"No","Mild"
"BER-0332",2024-10-04,"Bandarban","Bandarban Sadar","Biodiversity Conservation Group (BCG)",41,"Female","Marma","Primary (Class 1-5)",5,13657,3,9,10,347,63.2,31,40,"Slightly decreased","Active",1766,"Yes",0,5,9,3,5,"No","No",5,5,"Yes","Mild"
"BER-0333",2024-11-21,"Bandarban","Thanchi","Biodiversity Conservation Group (BCG)",39,"Female","Marma","Secondary (Class 6-10)",5,18038,3,8.9,7,198,77.2,39,51,"Moderately increased","Not participating",597,"No",3,14,17,2,5,"Yes","Yes",3,2,"No","Moderate"
"BER-0334",2024-11-22,"Rangamati","Naniarchar","Community Forest Management Group",41,"Female","Marma","Primary (Class 1-5)",6,15176,4,8.9,8,243,86.7,50,61,"Slightly decreased","Occasional",3017,"Yes",1,10,14,3,5,"Yes","No",5,5,"Yes","Moderate"
"BER-0335",2024-09-22,"Bandarban","Ruma","Forest Department Staff",62,"Female","Chakma","SSC/Equivalent",6,16754,1,6.3,12,101,41.2,35,40,"Significantly increased","Occasional",3326,"Yes",2,10,14,4,2,"Yes","No",4,4,"No","Severe"
"BER-0336",2024-09-16,"Rangamati","Barkal","Biodiversity Conservation Group (BCG)",44,"Male","Chakma","Graduate and above",4,15828,4,9,5,398,62.2,50,55,"No change","Active",1732,"No",4,13,19,4,3,"No","No",5,4,"Yes","Mild"
"BER-0337",2024-11-25,"Rangamati","Kaptai","Biodiversity Conservation Group (BCG)",42,"Male","Tripura","HSC/Equivalent",5,10622,1,11.2,12,389,81.6,63,66,"Moderately increased","Occasional",2658,"No",3,14,18,4,4,"Under development","No",1,5,"Yes","Severe"
"BER-0338",2024-10-17,"Khagrachari","Guimara","Biodiversity Conservation Group (BCG)",44,"Female","Chakma","Primary (Class 1-5)",7,17288,1,11.1,7,116,52.5,45,48,"Moderately increased","Active",2483,"No",3,1,5,4,4,"No","No",5,3,"No","Moderate"
"BER-0339",2024-11-09,"Khagrachari","Panchhari","Youth Eco-Entrepreneur",40,"Female","Tripura","Primary (Class 1-5)",5,7332,3,14.9,10,669,93.9,44,56,"No change","Active",551,"Yes",2,11,15,4,4,"Yes","No",2,3,"Yes","No impact observed"
"BER-0340",2024-10-03,"Khagrachari","Ramgarh","Biodiversity Conservation Group (BCG)",52,"Female","Chakma","Graduate and above",2,17652,4,6.1,6,493,89.6,14,23,"Moderately increased","Active",4314,"No",4,11,12,5,3,"Yes","No",4,4,"Yes","No impact observed"
"BER-0341",2024-09-06,"Khagrachari","Guimara","Community Leader/Headman",39,"Male","Chakma","Primary (Class 1-5)",3,15741,3,16.1,4,349,87,59,74,"Moderately increased","Occasional",4180,"No",4,9,12,4,3,"Yes","No",5,4,"Yes","No impact observed"
"BER-0342",2024-09-18,"Khagrachari","Ramgarh","Youth Eco-Entrepreneur",51,"Female","Tanchangya","SSC/Equivalent",5,14050,1,7.3,5,257,73.9,38,40,"Moderately increased","Active",3861,"Yes",2,11,15,3,4,"Under development","Yes",5,4,"Yes","Moderate"
"BER-0343",2024-11-03,"Khagrachari","Panchhari","Biodiversity Conservation Group (BCG)",19,"Male","Marma","Primary (Class 1-5)",5,15484,3,14.5,12,224,98,57,61,"No change","Occasional",2112,"Yes",4,9,11,3,4,"No","Yes",3,3,"Yes","Severe"
"BER-0344",2024-10-21,"Khagrachari","Panchhari","Community Forest Management Group",43,"Male","Chakma","No formal education",4,10259,3,9,5,228,69.5,61,72,"Moderately increased","Active",2440,"No",2,10,13,1,4,"Yes","No",4,4,"No","Mild"
"BER-0345",2024-10-29,"Bandarban","Bandarban Sadar","Biodiversity Conservation Group (BCG)",28,"Male","Lushai","Graduate and above",5,6575,1,5.4,10,319,44.2,69,73,"No change","Occasional",2671,"Yes",3,12,16,3,5,"Under development","No",5,5,"Yes","Mild"
"BER-0346",2024-09-22,"Rangamati","Belaichhari","Community Forest Management Group",37,"Male","Lushai","SSC/Equivalent",6,18023,3,0.5,9,579,81.7,46,52,"Moderately increased","Active",1118,"No",1,11,15,1,4,"Yes","No",4,3,"Yes","Moderate"
"BER-0347",2024-10-15,"Khagrachari","Panchhari","Community Leader/Headman",59,"Male","Tripura","Secondary (Class 6-10)",4,13821,3,6.8,14,504,70.6,19,30,"Moderately increased","Not participating",2162,"No",3,9,12,3,4,"Yes","No",4,4,"Yes","Mild"
"BER-0348",2024-10-06,"Bandarban","Bandarban Sadar","Biodiversity Conservation Group (BCG)",51,"Male","Lushai","Primary (Class 1-5)",4,22946,1,7.7,4,445,66.3,44,46,"Moderately increased","Active",1307,"No",3,11,15,1,4,"Yes","No",5,5,"Yes","Mild"
"BER-0349",2024-11-05,"Khagrachari","Panchhari","Community Leader/Headman",48,"Female","Murung","Graduate and above",5,19258,3,3.1,6,364,67.4,41,48,"Significantly increased","Occasional",2979,"No",3,12,16,4,4,"Yes","Yes",4,4,"No","No impact observed"
"BER-0350",2024-09-25,"Bandarban","Bandarban Sadar","Biodiversity Conservation Group (BCG)",49,"Male","Tripura","Primary (Class 1-5)",4,17859,3,4.7,9,267,70.8,46,47,"Significantly increased","Active",2691,"No",0,13,16,2,4,"Yes","No",4,4,"Yes","Mild"
"BER-0351",2024-09-19,"Khagrachari","Guimara","Community Leader/Headman",34,"Male","Tripura","Primary (Class 1-5)",3,4624,3,9.4,6,313,68.4,42,51,"No change","Occasional",2181,"No",1,8,11,3,5,"Yes","Yes",3,1,"No","Mild"
"BER-0352",2024-09-10,"Bandarban","Bandarban Sadar","Community Forest Management Group",39,"Female","Marma","Secondary (Class 6-10)",9,17430,2,6,8,229,65.7,19,24,"Moderately increased","Occasional",2878,"No",5,6,8,3,3,"No","No",5,4,"Yes","Moderate"
"BER-0353",2024-09-30,"Rangamati","Barkal","Community Leader/Headman",23,"Male","Bengali","SSC/Equivalent",6,13831,4,5.1,6,184,80.1,53,65,"Moderately increased","Not participating",4160,"Yes",4,15,19,3,5,"No","No",5,4,"No","Mild"
"BER-0354",2024-10-23,"Khagrachari","Ramgarh","Biodiversity Conservation Group (BCG)",50,"Male","Tanchangya","SSC/Equivalent",5,15122,2,9.8,9,610,85.7,62,66,"Moderately increased","Occasional",1319,"Yes",2,7,10,4,3,"No","Yes",4,3,"Yes","Mild"
"BER-0355",2024-11-04,"Khagrachari","Guimara","Youth Eco-Entrepreneur",45,"Female","Marma","Primary (Class 1-5)",7,13191,3,9.4,7,265,77.2,59,74,"Moderately increased","Active",3523,"Yes",3,11,16,2,4,"Yes","No",2,5,"No","Mild"
"BER-0356",2024-09-21,"Rangamati","Naniarchar","Youth Eco-Entrepreneur",54,"Female","Tripura","No formal education",6,13123,3,4.8,10,411,90.9,47,64,"Moderately increased","Active",2387,"Yes",3,16,20,5,4,"Yes","No",3,4,"Yes","Mild"
"BER-0357",2024-10-16,"Rangamati","Naniarchar","Forest Department Staff",40,"Male","Marma","HSC/Equivalent",5,14089,3,8.4,5,409,59.9,54,56,"Significantly increased","Not participating",1931,"No",3,12,15,1,3,"Under development","No",4,3,"Yes","Mild"
"BER-0358",2024-10-08,"Khagrachari","Ramgarh","Biodiversity Conservation Group (BCG)",29,"Male","Chak","SSC/Equivalent",5,19252,2,5.3,6,120,77.2,28,35,"Moderately increased","Occasional",2512,"Yes",3,10,15,2,5,"Under development","No",4,5,"No","Moderate"
"BER-0359",2024-09-22,"Rangamati","Belaichhari","Biodiversity Conservation Group (BCG)",30,"Female","Tripura","No formal education",7,15060,3,8.2,10,281,78.8,58,66,"Moderately increased","Active",3366,"No",2,11,14,3,4,"Yes","No",5,4,"Yes","No impact observed"
"BER-0360",2024-11-06,"Rangamati","Naniarchar","Community Leader/Headman",47,"Female","Marma","SSC/Equivalent",6,18146,3,0.5,5,421,63,49,62,"Significantly increased","Active",2673,"Yes",1,7,11,4,4,"Yes","Yes",5,4,"Yes","Moderate"
"BER-0361",2024-09-10,"Bandarban","Ruma","Community Forest Management Group",30,"Female","Tanchangya","HSC/Equivalent",3,9881,1,10.1,1,345,70.5,32,35,"Slightly decreased","Occasional",4875,"Yes",0,16,18,3,4,"Yes","No",5,4,"Yes","Mild"
"BER-0362",2024-11-11,"Rangamati","Rajasthali","Biodiversity Conservation Group (BCG)",44,"Male","Chakma","Primary (Class 1-5)",5,16972,1,17.3,11,245,69.3,47,49,"Significantly increased","Not participating",3314,"Yes",2,17,20,4,4,"No","No",4,4,"Yes","Moderate"
"BER-0363",2024-11-20,"Khagrachari","Dighinala","Community Leader/Headman",39,"Male","Khumi","Secondary (Class 6-10)",3,12608,1,13.8,10,192,67.2,49,51,"Moderately increased","Active",1493,"Yes",6,15,20,1,5,"No","No",4,3,"Yes","Mild"
"BER-0364",2024-11-26,"Bandarban","Ruma","Forest Department Staff",46,"Male","Tripura","SSC/Equivalent",3,10121,2,12.6,5,446,64.9,34,43,"No change","Active",2594,"Yes",1,16,20,2,4,"No","No",5,4,"Yes","Mild"
"BER-0365",2024-10-27,"Khagrachari","Khagrachari Sadar","Community Forest Management Group",25,"Male","Chakma","HSC/Equivalent",5,14111,3,6.6,5,270,76.6,34,45,"Moderately increased","Occasional",4410,"Yes",1,8,13,2,5,"Yes","No",5,5,"Yes","Moderate"
"BER-0366",2024-10-15,"Rangamati","Kaptai","Biodiversity Conservation Group (BCG)",30,"Male","Tanchangya","SSC/Equivalent",6,4059,2,0.5,8,50,68.5,70,79,"Significantly decreased","Not participating",3146,"No",3,9,13,4,5,"Under development","No",5,4,"Yes","Moderate"
"BER-0367",2024-10-24,"Khagrachari","Ramgarh","Biodiversity Conservation Group (BCG)",45,"Female","Chakma","SSC/Equivalent",4,15851,4,1.2,9,288,98,30,36,"Moderately increased","Active",3969,"Yes",0,8,12,2,4,"Yes","Yes",4,5,"Yes","Mild"
"BER-0368",2024-10-01,"Rangamati","Baghaichhari","Local NGO Representative",62,"Female","Marma","Secondary (Class 6-10)",5,10079,3,11.5,5,347,59.7,35,50,"No change","Active",3418,"No",6,7,8,1,5,"Yes","No",5,1,"No","Moderate"
"BER-0369",2024-11-26,"Rangamati","Baghaichhari","Biodiversity Conservation Group (BCG)",68,"Female","Bengali","Primary (Class 1-5)",5,9738,3,7.6,5,515,37.5,41,47,"Moderately increased","Occasional",2639,"No",1,14,15,5,4,"Under development","No",5,5,"Yes","Severe"
"BER-0370",2024-09-22,"Bandarban","Ruma","Community Forest Management Group",37,"Female","Chakma","Secondary (Class 6-10)",6,17724,2,5.2,4,277,48,46,57,"Moderately increased","Occasional",1326,"No",1,12,13,2,5,"No","No",4,4,"Yes","Severe"
"BER-0371",2024-11-13,"Rangamati","Rajasthali","Youth Eco-Entrepreneur",46,"Female","Tanchangya","SSC/Equivalent",7,15229,3,0.9,3,287,59.2,32,39,"Significantly increased","Not participating",3811,"No",1,9,14,4,4,"Under development","No",3,4,"Yes","Mild"
"BER-0372",2024-11-04,"Rangamati","Barkal","Community Forest Management Group",29,"Female","Tripura","Secondary (Class 6-10)",6,10585,2,17.4,1,381,78.6,22,28,"No change","Active",2982,"Yes",2,13,16,4,4,"No","No",4,3,"Yes","Severe"
"BER-0373",2024-09-24,"Khagrachari","Ramgarh","Community Leader/Headman",41,"Female","Tanchangya","No formal education",3,7132,1,17.8,7,210,58.3,44,47,"Significantly decreased","Occasional",1673,"No",3,10,14,4,3,"Yes","Yes",4,4,"No","Moderate"
"BER-0374",2024-09-26,"Khagrachari","Ramgarh","Forest Department Staff",41,"Female","Khumi","Secondary (Class 6-10)",6,18224,4,6.9,7,399,88.6,60,72,"No change","Active",4668,"No",1,10,15,1,3,"Yes","No",3,4,"Yes","Severe"
"BER-0375",2024-09-28,"Bandarban","Bandarban Sadar","Youth Eco-Entrepreneur",31,"Male","Murung","No formal education",6,10810,3,13.7,9,305,92.1,49,57,"No change","Active",2865,"Yes",2,10,14,4,4,"Under development","Yes",2,3,"No","Mild"
"BER-0376",2024-11-08,"Khagrachari","Guimara","Community Forest Management Group",43,"Male","Marma","Secondary (Class 6-10)",6,17345,4,11.5,2,107,84,28,36,"Moderately increased","Occasional",2943,"Yes",2,15,20,4,4,"Yes","Yes",4,1,"Yes","Severe"
"BER-0377",2024-09-24,"Khagrachari","Guimara","Forest Department Staff",44,"Male","Bengali","Primary (Class 1-5)",5,17164,1,14.1,6,344,53.1,27,30,"Significantly decreased","Active",2119,"No",3,12,15,2,4,"Yes","No",4,2,"Yes","Mild"
"BER-0378",2024-09-21,"Khagrachari","Guimara","Youth Eco-Entrepreneur",43,"Female","Tripura","HSC/Equivalent",6,13452,3,2.9,10,325,98,70,73,"No change","Occasional",4471,"Yes",2,12,17,5,4,"Yes","No",5,4,"Yes","Moderate"
"BER-0379",2024-10-19,"Rangamati","Naniarchar","Community Forest Management Group",49,"Female","Bawm","Primary (Class 1-5)",5,18300,2,5.3,4,284,51.6,55,60,"Moderately increased","Not participating",2132,"No",2,5,8,5,4,"Yes","Yes",4,4,"No","Severe"
"BER-0380",2024-10-13,"Khagrachari","Dighinala","Youth Eco-Entrepreneur",53,"Male","Tripura","Primary (Class 1-5)",4,14940,4,10.7,4,642,80.1,35,53,"Significantly increased","Active",1859,"No",4,16,20,1,2,"No","No",2,2,"Yes","Moderate"
"BER-0381",2024-11-12,"Bandarban","Naikhongchhari","Youth Eco-Entrepreneur",35,"Male","Tripura","Primary (Class 1-5)",6,13370,1,8,8,176,84.2,50,52,"Significantly decreased","Not participating",2999,"Yes",5,13,17,5,4,"Yes","No",3,1,"Yes","Mild"
"BER-0382",2024-11-03,"Bandarban","Bandarban Sadar","Youth Eco-Entrepreneur",23,"Male","Tripura","No formal education",4,13212,1,2.6,3,435,49.4,45,49,"No change","Occasional",2342,"No",2,17,20,2,4,"Yes","No",4,4,"Yes","Moderate"
"BER-0383",2024-09-12,"Khagrachari","Guimara","Youth Eco-Entrepreneur",33,"Female","Chakma","Primary (Class 1-5)",8,14342,4,18,9,441,95.8,49,60,"Moderately increased","Occasional",3186,"Yes",2,14,20,2,4,"Yes","No",4,4,"Yes","Mild"
"BER-0384",2024-11-16,"Rangamati","Kaptai","Community Leader/Headman",45,"Male","Lushai","HSC/Equivalent",4,7264,4,13.3,6,470,69.3,41,45,"Moderately increased","Not participating",3070,"No",4,9,15,3,4,"No","No",3,2,"No","Moderate"
"BER-0385",2024-11-02,"Khagrachari","Ramgarh","Biodiversity Conservation Group (BCG)",41,"Male","Tripura","No formal education",8,8497,3,8.3,10,458,81.2,73,80,"Significantly increased","Active",1698,"No",4,11,15,5,5,"Yes","No",4,3,"No","Moderate"
"BER-0386",2024-10-13,"Bandarban","Rowangchhari","Community Leader/Headman",59,"Male","Marma","Secondary (Class 6-10)",5,14163,1,8.6,10,166,79.9,47,52,"No change","Active",2171,"No",4,14,19,1,4,"Under development","No",1,3,"Yes","Severe"
"BER-0387",2024-09-09,"Bandarban","Ruma","Youth Eco-Entrepreneur",30,"Male","Tripura","Primary (Class 1-5)",7,10895,3,14.6,3,379,67.3,40,49,"Significantly decreased","Active",1347,"No",1,7,8,5,3,"No","No",2,4,"Yes","No impact observed"
"BER-0388",2024-11-14,"Bandarban","Ruma","Biodiversity Conservation Group (BCG)",47,"Female","Tripura","Primary (Class 1-5)",5,16549,2,8.4,6,310,68.1,36,41,"Moderately increased","Occasional",3928,"No",3,17,20,4,3,"Under development","Yes",4,4,"No","Mild"
"BER-0389",2024-11-11,"Bandarban","Bandarban Sadar","Youth Eco-Entrepreneur",26,"Male","Chakma","No formal education",4,5993,1,14.8,1,354,88,49,52,"Significantly increased","Occasional",1246,"Yes",3,16,17,2,4,"No","No",3,5,"No","Moderate"
"BER-0390",2024-11-25,"Rangamati","Naniarchar","Community Forest Management Group",36,"Female","Marma","Graduate and above",5,5649,3,13,9,417,57.9,33,38,"Moderately increased","Active",2253,"Yes",4,9,11,2,5,"Yes","No",4,3,"Yes","Moderate"
"BER-0391",2024-11-11,"Bandarban","Ruma","Local NGO Representative",29,"Male","Marma","Primary (Class 1-5)",5,17109,2,6.9,5,438,68.2,12,19,"Moderately increased","Not participating",3898,"No",3,8,11,4,5,"Under development","No",4,2,"Yes","Moderate"
"BER-0392",2024-10-29,"Rangamati","Naniarchar","Youth Eco-Entrepreneur",50,"Male","Murung","HSC/Equivalent",4,10372,2,6.1,10,337,95.3,65,66,"Significantly increased","Occasional",3011,"No",2,10,16,4,5,"Yes","No",5,3,"Yes","Moderate"
"BER-0393",2024-09-05,"Khagrachari","Khagrachari Sadar","Community Forest Management Group",47,"Male","Marma","HSC/Equivalent",3,11050,3,5.7,2,74,58.6,33,46,"Moderately increased","Occasional",529,"No",4,11,14,3,5,"No","No",4,4,"No","Mild"
"BER-0394",2024-10-26,"Khagrachari","Panchhari","Biodiversity Conservation Group (BCG)",41,"Male","Lushai","Secondary (Class 6-10)",6,5331,3,3,7,129,81.2,28,39,"No change","Occasional",1741,"No",3,13,16,3,5,"Yes","No",3,4,"Yes","Moderate"
"BER-0395",2024-10-22,"Khagrachari","Panchhari","Youth Eco-Entrepreneur",29,"Male","Tripura","Secondary (Class 6-10)",7,18806,3,4.7,9,372,48.1,53,63,"Moderately increased","Occasional",2884,"Yes",2,8,9,1,3,"Yes","No",4,4,"No","No impact observed"
"BER-0396",2024-10-01,"Rangamati","Belaichhari","Biodiversity Conservation Group (BCG)",37,"Male","Murung","HSC/Equivalent",6,6263,4,10.9,11,524,79.3,47,62,"Moderately increased","Not participating",2887,"Yes",3,9,13,5,4,"Yes","No",3,4,"No","Moderate"
"BER-0397",2024-10-01,"Bandarban","Thanchi","Youth Eco-Entrepreneur",37,"Male","Chakma","No formal education",4,19926,2,10,6,342,85,25,30,"Significantly decreased","Active",3264,"No",3,3,8,4,5,"Yes","Yes",5,5,"No","Severe"
"BER-0398",2024-11-12,"Bandarban","Rowangchhari","Local NGO Representative",48,"Male","Bengali","Primary (Class 1-5)",7,4547,3,3.4,12,218,83.4,32,41,"Moderately increased","Active",1921,"No",3,16,20,3,5,"Under development","Yes",4,5,"Yes","Severe"
"BER-0399",2024-11-22,"Bandarban","Thanchi","Community Leader/Headman",22,"Female","Tripura","Secondary (Class 6-10)",6,12419,3,4.2,3,373,67.8,51,64,"Moderately increased","Occasional",2864,"Yes",2,16,20,2,4,"Yes","Yes",3,5,"Yes","Severe"
"BER-0400",2024-11-07,"Bandarban","Naikhongchhari","Community Leader/Headman",42,"Female","Marma","Secondary (Class 6-10)",4,18652,2,8.2,7,190,85.5,43,46,"Significantly increased","Not participating",2780,"No",3,6,13,4,5,"Under development","No",3,4,"Yes","Mild"
"BER-0401",2024-10-12,"Bandarban","Rowangchhari","Youth Eco-Entrepreneur",44,"Female","Chakma","Secondary (Class 6-10)",6,12489,3,9.6,8,403,77.3,64,73,"Moderately increased","Active",2106,"No",2,18,20,4,5,"Under development","Yes",5,4,"Yes","Mild"
"BER-0402",2024-10-23,"Bandarban","Bandarban Sadar","Youth Eco-Entrepreneur",25,"Female","Bawm","No formal education",6,12780,2,5.5,5,339,68.3,26,34,"No change","Occasional",2157,"Yes",3,7,12,2,4,"No","No",4,4,"Yes","Mild"
"BER-0403",2024-10-31,"Rangamati","Naniarchar","Biodiversity Conservation Group (BCG)",42,"Female","Tripura","SSC/Equivalent",4,16573,3,1.4,5,615,61,46,56,"No change","Active",2342,"No",2,12,15,3,5,"Yes","Yes",4,2,"Yes","Mild"
"BER-0404",2024-10-24,"Khagrachari","Panchhari","Youth Eco-Entrepreneur",49,"Female","Marma","Secondary (Class 6-10)",4,10033,4,0.5,4,507,71.4,27,39,"Moderately increased","Active",5305,"Yes",1,8,13,3,5,"Yes","Yes",3,4,"No","Moderate"
"BER-0405",2024-11-20,"Rangamati","Naniarchar","Local NGO Representative",35,"Male","Marma","Secondary (Class 6-10)",6,9838,4,9.7,3,536,98,43,60,"Moderately increased","Occasional",1105,"No",3,11,12,3,4,"Yes","No",4,3,"No","Mild"
"BER-0406",2024-09-05,"Rangamati","Baghaichhari","Community Leader/Headman",40,"Male","Chakma","Primary (Class 1-5)",7,8219,2,9.1,7,198,74.4,52,62,"Moderately increased","Not participating",3114,"No",3,11,14,4,5,"Under development","No",3,3,"No","No impact observed"
"BER-0407",2024-10-30,"Bandarban","Bandarban Sadar","Biodiversity Conservation Group (BCG)",46,"Female","Bengali","Primary (Class 1-5)",4,14476,1,5.1,8,169,70.2,25,28,"No change","Active",2666,"Yes",3,14,17,4,4,"Yes","Yes",5,4,"Yes","Severe"
"BER-0408",2024-10-31,"Bandarban","Thanchi","Community Leader/Headman",26,"Female","Murung","Secondary (Class 6-10)",4,12603,3,5.6,5,337,67.8,20,31,"Significantly increased","Occasional",893,"No",2,8,11,3,3,"Yes","No",3,3,"Yes","Mild"
"BER-0409",2024-10-13,"Bandarban","Ruma","Youth Eco-Entrepreneur",39,"Female","Tanchangya","SSC/Equivalent",4,5778,1,4.9,6,136,64.7,53,56,"No change","Not participating",1663,"Yes",4,13,16,3,3,"Yes","No",2,5,"Yes","No impact observed"
"BER-0410",2024-09-26,"Rangamati","Baghaichhari","Community Forest Management Group",28,"Female","Bengali","Secondary (Class 6-10)",7,20817,4,12,4,397,87.1,24,44,"Slightly decreased","Not participating",2319,"Yes",3,11,16,3,4,"Under development","No",3,3,"No","Severe"
"BER-0411",2024-10-28,"Rangamati","Belaichhari","Biodiversity Conservation Group (BCG)",26,"Male","Marma","Secondary (Class 6-10)",5,15071,2,7.3,6,432,82.6,40,46,"Moderately increased","Active",2999,"No",5,7,10,5,4,"Under development","Yes",2,2,"No","Severe"
"BER-0412",2024-09-16,"Rangamati","Barkal","Community Forest Management Group",58,"Male","Chakma","Primary (Class 1-5)",5,11085,4,8,5,278,70.9,51,60,"No change","Active",4072,"No",3,13,18,3,5,"Yes","Yes",4,5,"Yes","Severe"
"BER-0413",2024-10-16,"Rangamati","Baghaichhari","Community Forest Management Group",38,"Female","Tripura","No formal education",7,18526,3,9.9,6,370,60,50,63,"Moderately increased","Active",2559,"No",4,6,10,3,3,"Yes","Yes",3,4,"Yes","Severe"
"BER-0414",2024-10-13,"Rangamati","Belaichhari","Community Leader/Headman",43,"Male","Marma","Secondary (Class 6-10)",8,17093,1,10.1,8,241,83.9,39,40,"Significantly decreased","Active",2795,"Yes",1,9,17,5,3,"Yes","No",3,4,"No","Moderate"
"BER-0415",2024-11-28,"Khagrachari","Dighinala","Community Forest Management Group",36,"Female","Chakma","HSC/Equivalent",2,7168,4,8.2,6,363,62.4,42,50,"No change","Active",3083,"Yes",3,4,6,4,2,"Yes","No",5,3,"Yes","Severe"
"BER-0416",2024-11-16,"Bandarban","Bandarban Sadar","Biodiversity Conservation Group (BCG)",56,"Male","Tanchangya","Primary (Class 1-5)",5,14564,2,8.2,5,592,58.5,30,33,"No change","Not participating",4222,"No",4,17,20,5,5,"No","Yes",4,4,"Yes","Mild"
"BER-0417",2024-10-03,"Rangamati","Naniarchar","Community Forest Management Group",53,"Male","Bengali","HSC/Equivalent",6,19664,2,10,6,519,43.3,37,43,"Significantly decreased","Not participating",1585,"No",6,8,13,3,5,"No","Yes",2,5,"Yes","Mild"
"BER-0418",2024-09-17,"Bandarban","Bandarban Sadar","Community Leader/Headman",26,"Female","Tripura","HSC/Equivalent",6,6411,3,9.2,4,312,60.3,21,25,"No change","Not participating",1571,"No",2,13,16,2,4,"No","Yes",3,4,"Yes","Mild"
"BER-0419",2024-10-27,"Khagrachari","Panchhari","Biodiversity Conservation Group (BCG)",35,"Female","Tanchangya","No formal education",5,15656,4,7.8,7,221,70.3,46,59,"Significantly increased","Active",3956,"No",1,12,17,5,4,"Yes","No",2,4,"Yes","Moderate"
"BER-0420",2024-10-07,"Khagrachari","Panchhari","Biodiversity Conservation Group (BCG)",50,"Male","Bengali","HSC/Equivalent",6,10076,3,9.5,7,284,76.1,73,80,"Moderately increased","Occasional",1959,"Yes",1,12,17,1,5,"Yes","No",5,4,"Yes","Mild"
"BER-0421",2024-10-08,"Khagrachari","Khagrachari Sadar","Biodiversity Conservation Group (BCG)",53,"Male","Bawm","HSC/Equivalent",7,18629,4,11.3,11,333,70.7,48,60,"No change","Occasional",2751,"No",2,11,15,2,3,"Under development","No",4,5,"Yes","No impact observed"
"BER-0422",2024-09-23,"Bandarban","Ruma","Biodiversity Conservation Group (BCG)",27,"Female","Tripura","Graduate and above",6,5257,3,6.7,5,511,80.5,32,37,"Slightly decreased","Active",3193,"No",1,12,15,5,4,"Yes","Yes",4,3,"Yes","Moderate"
"BER-0423",2024-10-21,"Bandarban","Rowangchhari","Forest Department Staff",51,"Male","Tanchangya","Secondary (Class 6-10)",4,5565,2,5.7,8,182,92.8,68,76,"Significantly increased","Not participating",2233,"Yes",4,5,11,4,5,"Yes","No",4,4,"No","Severe"
"BER-0424",2024-11-21,"Khagrachari","Panchhari","Youth Eco-Entrepreneur",20,"Male","Bengali","Primary (Class 1-5)",3,3500,4,11.8,10,207,86.9,41,50,"Significantly increased","Not participating",2769,"No",6,18,20,1,3,"Yes","No",4,4,"No","Moderate"
"BER-0425",2024-10-04,"Khagrachari","Ramgarh","Biodiversity Conservation Group (BCG)",49,"Male","Khumi","Primary (Class 1-5)",3,10535,3,9.2,9,250,77,62,73,"Moderately increased","Active",2296,"Yes",3,8,12,3,5,"Yes","No",2,3,"Yes","Severe"
"BER-0426",2024-11-13,"Rangamati","Barkal","Forest Department Staff",28,"Male","Murung","Graduate and above",3,11293,4,8.6,4,50,76.3,28,43,"Moderately increased","Not participating",3640,"No",5,9,12,4,4,"No","Yes",4,3,"Yes","Mild"
"BER-0427",2024-10-30,"Rangamati","Belaichhari","Local NGO Representative",36,"Female","Tanchangya","No formal education",6,14141,4,9.4,7,303,85.1,43,49,"No change","Active",4164,"No",1,7,10,3,5,"Yes","Yes",4,4,"Yes","No impact observed"
"BER-0428",2024-09-10,"Khagrachari","Dighinala","Community Forest Management Group",31,"Female","Chakma","Secondary (Class 6-10)",3,14668,3,5.8,7,432,85.9,53,70,"Slightly decreased","Active",3053,"Yes",3,5,9,5,4,"Yes","No",4,4,"Yes","Mild"
"BER-0429",2024-10-17,"Bandarban","Rowangchhari","Community Leader/Headman",30,"Male","Tripura","Secondary (Class 6-10)",5,14682,3,16.8,8,253,76.6,36,46,"Moderately increased","Active",2068,"Yes",2,11,12,2,2,"Yes","No",1,5,"Yes","Severe"
"BER-0430",2024-10-14,"Bandarban","Thanchi","Community Forest Management Group",36,"Male","Tripura","Primary (Class 1-5)",6,23836,2,8.3,3,244,33.8,59,66,"Moderately increased","Active",4055,"No",2,9,12,2,4,"Yes","No",2,3,"Yes","Severe"
"BER-0431",2024-09-17,"Khagrachari","Panchhari","Forest Department Staff",42,"Female","Tanchangya","Graduate and above",6,16276,2,9.6,1,411,78.2,10,18,"Moderately increased","Not participating",3905,"Yes",3,7,10,2,5,"Yes","No",3,2,"Yes","No impact observed"
"BER-0432",2024-10-06,"Rangamati","Kaptai","Community Leader/Headman",45,"Male","Marma","HSC/Equivalent",6,14167,4,14,7,409,55.1,52,64,"Moderately increased","Occasional",5037,"No",3,14,18,5,4,"Under development","No",3,4,"No","Moderate"
"BER-0433",2024-10-11,"Khagrachari","Khagrachari Sadar","Community Forest Management Group",51,"Male","Bengali","Primary (Class 1-5)",5,15616,3,14,2,191,69,59,67,"No change","Active",3567,"No",3,14,17,3,4,"Yes","No",5,5,"Yes","Mild"
"BER-0434",2024-10-31,"Rangamati","Baghaichhari","Community Leader/Headman",26,"Female","Bengali","SSC/Equivalent",6,10894,3,13.6,5,336,54.2,56,81,"Slightly decreased","Active",821,"No",3,8,12,2,5,"Yes","No",3,5,"Yes","Mild"
"BER-0435",2024-09-06,"Bandarban","Bandarban Sadar","Community Forest Management Group",33,"Male","Chakma","Primary (Class 1-5)",5,9502,2,6.2,4,363,70,59,69,"Moderately increased","Not participating",1929,"No",3,8,11,5,3,"Yes","Yes",5,5,"No","No impact observed"
"BER-0436",2024-10-13,"Rangamati","Rajasthali","Biodiversity Conservation Group (BCG)",44,"Female","Marma","Primary (Class 1-5)",5,14494,4,3.2,3,239,98,38,42,"Moderately increased","Occasional",3142,"No",4,6,11,5,4,"Under development","No",3,5,"Yes","Moderate"
"BER-0437",2024-10-04,"Bandarban","Thanchi","Biodiversity Conservation Group (BCG)",38,"Male","Marma","Graduate and above",8,13646,3,6.6,7,174,75.6,70,81,"Moderately increased","Active",2753,"No",2,14,17,3,5,"Under development","No",4,4,"No","Moderate"
"BER-0438",2024-11-04,"Rangamati","Naniarchar","Community Forest Management Group",23,"Male","Bengali","Secondary (Class 6-10)",6,12614,2,9.9,12,359,60.9,36,47,"Moderately increased","Active",3751,"No",6,13,20,4,1,"Yes","No",3,5,"No","No impact observed"
"BER-0439",2024-11-13,"Khagrachari","Ramgarh","Community Forest Management Group",29,"Male","Bawm","Primary (Class 1-5)",3,5996,3,8.3,5,339,76.3,53,60,"Moderately increased","Not participating",1058,"Yes",2,11,15,3,4,"No","No",4,4,"Yes","Moderate"
"BER-0440",2024-11-11,"Khagrachari","Guimara","Biodiversity Conservation Group (BCG)",46,"Male","Chakma","Secondary (Class 6-10)",3,18216,2,11.1,7,461,65.9,41,45,"Moderately increased","Not participating",2437,"No",3,10,14,3,4,"Yes","No",4,4,"Yes","Moderate"
"BER-0441",2024-10-24,"Bandarban","Naikhongchhari","Forest Department Staff",42,"Female","Tanchangya","SSC/Equivalent",6,16536,1,1.2,8,422,61.9,58,61,"Moderately increased","Not participating",2234,"No",4,10,14,4,3,"Under development","No",1,5,"No","Mild"
"BER-0442",2024-10-06,"Rangamati","Baghaichhari","Community Forest Management Group",34,"Male","Chak","Primary (Class 1-5)",4,12196,3,5.1,7,200,98,38,44,"Significantly decreased","Active",2720,"Yes",0,10,15,4,4,"Under development","No",3,5,"No","Severe"
"BER-0443",2024-10-19,"Rangamati","Kaptai","Biodiversity Conservation Group (BCG)",47,"Male","Marma","Graduate and above",3,9426,3,8,4,399,76.1,49,58,"Moderately increased","Not participating",2074,"No",1,11,12,1,3,"Yes","No",4,2,"No","Moderate"
"BER-0444",2024-10-16,"Rangamati","Belaichhari","Forest Department Staff",26,"Male","Chakma","No formal education",4,18432,3,3.9,5,247,74.4,47,58,"Slightly decreased","Active",2052,"No",1,10,14,4,4,"Yes","No",4,5,"Yes","Severe"
"BER-0445",2024-10-06,"Bandarban","Bandarban Sadar","Community Forest Management Group",52,"Male","Tripura","HSC/Equivalent",6,10197,1,8.3,7,67,98,13,14,"Significantly increased","Active",3382,"No",2,13,17,4,3,"No","No",4,4,"Yes","Severe"
"BER-0446",2024-10-03,"Bandarban","Bandarban Sadar","Community Forest Management Group",65,"Male","Chakma","Primary (Class 1-5)",5,6708,2,10.3,6,543,73.8,49,53,"Significantly increased","Active",2061,"Yes",3,5,7,2,4,"Under development","Yes",3,4,"Yes","Mild"
"BER-0447",2024-11-05,"Bandarban","Naikhongchhari","Community Forest Management Group",24,"Male","Marma","Secondary (Class 6-10)",2,14305,3,5.6,4,78,90.4,61,69,"Moderately increased","Occasional",1934,"No",4,4,9,2,2,"Yes","No",5,3,"No","Severe"
"BER-0448",2024-09-29,"Bandarban","Thanchi","Biodiversity Conservation Group (BCG)",31,"Female","Tanchangya","SSC/Equivalent",5,17742,2,7.1,8,227,75.7,32,41,"Significantly increased","Not participating",3142,"No",1,15,19,3,4,"No","No",3,3,"No","Mild"
"BER-0449",2024-09-06,"Rangamati","Rajasthali","Youth Eco-Entrepreneur",43,"Male","Chakma","Secondary (Class 6-10)",5,14322,1,13.3,3,95,88,39,43,"No change","Active",3564,"No",4,17,19,3,4,"Under development","No",2,4,"Yes","No impact observed"
"BER-0450",2024-09-06,"Rangamati","Kaptai","Community Leader/Headman",31,"Male","Marma","Secondary (Class 6-10)",6,12494,3,7.1,6,159,74.1,33,44,"Moderately increased","Active",4794,"No",1,8,11,4,3,"No","No",3,3,"Yes","Moderate"
"BER-0451",2024-09-12,"Bandarban","Ruma","Forest Department Staff",57,"Female","Bengali","Secondary (Class 6-10)",6,8495,4,8.3,8,240,89.5,61,75,"Slightly decreased","Occasional",1718,"No",3,12,17,4,3,"Yes","No",4,4,"Yes","Moderate"
"BER-0452",2024-10-14,"Khagrachari","Guimara","Community Forest Management Group",53,"Female","Tripura","No formal education",5,15104,2,9.8,9,218,75.7,27,34,"Moderately increased","Occasional",3627,"Yes",4,12,13,4,2,"Yes","Yes",5,4,"Yes","Moderate"
"BER-0453",2024-11-08,"Rangamati","Rajasthali","Biodiversity Conservation Group (BCG)",24,"Male","Marma","Primary (Class 1-5)",6,12141,3,3.5,7,157,72.1,19,29,"Moderately increased","Occasional",3129,"No",3,9,14,4,4,"Under development","Yes",4,4,"No","Mild"
"BER-0454",2024-09-28,"Khagrachari","Ramgarh","Youth Eco-Entrepreneur",33,"Female","Chakma","Primary (Class 1-5)",5,12659,4,0.5,8,312,64.2,66,83,"Moderately increased","Active",3400,"Yes",4,11,17,4,4,"Yes","Yes",5,4,"No","Moderate"
"BER-0455",2024-11-03,"Bandarban","Rowangchhari","Forest Department Staff",42,"Male","Bawm","Primary (Class 1-5)",6,14861,1,8.6,3,635,80.9,25,29,"Moderately increased","Active",2105,"No",3,11,17,5,5,"Yes","No",4,4,"Yes","Severe"
"BER-0456",2024-11-12,"Bandarban","Ruma","Youth Eco-Entrepreneur",42,"Female","Chakma","SSC/Equivalent",7,10152,3,13.7,1,452,83,52,61,"Slightly decreased","Active",4811,"No",1,15,20,1,5,"No","No",4,5,"Yes","Severe"
"BER-0457",2024-11-23,"Bandarban","Thanchi","Community Leader/Headman",66,"Male","Tripura","SSC/Equivalent",5,13701,1,13.4,9,347,73.4,59,62,"Significantly decreased","Active",3712,"No",1,9,13,4,4,"Under development","No",3,5,"Yes","Mild"
"BER-0458",2024-11-20,"Rangamati","Kaptai","Youth Eco-Entrepreneur",27,"Female","Chakma","SSC/Equivalent",4,9699,3,10,4,287,58,36,47,"No change","Active",3506,"Yes",3,16,19,3,3,"Yes","No",4,3,"Yes","Severe"
"BER-0459",2024-11-22,"Rangamati","Kaptai","Community Forest Management Group",51,"Male","Marma","Secondary (Class 6-10)",4,18281,4,7.9,2,169,61,48,63,"Moderately increased","Not participating",3850,"No",5,14,19,4,4,"No","No",4,5,"Yes","Moderate"
"BER-0460",2024-09-06,"Khagrachari","Guimara","Community Forest Management Group",26,"Male","Tripura","HSC/Equivalent",6,13765,2,5.3,8,671,70.6,33,40,"No change","Not participating",2496,"No",4,8,12,3,5,"Under development","Yes",4,4,"No","Moderate"
"BER-0461",2024-10-18,"Khagrachari","Dighinala","Youth Eco-Entrepreneur",47,"Female","Marma","SSC/Equivalent",6,18017,3,12.6,1,249,62,64,70,"Moderately increased","Not participating",3880,"No",0,12,17,3,5,"Yes","No",2,5,"No","Mild"
"BER-0462",2024-09-16,"Bandarban","Bandarban Sadar","Community Forest Management Group",38,"Female","Chakma","Primary (Class 1-5)",4,10340,4,10.8,8,574,77,21,26,"Moderately increased","Occasional",424,"Yes",6,13,17,3,5,"No","No",4,3,"Yes","Mild"
"BER-0463",2024-09-26,"Rangamati","Rajasthali","Biodiversity Conservation Group (BCG)",44,"Female","Chakma","Secondary (Class 6-10)",4,19558,2,6.5,5,503,88.1,40,50,"No change","Active",955,"Yes",5,9,11,5,5,"No","Yes",5,2,"Yes","Moderate"
"BER-0464",2024-11-09,"Rangamati","Kaptai","Community Forest Management Group",23,"Male","Tripura","Secondary (Class 6-10)",5,8041,2,0.9,10,280,84.8,53,58,"Significantly increased","Occasional",3004,"No",1,5,9,3,3,"Yes","Yes",4,5,"Yes","Mild"
"BER-0465",2024-11-11,"Khagrachari","Ramgarh","Biodiversity Conservation Group (BCG)",55,"Female","Khumi","Primary (Class 1-5)",6,8509,2,6,4,134,89.2,30,36,"Moderately increased","Active",3208,"Yes",2,12,18,4,4,"No","Yes",5,4,"Yes","No impact observed"
"BER-0466",2024-10-06,"Bandarban","Bandarban Sadar","Community Leader/Headman",28,"Female","Marma","Primary (Class 1-5)",5,9449,3,10.5,6,199,72.6,38,46,"Significantly decreased","Active",1988,"No",2,9,11,4,4,"Yes","Yes",2,4,"Yes","Mild"
"BER-0467",2024-11-16,"Rangamati","Rajasthali","Community Forest Management Group",33,"Male","Tripura","Primary (Class 1-5)",5,13096,3,2.4,7,562,73.7,57,65,"Significantly increased","Occasional",2996,"No",1,9,14,4,5,"Yes","No",3,5,"Yes","Moderate"
"BER-0468",2024-09-17,"Rangamati","Belaichhari","Youth Eco-Entrepreneur",39,"Female","Murung","HSC/Equivalent",7,16270,2,9.4,1,435,83.8,52,58,"Moderately increased","Not participating",3735,"No",2,15,20,3,3,"No","Yes",3,4,"Yes","Severe"
"BER-0469",2024-11-15,"Rangamati","Barkal","Community Leader/Headman",41,"Male","Marma","Secondary (Class 6-10)",7,16879,2,4.4,8,212,80.2,55,58,"Moderately increased","Active",2807,"No",2,7,14,3,3,"Under development","No",4,4,"Yes","Moderate"
"BER-0470",2024-11-09,"Bandarban","Rowangchhari","Youth Eco-Entrepreneur",39,"Male","Chakma","Primary (Class 1-5)",6,16975,4,12,10,214,81.9,31,49,"Significantly increased","Occasional",2022,"No",2,11,17,1,4,"Yes","Yes",3,4,"Yes","Moderate"
"BER-0471",2024-10-08,"Rangamati","Baghaichhari","Community Forest Management Group",29,"Female","Tripura","No formal education",7,11285,3,13.8,8,292,56.9,44,54,"No change","Not participating",4399,"Yes",5,6,10,2,4,"Yes","No",5,4,"Yes","Severe"
"BER-0472",2024-10-18,"Bandarban","Ruma","Biodiversity Conservation Group (BCG)",42,"Male","Tripura","Primary (Class 1-5)",4,10485,4,6.2,8,136,78.4,39,57,"Moderately increased","Active",1203,"No",4,11,16,3,4,"Yes","Yes",5,4,"Yes","Mild"
"BER-0473",2024-10-29,"Rangamati","Rajasthali","Local NGO Representative",37,"Female","Marma","No formal education",6,20024,2,6.2,4,242,75.9,45,50,"Significantly decreased","Not participating",3609,"No",4,12,20,2,3,"No","No",2,3,"Yes","Moderate"
"BER-0474",2024-10-17,"Rangamati","Barkal","Community Forest Management Group",41,"Female","Tanchangya","SSC/Equivalent",4,14025,2,9.1,1,214,79.2,42,48,"Significantly increased","Not participating",3881,"No",2,3,6,5,3,"Under development","No",5,5,"Yes","Moderate"
"BER-0475",2024-11-03,"Khagrachari","Dighinala","Community Forest Management Group",33,"Male","Bengali","Primary (Class 1-5)",6,11441,1,12.3,8,314,95.4,58,59,"Moderately increased","Occasional",2190,"No",2,10,17,5,3,"No","Yes",3,5,"No","Moderate"
"BER-0476",2024-10-15,"Rangamati","Rajasthali","Youth Eco-Entrepreneur",50,"Male","Chakma","No formal education",5,9603,2,10.3,6,341,77.7,35,36,"No change","Active",2340,"Yes",2,11,14,4,5,"Yes","No",2,5,"Yes","Mild"
"BER-0477",2024-10-16,"Bandarban","Naikhongchhari","Biodiversity Conservation Group (BCG)",46,"Male","Tripura","HSC/Equivalent",6,16726,2,12.8,9,239,78.1,34,37,"Significantly increased","Active",2553,"No",1,9,13,4,4,"Yes","No",4,3,"No","Moderate"
"BER-0478",2024-10-10,"Rangamati","Rajasthali","Community Leader/Headman",43,"Female","Marma","Primary (Class 1-5)",9,10311,1,16.1,7,174,62.1,30,33,"Moderately increased","Active",1564,"No",2,14,17,4,4,"No","No",3,3,"Yes","Severe"
"BER-0479",2024-09-27,"Bandarban","Ruma","Community Leader/Headman",38,"Female","Chakma","HSC/Equivalent",5,7251,3,9,6,536,75.2,50,64,"Moderately increased","Active",4723,"No",4,6,9,4,4,"Yes","No",4,5,"Yes","Severe"
"BER-0480",2024-10-03,"Bandarban","Rowangchhari","Biodiversity Conservation Group (BCG)",54,"Male","Marma","Graduate and above",4,10907,1,15.3,13,181,66,40,45,"Slightly decreased","Active",409,"No",3,9,13,5,4,"Yes","No",3,4,"Yes","Moderate"
"BER-0481",2024-11-09,"Bandarban","Naikhongchhari","Community Forest Management Group",37,"Male","Murung","Primary (Class 1-5)",6,9778,4,7.5,1,550,98,77,84,"Significantly increased","Active",2331,"Yes",2,7,10,5,4,"Yes","No",4,2,"Yes","Moderate"
"BER-0482",2024-10-18,"Bandarban","Rowangchhari","Biodiversity Conservation Group (BCG)",36,"Female","Marma","Primary (Class 1-5)",6,8187,3,0.6,9,620,74.6,20,29,"Significantly increased","Not participating",3571,"No",0,4,9,5,4,"Yes","No",4,4,"Yes","Moderate"
"BER-0483",2024-10-08,"Rangamati","Barkal","Biodiversity Conservation Group (BCG)",51,"Male","Chakma","SSC/Equivalent",9,7010,3,9.9,11,254,87.8,35,40,"Moderately increased","Active",3422,"No",2,5,7,5,5,"Under development","No",5,2,"No","Mild"
"BER-0484",2024-10-30,"Rangamati","Rajasthali","Community Forest Management Group",26,"Female","Khumi","Secondary (Class 6-10)",6,16447,2,12.1,8,106,85.4,43,46,"Moderately increased","Occasional",4443,"No",2,7,10,2,4,"Yes","No",2,4,"No","Mild"
"BER-0485",2024-10-20,"Khagrachari","Khagrachari Sadar","Forest Department Staff",37,"Female","Tripura","SSC/Equivalent",5,9721,1,13.4,9,152,85.3,29,32,"No change","Occasional",2047,"No",1,11,14,2,1,"Under development","No",4,5,"No","Moderate"
"BER-0486",2024-09-14,"Khagrachari","Khagrachari Sadar","Youth Eco-Entrepreneur",25,"Male","Bengali","SSC/Equivalent",5,8909,2,6.1,7,492,75.3,50,53,"Significantly increased","Active",486,"No",0,11,11,4,4,"Yes","Yes",3,5,"No","Moderate"
"BER-0487",2024-10-15,"Rangamati","Belaichhari","Biodiversity Conservation Group (BCG)",44,"Male","Tripura","No formal education",7,3976,1,3.6,8,622,55.4,44,47,"Slightly decreased","Occasional",1332,"No",1,8,13,4,4,"No","No",3,4,"No","Severe"
"BER-0488",2024-11-14,"Khagrachari","Panchhari","Community Forest Management Group",49,"Female","Lushai","Secondary (Class 6-10)",5,19947,1,4.7,9,476,67.8,58,60,"Significantly decreased","Active",2655,"Yes",0,10,14,2,5,"Yes","Yes",4,4,"Yes","Severe"
"BER-0489",2024-10-03,"Rangamati","Barkal","Local NGO Representative",53,"Female","Chakma","No formal education",4,10377,3,11.3,4,400,78.7,31,45,"Moderately increased","Not participating",4737,"No",3,13,16,4,2,"Under development","No",5,4,"Yes","Moderate"
"BER-0490",2024-10-21,"Rangamati","Rajasthali","Biodiversity Conservation Group (BCG)",44,"Female","Tripura","Secondary (Class 6-10)",6,9035,3,5,9,206,81.6,62,69,"Significantly decreased","Active",2349,"No",6,7,9,3,3,"Yes","No",4,4,"No","Mild"
"BER-0491",2024-10-20,"Rangamati","Barkal","Youth Eco-Entrepreneur",29,"Male","Tripura","HSC/Equivalent",3,19542,2,17.6,7,373,83.3,33,40,"Moderately increased","Occasional",1933,"Yes",4,13,17,4,5,"No","No",4,4,"No","Moderate"
"BER-0492",2024-11-16,"Bandarban","Bandarban Sadar","Biodiversity Conservation Group (BCG)",32,"Female","Tripura","Primary (Class 1-5)",3,15266,4,5.7,6,281,72.5,41,64,"Moderately increased","Occasional",3367,"No",3,13,18,5,3,"Yes","Yes",2,4,"Yes","Moderate"
"BER-0493",2024-10-17,"Khagrachari","Khagrachari Sadar","Community Forest Management Group",40,"Male","Marma","SSC/Equivalent",5,12786,3,14.6,7,618,68.4,48,58,"No change","Active",2251,"No",1,7,13,4,4,"Yes","No",3,4,"Yes","Severe"
"BER-0494",2024-11-24,"Rangamati","Baghaichhari","Community Leader/Headman",48,"Female","Chakma","SSC/Equivalent",3,20424,3,9.5,6,368,86.1,31,41,"Moderately increased","Occasional",1532,"Yes",3,14,18,5,4,"Under development","No",5,3,"No","Severe"
"BER-0495",2024-09-06,"Bandarban","Bandarban Sadar","Youth Eco-Entrepreneur",58,"Male","Murung","No formal education",7,14556,2,12.4,4,661,88.2,56,57,"Moderately increased","Active",6024,"Yes",4,12,17,4,4,"No","No",4,4,"Yes","Severe"
