"respondent_id","interview_date","district","upazila","respondent_type","age","sex","ethnicity","education_level","household_size","monthly_income_bdt","land_ownership","climate_shocks_experienced","crop_loss_last3yrs","livelihood_disrupted","years_in_programme","attended_climate_training","adaptation_practices_score_baseline","adaptation_practices_score_endline","resilience_index_baseline","resilience_index_endline","access_early_warning_baseline","access_early_warning_endline","women_decision_making_baseline","women_decision_making_endline","livelihood_sources_baseline","livelihood_sources_endline","wcrc_functionality","satisfaction_score","savings_monthly_bdt","food_security","climate_knowledge_score"
"COR-0001",2024-09-28,"Bandarban","Bandarban Sadar","Women's Climate Resilience Committee (WCRC)",43,"Female","Chakma","Secondary (Class 6-10)",5,21174,"Yes","None","Yes","Yes",2,"Yes",2,3,29,36,"Yes","Yes","Often","Often",3,3,4,4,0,"Food Secure",11
"COR-0002",2024-09-19,"Rangamati","Barkal","Local Government Representative",37,"Male","Marma","Primary (Class 1-5)",3,12900,"No","Erratic Rainfall","Yes","Yes",2,"Yes",2,3,31,38,"No","Yes","Never","Often",2,2,NA,4,0,"Food Secure",9
"COR-0003",2024-09-28,"Khagrachari","Panchhari","Women's Climate Resilience Committee (WCRC)",45,"Female","Marma","HSC/Equivalent",7,17892,"No","Multiple","Yes","Yes",3,"Yes",4,7,32,37,"No","Yes","Often","Sometimes",2,3,4,4,0,"Food Secure",18
"COR-0004",2024-10-15,"Khagrachari","Mahalchhari","Youth Group",25,"Female","Tripura","Primary (Class 1-5)",4,12897,"No","Landslide","Yes","Yes",4,"No",3,7,35,50,"No","Yes","Sometimes","Sometimes",2,2,NA,4,0,"Food Secure",6
"COR-0005",2024-11-12,"Khagrachari","Dighinala","Community Stakeholder",39,"Female","Chakma","No formal education",5,16524,"No","Erratic Rainfall","No","Yes",2,"Yes",2,3,10,16,"Yes","Yes","Sometimes","Rarely",3,3,NA,5,2409,"Moderately Food Insecure",16
"COR-0006",2024-10-16,"Bandarban","Ruma","Community Stakeholder",26,"Male","Tanchangya","No formal education",5,15279,"Yes","None","No","Yes",1,"Yes",7,8,37,38,"No","Yes","Often","Sometimes",2,3,NA,5,0,"Food Secure",16
"COR-0007",2024-10-06,"Khagrachari","Mahalchhari","Village Women Group (VWG)",39,"Female","Chakma","Secondary (Class 6-10)",5,4561,"Yes","Drought","No","No",3,"Yes",2,4,70,74,"No","No","Sometimes","Often",2,3,NA,4,0,"Moderately Food Insecure",18
"COR-0008",2024-09-08,"Rangamati","Rajasthali","Village Women Group (VWG)",33,"Female","Bengali","Primary (Class 1-5)",6,9134,"No","Flash Flood","No","Yes",2,"No",5,6,33,47,"No","No","Rarely","Sometimes",1,4,NA,4,1415,"Mildly Food Insecure",6
"COR-0009",2024-11-15,"Bandarban","Ruma","Village Women Group (VWG)",35,"Female","Marma","Graduate and above",3,9556,"Yes","Drought","Yes","No",3,"No",3,5,34,48,"No","Yes","Rarely","Rarely",3,3,NA,4,2780,"Food Secure",14
"COR-0010",2024-11-10,"Rangamati","Kaptai","Community Stakeholder",38,"Female","Pangkhua","Secondary (Class 6-10)",6,13379,"Yes","Drought","No","Yes",2,"Yes",3,6,36,40,"No","Yes","Never","Often",1,5,NA,5,1749,"Food Secure",12
"COR-0011",2024-11-11,"Bandarban","Thanchi","Community Stakeholder",32,"Female","Chakma","No formal education",5,10684,"Yes","Landslide","Yes","No",1,"Yes",4,5,23,26,"Yes","Yes","Always","Often",1,6,NA,3,1905,"Moderately Food Insecure",10
"COR-0012",2024-11-01,"Bandarban","Rowangchhari","Women's Climate Resilience Committee (WCRC)",40,"Female","Khyang","Primary (Class 1-5)",5,11385,"No","Erratic Rainfall","No","No",3,"No",4,6,34,44,"No","Yes","Rarely","Often",4,1,3,5,2261,"Mildly Food Insecure",9
"COR-0013",2024-09-10,"Bandarban","Bandarban Sadar","Village Women Group (VWG)",45,"Female","Bawm","Secondary (Class 6-10)",4,14784,"Yes","Erratic Rainfall","Yes","Yes",4,"Yes",3,4,17,42,"No","Yes","Never","Often",3,4,NA,3,0,"Mildly Food Insecure",20
"COR-0014",2024-11-09,"Khagrachari","Khagrachari Sadar","Women's Climate Resilience Committee (WCRC)",38,"Female","Chakma","HSC/Equivalent",2,13838,"Yes","Flash Flood","No","No",2,"Yes",3,6,36,44,"Yes","Yes","Sometimes","Always",2,3,3,5,1479,"Food Secure",9
"COR-0015",2024-11-25,"Khagrachari","Khagrachari Sadar","Village Women Group (VWG)",40,"Female","Marma","Primary (Class 1-5)",2,9928,"No","Landslide","Yes","Yes",4,"Yes",4,5,50,70,"Yes","No","Rarely","Often",2,3,NA,4,2145,"Food Secure",17
"COR-0016",2024-10-23,"Bandarban","Ruma","Youth Group",24,"Female","Chakma","Secondary (Class 6-10)",3,12363,"Yes","Flash Flood","No","Yes",3,"Yes",4,5,44,64,"No","No","Sometimes","Sometimes",5,4,NA,4,1184,"Moderately Food Insecure",18
"COR-0017",2024-09-29,"Rangamati","Rajasthali","Women's Climate Resilience Committee (WCRC)",27,"Female","Tripura","SSC/Equivalent",2,16199,"No","Landslide","Yes","No",4,"Yes",2,3,48,65,"No","Yes","Rarely","Sometimes",1,2,5,4,0,"Moderately Food Insecure",5
"COR-0018",2024-11-23,"Bandarban","Alikadam","Village Women Group (VWG)",38,"Female","Marma","No formal education",7,16090,"No","None","No","No",1,"Yes",1,2,28,30,"No","Yes","Rarely","Rarely",3,4,NA,3,520,"Severely Food Insecure",20
"COR-0019",2024-11-16,"Rangamati","Rajasthali","Local Government Representative",44,"Female","Chakma","HSC/Equivalent",6,13050,"Yes","Landslide","Yes","Yes",3,"No",3,7,35,50,"No","Yes","Sometimes","Sometimes",4,2,NA,4,2475,"Mildly Food Insecure",10
"COR-0020",2024-11-19,"Rangamati","Rajasthali","Youth Group",21,"Male","Tanchangya","No formal education",4,6320,"Yes","Drought","Yes","No",3,"Yes",3,5,57,64,"No","Yes","Often","Sometimes",5,4,NA,5,2360,"Food Secure",12
"COR-0021",2024-11-24,"Rangamati","Rajasthali","Village Women Group (VWG)",40,"Female","Bengali","Secondary (Class 6-10)",6,13497,"No","None","No","No",1,"No",5,5,42,48,"No","Yes","Sometimes","Always",1,2,NA,4,2198,"Food Secure",17
"COR-0022",2024-09-29,"Rangamati","Kaptai","Village Women Group (VWG)",36,"Female","Khyang","Secondary (Class 6-10)",6,16723,"Yes","Landslide","Yes","No",3,"Yes",2,4,45,57,"No","Yes","Never","Often",1,3,NA,3,2828,"Food Secure",15
"COR-0023",2024-09-12,"Khagrachari","Khagrachari Sadar","Community Stakeholder",30,"Female","Tripura","Graduate and above",7,16681,"Yes","Erratic Rainfall","Yes","Yes",2,"Yes",6,7,21,27,"No","Yes","Often","Often",3,4,NA,4,1218,"Moderately Food Insecure",15
"COR-0024",2024-09-02,"Bandarban","Ruma","Local Government Representative",34,"Female","Khyang","Graduate and above",3,13604,"Yes","Landslide","No","No",4,"No",2,4,15,31,"No","Yes","Often","Always",1,2,NA,4,2255,"Moderately Food Insecure",16
"COR-0025",2024-11-18,"Bandarban","Alikadam","Women's Climate Resilience Committee (WCRC)",37,"Female","Marma","No formal education",4,18445,"Yes","Multiple","Yes","Yes",3,"Yes",3,5,48,59,"No","Yes","Rarely","Sometimes",1,5,5,5,1719,"Mildly Food Insecure",14
"COR-0026",2024-10-11,"Rangamati","Kaptai","Local Government Representative",44,"Male","Khumi","Secondary (Class 6-10)",7,10264,"Yes","None","No","No",4,"No",8,10,42,60,"No","Yes","Often","Often",5,1,NA,4,1304,"Food Secure",17
"COR-0027",2024-10-10,"Khagrachari","Lakshmichhari","Village Women Group (VWG)",30,"Female","Chakma","No formal education",3,20371,"No","Landslide","Yes","No",3,"Yes",4,5,42,55,"No","Yes","Rarely","Often",3,1,NA,4,2094,"Mildly Food Insecure",15
"COR-0028",2024-09-02,"Bandarban","Bandarban Sadar","Local Government Representative",34,"Female","Khumi","Secondary (Class 6-10)",6,15164,"No","Drought","Yes","Yes",2,"Yes",3,4,44,47,"No","No","Rarely","Often",1,2,NA,5,0,"Food Secure",11
"COR-0029",2024-10-12,"Rangamati","Barkal","Women's Climate Resilience Committee (WCRC)",34,"Female","Bawm","Primary (Class 1-5)",6,11216,"No","None","Yes","No",1,"Yes",4,5,23,28,"No","Yes","Often","Sometimes",1,5,3,4,3319,"Mildly Food Insecure",15
"COR-0030",2024-10-08,"Rangamati","Kaptai","Village Women Group (VWG)",40,"Female","Murung","Primary (Class 1-5)",5,11314,"No","Flash Flood","No","Yes",3,"Yes",4,6,44,56,"Yes","Yes","Sometimes","Rarely",2,3,NA,3,0,"Moderately Food Insecure",17
"COR-0031",2024-09-06,"Khagrachari","Panchhari","Women's Climate Resilience Committee (WCRC)",41,"Female","Tripura","SSC/Equivalent",4,10733,"Yes","Multiple","Yes","Yes",4,"Yes",1,4,41,49,"No","Yes","Rarely","Sometimes",1,1,5,3,901,"Moderately Food Insecure",17
"COR-0032",2024-10-26,"Rangamati","Naniarchar","Women's Climate Resilience Committee (WCRC)",37,"Female","Chakma","HSC/Equivalent",5,12325,"No","Erratic Rainfall","Yes","Yes",3,"Yes",3,7,31,37,"No","No","Rarely","Always",4,1,2,4,3256,"Food Secure",9
"COR-0033",2024-10-12,"Rangamati","Barkal","Youth Group",23,"Female","Marma","Primary (Class 1-5)",5,9575,"No","Multiple","No","No",4,"Yes",3,6,37,56,"No","Yes","Never","Often",1,4,NA,4,1420,"Food Secure",19
"COR-0034",2024-10-24,"Bandarban","Ruma","Women's Climate Resilience Committee (WCRC)",34,"Female","Marma","SSC/Equivalent",4,10400,"No","Multiple","Yes","Yes",4,"Yes",4,8,53,79,"Yes","No","Rarely","Always",1,4,3,4,0,"Mildly Food Insecure",19
"COR-0035",2024-09-14,"Khagrachari","Khagrachari Sadar","Village Women Group (VWG)",41,"Female","Bengali","Primary (Class 1-5)",3,10001,"No","Flash Flood","No","Yes",4,"No",4,8,36,56,"No","No","Never","Rarely",3,1,NA,4,1257,"Food Secure",14
"COR-0036",2024-10-02,"Khagrachari","Khagrachari Sadar","Youth Group",18,"Male","Chakma","Primary (Class 1-5)",4,17123,"Yes","Landslide","No","Yes",2,"Yes",4,5,34,36,"No","Yes","Rarely","Sometimes",1,3,NA,3,3757,"Severely Food Insecure",13
"COR-0037",2024-11-19,"Rangamati","Baghaichhari","Village Women Group (VWG)",38,"Female","Tanchangya","No formal education",5,11366,"Yes","Multiple","No","Yes",2,"Yes",1,4,36,44,"Yes","No","Sometimes","Often",2,4,NA,4,0,"Mildly Food Insecure",16
"COR-0038",2024-11-17,"Bandarban","Rowangchhari","Women's Climate Resilience Committee (WCRC)",28,"Female","Khyang","Graduate and above",3,13635,"No","Flash Flood","No","No",1,"No",3,4,19,24,"No","Yes","Never","Rarely",1,1,5,5,1844,"Food Secure",12
"COR-0039",2024-09-14,"Rangamati","Baghaichhari","Women's Climate Resilience Committee (WCRC)",50,"Female","Khumi","Secondary (Class 6-10)",3,10706,"No","Multiple","Yes","No",2,"Yes",3,5,25,36,"No","Yes","Never","Often",2,5,3,4,0,"Moderately Food Insecure",7
"COR-0040",2024-09-09,"Khagrachari","Mahalchhari","Community Stakeholder",39,"Female","Tripura","Primary (Class 1-5)",5,10767,"No","Drought","Yes","Yes",3,"No",3,5,22,25,"No","Yes","Rarely","Always",5,4,NA,5,0,"Mildly Food Insecure",19
"COR-0041",2024-09-12,"Bandarban","Bandarban Sadar","Village Women Group (VWG)",40,"Female","Chakma","Primary (Class 1-5)",6,8291,"No","Erratic Rainfall","No","No",3,"Yes",3,6,38,47,"No","Yes","Rarely","Sometimes",1,1,NA,5,0,"Food Secure",12
"COR-0042",2024-10-29,"Bandarban","Bandarban Sadar","Women's Climate Resilience Committee (WCRC)",19,"Female","Marma","SSC/Equivalent",4,8305,"No","Erratic Rainfall","Yes","No",3,"No",5,7,28,37,"No","No","Rarely","Sometimes",2,1,4,4,1107,"Mildly Food Insecure",19
"COR-0043",2024-10-03,"Khagrachari","Dighinala","Village Women Group (VWG)",49,"Female","Tripura","HSC/Equivalent",4,13658,"Yes","Multiple","No","No",1,"Yes",4,4,54,60,"No","No","Rarely","Often",4,5,NA,4,0,"Food Secure",11
"COR-0044",2024-09-17,"Khagrachari","Lakshmichhari","Women's Climate Resilience Committee (WCRC)",44,"Female","Marma","Secondary (Class 6-10)",5,11462,"Yes","Flash Flood","Yes","No",2,"Yes",5,6,32,39,"Yes","Yes","Never","Often",1,2,5,4,1709,"Mildly Food Insecure",19
"COR-0045",2024-09-16,"Bandarban","Alikadam","Women's Climate Resilience Committee (WCRC)",37,"Female","Marma","SSC/Equivalent",5,12403,"Yes","Landslide","Yes","Yes",2,"Yes",3,4,55,69,"No","Yes","Rarely","Sometimes",5,5,5,3,0,"Moderately Food Insecure",18
"COR-0046",2024-11-18,"Khagrachari","Mahalchhari","Village Women Group (VWG)",31,"Female","Chakma","HSC/Equivalent",4,13650,"Yes","Multiple","Yes","Yes",2,"Yes",3,4,50,55,"Yes","No","Rarely","Always",4,3,NA,4,0,"Moderately Food Insecure",15
"COR-0047",2024-10-11,"Khagrachari","Panchhari","Youth Group",22,"Male","Chakma","Secondary (Class 6-10)",3,7379,"Yes","Landslide","Yes","Yes",4,"No",4,7,75,89,"No","Yes","Never","Sometimes",2,2,NA,4,0,"Food Secure",10
"COR-0048",2024-11-18,"Rangamati","Barkal","Village Women Group (VWG)",48,"Female","Pangkhua","No formal education",5,14351,"Yes","Erratic Rainfall","No","Yes",2,"Yes",3,5,52,56,"No","No","Sometimes","Always",1,3,NA,4,1271,"Severely Food Insecure",12
"COR-0049",2024-09-27,"Khagrachari","Dighinala","Village Women Group (VWG)",45,"Female","Chakma","No formal education",6,18952,"Yes","Flash Flood","No","Yes",4,"Yes",4,9,59,78,"No","Yes","Never","Sometimes",1,4,NA,3,1537,"Mildly Food Insecure",9
"COR-0050",2024-10-06,"Khagrachari","Dighinala","Community Stakeholder",43,"Male","Chakma","Secondary (Class 6-10)",4,12955,"Yes","Flash Flood","No","No",4,"No",4,7,19,38,"No","No","Rarely","Rarely",1,5,NA,5,0,"Food Secure",13
"COR-0051",2024-09-17,"Rangamati","Rajasthali","Community Stakeholder",41,"Female","Chakma","Graduate and above",4,3963,"No","Landslide","Yes","No",2,"No",4,5,41,51,"No","Yes","Sometimes","Always",2,6,NA,5,0,"Moderately Food Insecure",18
"COR-0052",2024-09-14,"Bandarban","Alikadam","Village Women Group (VWG)",34,"Female","Khumi","No formal education",5,7426,"No","Landslide","No","Yes",3,"Yes",4,7,39,49,"No","No","Sometimes","Sometimes",4,2,NA,2,0,"Mildly Food Insecure",16
"COR-0053",2024-11-04,"Khagrachari","Khagrachari Sadar","Women's Climate Resilience Committee (WCRC)",34,"Female","Tripura","SSC/Equivalent",4,6200,"Yes","Erratic Rainfall","Yes","No",3,"Yes",4,7,46,59,"No","No","Rarely","Sometimes",2,3,3,5,2310,"Food Secure",11
"COR-0054",2024-11-23,"Khagrachari","Dighinala","Youth Group",22,"Female","Marma","HSC/Equivalent",6,9782,"Yes","Drought","Yes","Yes",3,"Yes",3,5,52,69,"No","Yes","Never","Sometimes",1,2,NA,5,0,"Food Secure",12
"COR-0055",2024-10-08,"Bandarban","Thanchi","Women's Climate Resilience Committee (WCRC)",28,"Female","Marma","HSC/Equivalent",5,11055,"No","Landslide","Yes","Yes",1,"Yes",5,6,46,50,"Yes","Yes","Rarely","Always",4,2,2,3,0,"Severely Food Insecure",15
"COR-0056",2024-10-26,"Bandarban","Alikadam","Youth Group",22,"Female","Bengali","Primary (Class 1-5)",6,9989,"No","Erratic Rainfall","No","No",4,"Yes",3,5,36,49,"No","Yes","Never","Never",2,2,NA,4,1816,"Severely Food Insecure",15
"COR-0057",2024-10-29,"Rangamati","Naniarchar","Village Women Group (VWG)",38,"Female","Marma","Secondary (Class 6-10)",4,13029,"No","Flash Flood","No","No",3,"No",5,6,45,61,"Yes","No","Sometimes","Never",1,2,NA,4,2113,"Severely Food Insecure",19
"COR-0058",2024-09-10,"Rangamati","Naniarchar","Women's Climate Resilience Committee (WCRC)",42,"Female","Chakma","Secondary (Class 6-10)",6,9374,"No","Multiple","No","Yes",4,"Yes",3,8,42,59,"No","Yes","Never","Often",2,1,3,5,0,"Food Secure",13
"COR-0059",2024-10-13,"Khagrachari","Mahalchhari","Village Women Group (VWG)",28,"Female","Khyang","Secondary (Class 6-10)",7,7763,"No","Multiple","Yes","No",3,"No",4,7,40,50,"No","Yes","Always","Rarely",4,5,NA,5,2621,"Mildly Food Insecure",13
"COR-0060",2024-10-19,"Rangamati","Naniarchar","Women's Climate Resilience Committee (WCRC)",37,"Female","Bengali","Primary (Class 1-5)",6,5887,"Yes","Flash Flood","No","Yes",2,"Yes",5,6,22,30,"No","Yes","Never","Rarely",5,6,4,5,0,"Mildly Food Insecure",6
"COR-0061",2024-10-16,"Rangamati","Naniarchar","Women's Climate Resilience Committee (WCRC)",53,"Female","Chakma","Secondary (Class 6-10)",4,8236,"No","Erratic Rainfall","Yes","No",2,"Yes",2,3,48,47,"No","Yes","Rarely","Always",2,2,4,2,1618,"Food Secure",8
"COR-0062",2024-10-30,"Khagrachari","Lakshmichhari","Village Women Group (VWG)",22,"Female","Chakma","Primary (Class 1-5)",4,12400,"No","Landslide","Yes","Yes",4,"Yes",3,4,23,38,"No","Yes","Sometimes","Sometimes",2,2,NA,5,2309,"Food Secure",7
"COR-0063",2024-09-17,"Rangamati","Rajasthali","Village Women Group (VWG)",23,"Female","Tripura","No formal education",4,9480,"Yes","Drought","No","No",1,"Yes",4,5,49,50,"Yes","Yes","Always","Sometimes",1,3,NA,4,1132,"Food Secure",11
"COR-0064",2024-09-30,"Khagrachari","Lakshmichhari","Village Women Group (VWG)",35,"Female","Tripura","Secondary (Class 6-10)",5,4043,"No","Flash Flood","Yes","No",3,"No",1,2,51,57,"No","Yes","Rarely","Sometimes",4,1,NA,5,1469,"Severely Food Insecure",17
"COR-0065",2024-10-21,"Rangamati","Rajasthali","Women's Climate Resilience Committee (WCRC)",48,"Female","Chakma","SSC/Equivalent",4,8549,"No","Flash Flood","Yes","Yes",2,"Yes",3,3,32,36,"No","Yes","Sometimes","Often",2,3,3,3,1083,"Food Secure",14
"COR-0066",2024-09-06,"Bandarban","Bandarban Sadar","Village Women Group (VWG)",39,"Female","Khumi","Secondary (Class 6-10)",4,7567,"No","Erratic Rainfall","No","Yes",3,"Yes",2,5,59,75,"No","No","Sometimes","Always",1,5,NA,1,1134,"Moderately Food Insecure",15
"COR-0067",2024-09-07,"Bandarban","Ruma","Community Stakeholder",27,"Female","Tanchangya","Secondary (Class 6-10)",4,11963,"Yes","Landslide","Yes","No",2,"Yes",3,4,42,51,"Yes","No","Sometimes","Sometimes",2,4,NA,4,1065,"Mildly Food Insecure",18
"COR-0068",2024-10-18,"Bandarban","Bandarban Sadar","Women's Climate Resilience Committee (WCRC)",40,"Female","Khyang","SSC/Equivalent",4,13870,"Yes","Erratic Rainfall","Yes","Yes",1,"Yes",3,4,53,57,"Yes","Yes","Sometimes","Sometimes",2,4,5,4,1592,"Mildly Food Insecure",16
"COR-0069",2024-11-17,"Rangamati","Rajasthali","Village Women Group (VWG)",40,"Female","Bengali","No formal education",4,13102,"No","None","Yes","Yes",4,"Yes",1,3,31,56,"No","Yes","Never","Sometimes",3,1,NA,3,1688,"Mildly Food Insecure",14
"COR-0070",2024-11-06,"Rangamati","Rajasthali","Women's Climate Resilience Committee (WCRC)",33,"Female","Chakma","Secondary (Class 6-10)",5,13582,"Yes","Landslide","Yes","Yes",3,"No",1,3,63,73,"No","Yes","Never","Sometimes",3,4,2,3,1152,"Mildly Food Insecure",13
"COR-0071",2024-11-11,"Khagrachari","Lakshmichhari","Youth Group",24,"Female","Chakma","SSC/Equivalent",5,15653,"Yes","Flash Flood","Yes","Yes",3,"Yes",2,4,50,66,"No","Yes","Often","Rarely",2,2,NA,3,0,"Mildly Food Insecure",13
"COR-0072",2024-10-28,"Rangamati","Baghaichhari","Village Women Group (VWG)",49,"Female","Bengali","Secondary (Class 6-10)",5,12763,"No","Drought","Yes","Yes",4,"Yes",2,6,37,39,"No","Yes","Sometimes","Sometimes",1,2,NA,5,974,"Food Secure",17
"COR-0073",2024-09-05,"Khagrachari","Lakshmichhari","Village Women Group (VWG)",36,"Female","Bawm","Primary (Class 1-5)",6,6907,"No","Multiple","Yes","Yes",2,"Yes",5,6,27,38,"No","Yes","Sometimes","Often",2,2,NA,5,1296,"Moderately Food Insecure",12
"COR-0074",2024-11-23,"Khagrachari","Mahalchhari","Youth Group",21,"Female","Bengali","SSC/Equivalent",6,11890,"No","Multiple","No","No",1,"Yes",3,4,12,14,"No","Yes","Sometimes","Often",2,6,NA,5,1822,"Food Secure",13
"COR-0075",2024-09-02,"Rangamati","Kaptai","Village Women Group (VWG)",37,"Female","Tripura","Primary (Class 1-5)",7,12323,"No","Drought","Yes","Yes",3,"No",3,7,27,39,"No","No","Sometimes","Rarely",2,3,NA,5,0,"Severely Food Insecure",15
"COR-0076",2024-11-22,"Bandarban","Alikadam","Village Women Group (VWG)",34,"Female","Murung","SSC/Equivalent",5,16469,"Yes","Drought","Yes","Yes",3,"Yes",2,4,36,43,"No","Yes","Never","Never",4,3,NA,3,0,"Moderately Food Insecure",16
"COR-0077",2024-11-28,"Rangamati","Naniarchar","Community Stakeholder",41,"Female","Marma","Secondary (Class 6-10)",5,10428,"No","None","No","No",2,"No",2,3,20,33,"No","Yes","Rarely","Never",4,5,NA,4,1782,"Moderately Food Insecure",20
"COR-0078",2024-09-30,"Rangamati","Rajasthali","Village Women Group (VWG)",33,"Female","Chakma","No formal education",6,12695,"No","Erratic Rainfall","No","Yes",1,"Yes",3,4,34,36,"Yes","Yes","Rarely","Often",5,2,NA,4,0,"Mildly Food Insecure",14
"COR-0079",2024-10-28,"Khagrachari","Khagrachari Sadar","Village Women Group (VWG)",28,"Female","Bawm","No formal education",4,14512,"No","Multiple","No","Yes",3,"Yes",4,5,36,54,"No","Yes","Sometimes","Often",4,2,NA,3,1941,"Food Secure",13
"COR-0080",2024-10-09,"Rangamati","Rajasthali","Community Stakeholder",43,"Male","Marma","Primary (Class 1-5)",6,15684,"No","None","No","Yes",3,"No",1,2,40,55,"No","No","Rarely","Sometimes",1,3,NA,4,0,"Moderately Food Insecure",13
"COR-0081",2024-10-18,"Rangamati","Barkal","Village Women Group (VWG)",57,"Female","Marma","Primary (Class 1-5)",5,8573,"No","Drought","Yes","No",1,"Yes",6,6,34,39,"No","No","Sometimes","Often",4,4,NA,4,1232,"Food Secure",15
"COR-0082",2024-09-27,"Rangamati","Kaptai","Women's Climate Resilience Committee (WCRC)",25,"Female","Tanchangya","HSC/Equivalent",5,18247,"Yes","Flash Flood","Yes","Yes",1,"Yes",3,4,41,46,"No","Yes","Never","Often",1,1,3,4,639,"Mildly Food Insecure",18
"COR-0083",2024-10-15,"Khagrachari","Panchhari","Local Government Representative",32,"Female","Marma","Primary (Class 1-5)",3,13430,"No","Flash Flood","Yes","Yes",3,"Yes",3,6,21,38,"No","No","Sometimes","Always",2,2,NA,5,1761,"Food Secure",9
"COR-0084",2024-09-02,"Rangamati","Rajasthali","Youth Group",24,"Female","Bengali","Secondary (Class 6-10)",7,9403,"No","Landslide","No","Yes",1,"Yes",1,2,40,45,"No","No","Often","Never",1,4,NA,4,2391,"Food Secure",20
"COR-0085",2024-10-20,"Khagrachari","Mahalchhari","Local Government Representative",43,"Male","Tripura","SSC/Equivalent",4,18377,"Yes","Landslide","Yes","Yes",4,"Yes",2,5,35,44,"Yes","Yes","Sometimes","Rarely",1,1,NA,5,2114,"Mildly Food Insecure",14
"COR-0086",2024-09-21,"Khagrachari","Panchhari","Women's Climate Resilience Committee (WCRC)",50,"Female","Tanchangya","Secondary (Class 6-10)",5,7940,"No","Drought","No","Yes",3,"No",5,7,33,37,"No","No","Sometimes","Often",2,6,4,2,0,"Moderately Food Insecure",15
"COR-0087",2024-11-23,"Bandarban","Alikadam","Village Women Group (VWG)",54,"Female","Marma","Primary (Class 1-5)",4,13643,"No","Multiple","Yes","No",4,"Yes",5,7,43,53,"No","Yes","Rarely","Often",1,1,NA,2,0,"Mildly Food Insecure",17
"COR-0088",2024-10-03,"Rangamati","Barkal","Village Women Group (VWG)",41,"Female","Chakma","HSC/Equivalent",3,12699,"Yes","Landslide","Yes","Yes",2,"No",2,3,33,46,"No","Yes","Sometimes","Often",3,3,NA,4,1343,"Mildly Food Insecure",9
"COR-0089",2024-10-26,"Rangamati","Rajasthali","Community Stakeholder",31,"Female","Chakma","No formal education",5,11032,"Yes","Drought","Yes","No",3,"No",4,5,13,24,"No","Yes","Sometimes","Always",2,1,NA,4,2177,"Food Secure",16
"COR-0090",2024-10-29,"Bandarban","Alikadam","Village Women Group (VWG)",41,"Female","Marma","Secondary (Class 6-10)",6,13172,"No","Multiple","Yes","No",3,"No",4,7,38,44,"No","Yes","Rarely","Sometimes",2,3,NA,5,0,"Mildly Food Insecure",19
"COR-0091",2024-11-11,"Khagrachari","Panchhari","Local Government Representative",35,"Male","Chakma","Primary (Class 1-5)",3,10318,"No","Multiple","No","Yes",3,"Yes",4,6,26,31,"No","No","Rarely","Always",1,3,NA,4,2249,"Moderately Food Insecure",14
"COR-0092",2024-11-30,"Bandarban","Thanchi","Village Women Group (VWG)",39,"Female","Marma","Primary (Class 1-5)",5,4777,"No","Landslide","No","Yes",1,"Yes",4,4,43,43,"No","Yes","Rarely","Never",3,5,NA,5,0,"Mildly Food Insecure",17
"COR-0093",2024-10-18,"Khagrachari","Mahalchhari","Community Stakeholder",63,"Female","Pangkhua","Primary (Class 1-5)",5,11904,"No","None","No","Yes",1,"Yes",4,4,26,31,"No","No","Rarely","Sometimes",1,2,NA,3,0,"Food Secure",14
"COR-0094",2024-10-12,"Rangamati","Barkal","Village Women Group (VWG)",46,"Female","Marma","No formal education",4,13961,"Yes","Flash Flood","No","No",2,"No",6,7,27,34,"No","No","Never","Often",3,4,NA,5,0,"Mildly Food Insecure",14
"COR-0095",2024-10-12,"Bandarban","Ruma","Youth Group",19,"Female","Tripura","SSC/Equivalent",5,8334,"No","Multiple","No","No",4,"Yes",2,5,42,52,"No","Yes","Often","Often",4,4,NA,3,387,"Food Secure",7
"COR-0096",2024-09-18,"Rangamati","Rajasthali","Youth Group",21,"Male","Tripura","Graduate and above",5,3254,"Yes","Multiple","Yes","Yes",2,"Yes",1,4,34,38,"No","Yes","Sometimes","Often",2,3,NA,5,2125,"Food Secure",4
"COR-0097",2024-10-25,"Bandarban","Rowangchhari","Local Government Representative",49,"Male","Chakma","SSC/Equivalent",4,15214,"No","Multiple","Yes","Yes",3,"Yes",2,3,33,34,"No","Yes","Never","Never",1,3,NA,5,0,"Moderately Food Insecure",16
"COR-0098",2024-11-05,"Khagrachari","Khagrachari Sadar","Local Government Representative",39,"Female","Chakma","Primary (Class 1-5)",5,13974,"Yes","Multiple","Yes","No",2,"Yes",5,6,56,65,"No","Yes","Sometimes","Always",1,2,NA,3,2471,"Severely Food Insecure",15
"COR-0099",2024-10-18,"Bandarban","Ruma","Village Women Group (VWG)",38,"Female","Chakma","Secondary (Class 6-10)",4,8321,"No","Landslide","Yes","Yes",3,"Yes",1,4,44,55,"No","Yes","Rarely","Often",3,1,NA,2,0,"Food Secure",11
"COR-0100",2024-10-28,"Khagrachari","Mahalchhari","Local Government Representative",46,"Male","Tanchangya","Secondary (Class 6-10)",5,13998,"No","Erratic Rainfall","Yes","Yes",2,"Yes",4,5,42,49,"No","No","Sometimes","Sometimes",1,4,NA,5,0,"Mildly Food Insecure",19
"COR-0101",2024-10-25,"Rangamati","Kaptai","Youth Group",24,"Female","Tripura","SSC/Equivalent",6,15319,"Yes","Flash Flood","Yes","Yes",4,"Yes",4,6,46,64,"Yes","Yes","Rarely","Rarely",1,3,NA,4,2025,"Mildly Food Insecure",12
"COR-0102",2024-09-29,"Khagrachari","Panchhari","Local Government Representative",40,"Female","Khyang","HSC/Equivalent",5,9158,"No","Drought","Yes","Yes",2,"No",4,5,59,64,"No","No","Rarely","Never",2,2,NA,5,1769,"Mildly Food Insecure",19
"COR-0103",2024-10-05,"Rangamati","Baghaichhari","Women's Climate Resilience Committee (WCRC)",34,"Female","Bawm","HSC/Equivalent",4,6189,"No","Flash Flood","Yes","Yes",1,"Yes",4,5,28,33,"No","No","Sometimes","Rarely",2,2,5,4,2920,"Moderately Food Insecure",11
"COR-0104",2024-10-25,"Khagrachari","Lakshmichhari","Village Women Group (VWG)",29,"Female","Bengali","No formal education",6,3000,"Yes","Drought","Yes","Yes",1,"Yes",3,4,37,43,"No","Yes","Sometimes","Often",2,2,NA,4,2114,"Food Secure",13
"COR-0105",2024-09-18,"Rangamati","Naniarchar","Local Government Representative",27,"Female","Tripura","No formal education",4,14110,"Yes","Multiple","Yes","Yes",4,"Yes",5,7,39,52,"Yes","No","Often","Never",2,2,NA,3,0,"Severely Food Insecure",15
"COR-0106",2024-11-13,"Bandarban","Thanchi","Village Women Group (VWG)",50,"Female","Tripura","Secondary (Class 6-10)",6,14172,"Yes","Multiple","Yes","No",3,"Yes",0,3,40,45,"No","Yes","Always","Often",1,3,NA,3,0,"Food Secure",10
"COR-0107",2024-10-11,"Rangamati","Baghaichhari","Women's Climate Resilience Committee (WCRC)",31,"Female","Khyang","Primary (Class 1-5)",7,16103,"Yes","Landslide","Yes","Yes",4,"Yes",2,5,28,39,"Yes","No","Rarely","Often",3,4,2,3,1720,"Food Secure",20
"COR-0108",2024-11-05,"Rangamati","Rajasthali","Women's Climate Resilience Committee (WCRC)",42,"Female","Pangkhua","Secondary (Class 6-10)",5,14802,"No","Landslide","Yes","No",3,"No",3,3,33,42,"No","No","Sometimes","Always",1,3,4,4,676,"Moderately Food Insecure",11
"COR-0109",2024-11-08,"Rangamati","Kaptai","Village Women Group (VWG)",45,"Female","Khumi","Primary (Class 1-5)",6,15611,"No","Erratic Rainfall","Yes","No",4,"No",6,10,35,64,"No","Yes","Sometimes","Never",2,4,NA,4,1332,"Food Secure",15
"COR-0110",2024-10-05,"Bandarban","Alikadam","Village Women Group (VWG)",45,"Female","Bengali","HSC/Equivalent",5,10379,"Yes","Landslide","Yes","No",3,"No",2,4,39,55,"No","Yes","Sometimes","Rarely",3,1,NA,4,0,"Food Secure",9
"COR-0111",2024-10-26,"Rangamati","Barkal","Youth Group",28,"Male","Marma","HSC/Equivalent",4,9582,"No","Drought","Yes","Yes",1,"Yes",3,4,43,47,"No","No","Never","Often",1,2,NA,5,2108,"Food Secure",14
"COR-0112",2024-09-14,"Khagrachari","Khagrachari Sadar","Village Women Group (VWG)",25,"Female","Chakma","Secondary (Class 6-10)",4,8740,"Yes","Erratic Rainfall","Yes","Yes",2,"Yes",6,8,37,43,"No","No","Rarely","Sometimes",1,3,NA,4,1709,"Moderately Food Insecure",12
"COR-0113",2024-09-13,"Bandarban","Bandarban Sadar","Local Government Representative",53,"Female","Marma","Primary (Class 1-5)",6,7701,"Yes","Landslide","No","No",4,"No",3,4,41,66,"No","Yes","Often","Sometimes",1,4,NA,3,1635,"Food Secure",18
"COR-0114",2024-09-18,"Rangamati","Kaptai","Village Women Group (VWG)",46,"Female","Pangkhua","SSC/Equivalent",7,14371,"Yes","Multiple","Yes","No",3,"No",5,7,14,25,"No","Yes","Never","Rarely",3,2,NA,5,0,"Food Secure",17
"COR-0115",2024-09-02,"Khagrachari","Khagrachari Sadar","Village Women Group (VWG)",46,"Female","Chakma","Secondary (Class 6-10)",4,16625,"No","Drought","No","Yes",1,"No",2,3,18,21,"Yes","Yes","Never","Often",3,2,NA,2,0,"Food Secure",16
"COR-0116",2024-10-05,"Bandarban","Alikadam","Women's Climate Resilience Committee (WCRC)",48,"Female","Marma","Secondary (Class 6-10)",5,10165,"Yes","Landslide","Yes","Yes",1,"No",4,4,44,48,"No","No","Often","Rarely",3,2,3,5,0,"Mildly Food Insecure",9
"COR-0117",2024-11-04,"Bandarban","Thanchi","Women's Climate Resilience Committee (WCRC)",37,"Female","Marma","Primary (Class 1-5)",5,12884,"No","Multiple","Yes","Yes",1,"No",3,4,16,20,"Yes","No","Sometimes","Often",1,4,4,4,289,"Mildly Food Insecure",10
"COR-0118",2024-09-24,"Rangamati","Rajasthali","Village Women Group (VWG)",39,"Female","Marma","Primary (Class 1-5)",4,15382,"Yes","Erratic Rainfall","Yes","Yes",1,"Yes",2,3,54,55,"Yes","No","Never","Always",2,2,NA,4,1526,"Mildly Food Insecure",15
"COR-0119",2024-09-10,"Khagrachari","Panchhari","Village Women Group (VWG)",44,"Female","Chakma","No formal education",5,6716,"Yes","Multiple","Yes","No",4,"Yes",6,10,48,58,"No","No","Often","Always",4,2,NA,3,0,"Moderately Food Insecure",11
"COR-0120",2024-10-10,"Rangamati","Kaptai","Women's Climate Resilience Committee (WCRC)",55,"Female","Chakma","Primary (Class 1-5)",5,11224,"No","Flash Flood","Yes","Yes",2,"No",3,4,42,48,"No","No","Rarely","Rarely",1,3,4,3,1547,"Food Secure",18
"COR-0121",2024-10-12,"Bandarban","Alikadam","Village Women Group (VWG)",54,"Female","Tripura","Primary (Class 1-5)",3,8146,"Yes","Flash Flood","Yes","No",2,"Yes",4,5,28,31,"No","Yes","Rarely","Often",3,5,NA,4,0,"Food Secure",9
"COR-0122",2024-10-09,"Rangamati","Barkal","Youth Group",22,"Male","Chakma","Secondary (Class 6-10)",6,8921,"Yes","Erratic Rainfall","No","Yes",3,"No",3,4,37,45,"No","Yes","Sometimes","Sometimes",1,2,NA,3,2414,"Mildly Food Insecure",17
"COR-0123",2024-09-03,"Bandarban","Thanchi","Village Women Group (VWG)",24,"Female","Bawm","No formal education",4,7545,"No","Erratic Rainfall","No","Yes",3,"No",3,6,16,34,"No","Yes","Sometimes","Always",1,1,NA,2,0,"Moderately Food Insecure",13
"COR-0124",2024-11-05,"Rangamati","Naniarchar","Women's Climate Resilience Committee (WCRC)",28,"Female","Khumi","No formal education",5,13644,"Yes","Multiple","Yes","Yes",4,"Yes",4,6,28,62,"No","Yes","Always","Often",1,2,3,4,2205,"Mildly Food Insecure",12
"COR-0125",2024-09-11,"Bandarban","Rowangchhari","Village Women Group (VWG)",54,"Female","Khumi","Primary (Class 1-5)",5,7648,"No","Flash Flood","Yes","No",4,"No",3,7,50,58,"Yes","Yes","Never","Often",5,1,NA,5,143,"Severely Food Insecure",17
"COR-0126",2024-11-28,"Rangamati","Kaptai","Village Women Group (VWG)",32,"Female","Marma","Primary (Class 1-5)",4,10665,"Yes","Flash Flood","Yes","No",1,"Yes",3,4,35,42,"No","Yes","Rarely","Always",2,2,NA,4,0,"Food Secure",13
"COR-0127",2024-11-27,"Khagrachari","Dighinala","Women's Climate Resilience Committee (WCRC)",32,"Female","Bawm","Secondary (Class 6-10)",6,14355,"Yes","Flash Flood","Yes","Yes",2,"No",4,4,49,53,"No","Yes","Rarely","Sometimes",2,1,3,3,1702,"Moderately Food Insecure",17
"COR-0128",2024-10-10,"Bandarban","Bandarban Sadar","Women's Climate Resilience Committee (WCRC)",46,"Female","Marma","HSC/Equivalent",5,9553,"No","Flash Flood","No","No",3,"Yes",2,5,44,54,"No","Yes","Rarely","Sometimes",1,3,3,5,1943,"Food Secure",10
"COR-0129",2024-09-12,"Bandarban","Thanchi","Youth Group",20,"Male","Bengali","SSC/Equivalent",3,11055,"No","Flash Flood","No","Yes",3,"Yes",3,5,37,47,"No","Yes","Rarely","Sometimes",1,4,NA,4,2344,"Food Secure",15
"COR-0130",2024-11-17,"Bandarban","Alikadam","Village Women Group (VWG)",47,"Female","Marma","HSC/Equivalent",5,10438,"No","Multiple","Yes","No",1,"Yes",3,4,40,40,"No","Yes","Never","Never",3,1,NA,4,1437,"Moderately Food Insecure",13
"COR-0131",2024-11-15,"Khagrachari","Panchhari","Women's Climate Resilience Committee (WCRC)",38,"Female","Chakma","HSC/Equivalent",4,10809,"Yes","Landslide","No","No",3,"No",2,3,31,41,"No","Yes","Sometimes","Often",1,3,4,2,2286,"Mildly Food Insecure",12
"COR-0132",2024-09-28,"Rangamati","Rajasthali","Village Women Group (VWG)",40,"Female","Marma","Primary (Class 1-5)",4,20843,"Yes","Erratic Rainfall","Yes","No",3,"Yes",3,5,53,71,"No","Yes","Rarely","Often",5,3,NA,4,1047,"Severely Food Insecure",15
"COR-0133",2024-11-15,"Rangamati","Kaptai","Community Stakeholder",51,"Male","Bengali","Secondary (Class 6-10)",4,7810,"No","Erratic Rainfall","Yes","Yes",4,"No",3,6,24,34,"No","No","Sometimes","Rarely",5,3,NA,4,0,"Food Secure",15
"COR-0134",2024-10-03,"Khagrachari","Dighinala","Local Government Representative",38,"Female","Tripura","No formal education",3,13209,"No","Erratic Rainfall","No","Yes",4,"Yes",5,7,11,29,"No","Yes","Never","Often",2,2,NA,2,0,"Mildly Food Insecure",9
"COR-0135",2024-10-04,"Bandarban","Rowangchhari","Women's Climate Resilience Committee (WCRC)",32,"Female","Marma","SSC/Equivalent",4,14447,"Yes","Flash Flood","Yes","Yes",4,"No",1,4,27,49,"No","Yes","Sometimes","Never",2,2,4,3,1438,"Mildly Food Insecure",12
"COR-0136",2024-10-29,"Khagrachari","Lakshmichhari","Community Stakeholder",41,"Female","Tripura","Graduate and above",5,7105,"Yes","Landslide","No","Yes",2,"No",5,6,61,70,"No","Yes","Never","Always",3,3,NA,4,1103,"Mildly Food Insecure",9
"COR-0137",2024-09-06,"Khagrachari","Khagrachari Sadar","Village Women Group (VWG)",34,"Female","Tripura","Primary (Class 1-5)",4,14159,"No","Drought","No","Yes",3,"Yes",4,7,35,53,"Yes","Yes","Sometimes","Never",2,1,NA,5,0,"Food Secure",13
"COR-0138",2024-11-28,"Rangamati","Rajasthali","Village Women Group (VWG)",18,"Female","Chakma","Secondary (Class 6-10)",5,11991,"Yes","Multiple","Yes","Yes",1,"Yes",1,2,10,14,"No","Yes","Sometimes","Sometimes",5,2,NA,5,2132,"Mildly Food Insecure",18
"COR-0139",2024-11-06,"Rangamati","Barkal","Women's Climate Resilience Committee (WCRC)",45,"Female","Chakma","Secondary (Class 6-10)",4,10765,"No","Erratic Rainfall","Yes","Yes",1,"Yes",3,4,32,35,"No","Yes","Rarely","Sometimes",3,3,3,2,0,"Severely Food Insecure",12
"COR-0140",2024-11-26,"Khagrachari","Dighinala","Village Women Group (VWG)",41,"Female","Bawm","Primary (Class 1-5)",4,18588,"Yes","Landslide","No","No",4,"No",2,7,30,44,"No","Yes","Often","Never",1,2,NA,3,1728,"Food Secure",14
"COR-0141",2024-10-31,"Bandarban","Thanchi","Community Stakeholder",38,"Female","Tripura","HSC/Equivalent",6,11139,"No","Drought","Yes","No",3,"Yes",2,4,34,34,"Yes","Yes","Sometimes","Never",1,3,NA,1,0,"Severely Food Insecure",15
"COR-0142",2024-09-21,"Rangamati","Kaptai","Village Women Group (VWG)",22,"Female","Tanchangya","SSC/Equivalent",3,13321,"No","Erratic Rainfall","No","Yes",3,"No",2,4,60,65,"No","Yes","Often","Often",1,4,NA,2,0,"Food Secure",18
"COR-0143",2024-11-27,"Rangamati","Barkal","Youth Group",18,"Female","Chakma","No formal education",8,7728,"Yes","Flash Flood","No","Yes",3,"Yes",2,3,34,42,"No","No","Always","Often",1,2,NA,4,0,"Food Secure",12
"COR-0144",2024-10-10,"Khagrachari","Dighinala","Women's Climate Resilience Committee (WCRC)",46,"Female","Tanchangya","Primary (Class 1-5)",6,9311,"Yes","Landslide","No","Yes",3,"Yes",2,5,49,67,"No","Yes","Rarely","Always",4,1,3,4,1697,"Severely Food Insecure",12
"COR-0145",2024-09-25,"Khagrachari","Panchhari","Women's Climate Resilience Committee (WCRC)",36,"Female","Tanchangya","Primary (Class 1-5)",4,9487,"No","Drought","Yes","No",2,"Yes",4,6,24,32,"No","No","Often","Rarely",1,3,2,5,1686,"Food Secure",8
"COR-0146",2024-09-08,"Bandarban","Rowangchhari","Village Women Group (VWG)",45,"Female","Khumi","No formal education",6,11079,"No","Multiple","Yes","No",4,"Yes",3,5,45,64,"No","Yes","Sometimes","Often",1,3,NA,3,2082,"Mildly Food Insecure",19
"COR-0147",2024-11-04,"Khagrachari","Dighinala","Village Women Group (VWG)",55,"Female","Chakma","HSC/Equivalent",4,13135,"No","Multiple","Yes","No",3,"Yes",6,7,16,26,"No","Yes","Never","Sometimes",2,4,NA,4,2065,"Food Secure",15
"COR-0148",2024-10-09,"Rangamati","Rajasthali","Youth Group",21,"Female","Chakma","Primary (Class 1-5)",6,10810,"Yes","Drought","Yes","No",2,"Yes",4,6,24,31,"Yes","No","Always","Sometimes",2,5,NA,1,2345,"Food Secure",12
"COR-0149",2024-10-11,"Khagrachari","Mahalchhari","Local Government Representative",36,"Female","Pangkhua","No formal education",7,13699,"No","Flash Flood","Yes","Yes",3,"Yes",2,4,34,42,"Yes","No","Sometimes","Never",2,1,NA,2,795,"Food Secure",6
"COR-0150",2024-09-18,"Rangamati","Kaptai","Village Women Group (VWG)",35,"Female","Marma","SSC/Equivalent",3,15167,"No","Drought","No","Yes",4,"No",3,5,34,34,"No","Yes","Never","Always",1,3,NA,3,1858,"Moderately Food Insecure",13
"COR-0151",2024-10-19,"Rangamati","Naniarchar","Local Government Representative",46,"Female","Bengali","SSC/Equivalent",4,12368,"No","Flash Flood","Yes","No",3,"Yes",2,4,44,55,"Yes","Yes","Sometimes","Often",2,6,NA,4,0,"Mildly Food Insecure",16
"COR-0152",2024-11-22,"Khagrachari","Khagrachari Sadar","Local Government Representative",43,"Female","Chakma","Secondary (Class 6-10)",4,5707,"No","Erratic Rainfall","No","Yes",4,"Yes",3,6,30,44,"No","No","Rarely","Rarely",2,4,NA,4,0,"Food Secure",18
"COR-0153",2024-10-20,"Bandarban","Ruma","Village Women Group (VWG)",36,"Female","Marma","Primary (Class 1-5)",5,11233,"No","Multiple","No","Yes",2,"Yes",2,3,19,25,"No","Yes","Sometimes","Often",2,5,NA,4,0,"Food Secure",14
"COR-0154",2024-09-11,"Rangamati","Barkal","Local Government Representative",33,"Female","Khyang","Primary (Class 1-5)",8,9727,"No","Erratic Rainfall","No","No",2,"Yes",5,7,36,48,"No","Yes","Often","Sometimes",1,3,NA,1,836,"Moderately Food Insecure",15
"COR-0155",2024-10-10,"Bandarban","Rowangchhari","Women's Climate Resilience Committee (WCRC)",40,"Female","Marma","HSC/Equivalent",3,9806,"Yes","Multiple","No","No",4,"Yes",5,8,51,74,"Yes","Yes","Never","Sometimes",1,2,3,4,0,"Moderately Food Insecure",11
"COR-0156",2024-09-10,"Khagrachari","Khagrachari Sadar","Village Women Group (VWG)",44,"Female","Tripura","Primary (Class 1-5)",5,3000,"No","None","No","Yes",2,"Yes",1,3,16,23,"Yes","Yes","Sometimes","Sometimes",1,3,NA,4,2276,"Food Secure",12
"COR-0157",2024-09-26,"Rangamati","Baghaichhari","Women's Climate Resilience Committee (WCRC)",44,"Female","Pangkhua","Primary (Class 1-5)",4,8356,"Yes","Multiple","No","Yes",1,"Yes",0,1,43,48,"No","Yes","Rarely","Often",2,4,3,3,2208,"Mildly Food Insecure",15
"COR-0158",2024-10-08,"Rangamati","Naniarchar","Youth Group",20,"Female","Marma","SSC/Equivalent",6,10003,"No","Flash Flood","Yes","No",3,"Yes",4,6,40,52,"No","Yes","Rarely","Never",1,6,NA,3,1424,"Moderately Food Insecure",8
"COR-0159",2024-11-13,"Khagrachari","Mahalchhari","Village Women Group (VWG)",25,"Female","Tripura","Primary (Class 1-5)",4,12226,"No","Erratic Rainfall","Yes","Yes",2,"Yes",4,5,63,67,"No","Yes","Never","Often",5,4,NA,4,910,"Mildly Food Insecure",20
"COR-0160",2024-11-05,"Rangamati","Barkal","Women's Climate Resilience Committee (WCRC)",32,"Female","Chakma","Secondary (Class 6-10)",5,13816,"Yes","Landslide","No","No",3,"Yes",2,4,36,50,"No","Yes","Often","Rarely",2,2,3,4,0,"Mildly Food Insecure",12
"COR-0161",2024-09-09,"Rangamati","Rajasthali","Youth Group",22,"Female","Tripura","Secondary (Class 6-10)",4,14096,"No","Landslide","Yes","No",1,"No",4,5,43,45,"No","No","Never","Rarely",1,3,NA,2,1097,"Food Secure",12
"COR-0162",2024-09-06,"Bandarban","Alikadam","Women's Climate Resilience Committee (WCRC)",36,"Female","Tanchangya","SSC/Equivalent",4,12047,"Yes","None","Yes","No",4,"Yes",2,4,33,35,"No","No","Sometimes","Never",1,6,5,5,0,"Food Secure",7
"COR-0163",2024-11-27,"Bandarban","Rowangchhari","Village Women Group (VWG)",43,"Female","Tanchangya","Primary (Class 1-5)",7,11701,"No","Flash Flood","Yes","Yes",2,"Yes",1,2,31,36,"No","No","Sometimes","Sometimes",4,4,NA,4,2242,"Mildly Food Insecure",15
"COR-0164",2024-10-06,"Rangamati","Barkal","Youth Group",25,"Female","Murung","Primary (Class 1-5)",6,12033,"No","Multiple","Yes","Yes",3,"Yes",6,7,29,39,"Yes","Yes","Rarely","Sometimes",1,2,NA,4,1014,"Food Secure",10
"COR-0165",2024-09-28,"Bandarban","Rowangchhari","Women's Climate Resilience Committee (WCRC)",25,"Female","Chakma","Secondary (Class 6-10)",5,8095,"No","Landslide","No","No",2,"Yes",1,2,74,82,"No","Yes","Rarely","Sometimes",2,6,3,4,2678,"Food Secure",7
"COR-0166",2024-09-22,"Bandarban","Rowangchhari","Village Women Group (VWG)",38,"Female","Bengali","Primary (Class 1-5)",5,9913,"No","Multiple","Yes","No",3,"Yes",3,7,38,45,"No","Yes","Rarely","Rarely",2,4,NA,5,2129,"Moderately Food Insecure",14
"COR-0167",2024-10-01,"Rangamati","Baghaichhari","Women's Climate Resilience Committee (WCRC)",18,"Female","Tanchangya","Graduate and above",7,13856,"Yes","Landslide","Yes","No",3,"Yes",3,5,31,45,"Yes","No","Often","Often",1,2,3,4,0,"Moderately Food Insecure",14
"COR-0168",2024-11-04,"Khagrachari","Panchhari","Village Women Group (VWG)",34,"Female","Chakma","Primary (Class 1-5)",6,10677,"No","Landslide","Yes","Yes",3,"Yes",5,7,36,42,"No","No","Never","Rarely",1,4,NA,4,0,"Mildly Food Insecure",7
"COR-0169",2024-09-19,"Khagrachari","Lakshmichhari","Youth Group",20,"Female","Bengali","Primary (Class 1-5)",4,7031,"Yes","Multiple","No","Yes",2,"Yes",5,6,35,40,"No","Yes","Rarely","Often",4,3,NA,4,0,"Mildly Food Insecure",9
"COR-0170",2024-09-23,"Khagrachari","Dighinala","Women's Climate Resilience Committee (WCRC)",43,"Female","Tripura","Primary (Class 1-5)",2,13108,"No","Multiple","No","No",4,"No",1,5,20,38,"No","Yes","Rarely","Sometimes",5,1,3,3,1984,"Moderately Food Insecure",8
"COR-0171",2024-11-13,"Bandarban","Ruma","Youth Group",21,"Male","Khumi","Primary (Class 1-5)",5,3000,"Yes","Flash Flood","No","No",1,"Yes",2,3,58,60,"No","Yes","Often","Always",4,4,NA,5,1015,"Mildly Food Insecure",14
"COR-0172",2024-10-18,"Bandarban","Alikadam","Youth Group",18,"Female","Tripura","HSC/Equivalent",4,13045,"Yes","Erratic Rainfall","No","No",4,"Yes",2,6,32,49,"No","Yes","Often","Sometimes",1,6,NA,3,0,"Moderately Food Insecure",16
"COR-0173",2024-11-12,"Khagrachari","Lakshmichhari","Youth Group",26,"Male","Khyang","SSC/Equivalent",3,11940,"Yes","None","Yes","No",3,"Yes",0,1,27,30,"No","Yes","Sometimes","Rarely",2,3,NA,4,1971,"Food Secure",14
"COR-0174",2024-09-21,"Bandarban","Thanchi","Village Women Group (VWG)",47,"Female","Marma","Secondary (Class 6-10)",3,9760,"No","None","No","No",2,"Yes",3,4,50,60,"No","No","Sometimes","Often",2,2,NA,4,0,"Mildly Food Insecure",9
"COR-0175",2024-09-02,"Khagrachari","Dighinala","Local Government Representative",36,"Male","Chakma","HSC/Equivalent",4,12634,"No","Flash Flood","Yes","Yes",3,"Yes",2,5,63,70,"No","Yes","Never","Often",3,3,NA,4,2360,"Moderately Food Insecure",17
"COR-0176",2024-09-29,"Khagrachari","Khagrachari Sadar","Village Women Group (VWG)",35,"Female","Tripura","Secondary (Class 6-10)",5,13761,"No","Landslide","Yes","Yes",4,"Yes",3,5,28,32,"No","Yes","Rarely","Always",3,3,NA,4,0,"Food Secure",9
"COR-0177",2024-10-22,"Khagrachari","Mahalchhari","Youth Group",28,"Female","Bengali","SSC/Equivalent",4,7127,"Yes","None","No","No",2,"Yes",5,6,40,44,"No","Yes","Often","Sometimes",2,4,NA,5,0,"Mildly Food Insecure",10
"COR-0178",2024-10-27,"Rangamati","Baghaichhari","Women's Climate Resilience Committee (WCRC)",40,"Female","Pangkhua","Primary (Class 1-5)",5,9840,"Yes","Drought","Yes","No",1,"Yes",3,4,50,55,"No","No","Never","Often",1,3,4,4,0,"Severely Food Insecure",16
"COR-0179",2024-11-25,"Bandarban","Alikadam","Community Stakeholder",43,"Female","Pangkhua","No formal education",5,10548,"No","Landslide","Yes","Yes",1,"No",5,6,65,72,"Yes","Yes","Never","Often",1,2,NA,4,0,"Food Secure",11
"COR-0180",2024-10-03,"Khagrachari","Dighinala","Local Government Representative",33,"Female","Chakma","SSC/Equivalent",6,17412,"Yes","Flash Flood","Yes","Yes",3,"Yes",3,5,24,41,"No","No","Never","Always",3,3,NA,4,0,"Food Secure",13
"COR-0181",2024-09-27,"Rangamati","Barkal","Village Women Group (VWG)",41,"Female","Chakma","SSC/Equivalent",3,12567,"Yes","None","Yes","Yes",4,"Yes",2,6,38,59,"No","No","Rarely","Sometimes",1,6,NA,4,784,"Severely Food Insecure",8
"COR-0182",2024-10-16,"Bandarban","Alikadam","Local Government Representative",30,"Male","Murung","HSC/Equivalent",6,6948,"Yes","Erratic Rainfall","No","Yes",3,"Yes",3,5,38,48,"No","Yes","Always","Sometimes",4,1,NA,4,0,"Mildly Food Insecure",11
"COR-0183",2024-11-10,"Rangamati","Naniarchar","Local Government Representative",60,"Male","Chakma","SSC/Equivalent",5,14170,"Yes","Landslide","Yes","Yes",3,"No",4,5,28,37,"No","Yes","Sometimes","Often",4,3,NA,4,259,"Severely Food Insecure",14
"COR-0184",2024-11-18,"Bandarban","Rowangchhari","Youth Group",19,"Male","Tripura","SSC/Equivalent",5,13639,"Yes","None","No","Yes",4,"Yes",4,7,31,47,"No","Yes","Never","Often",2,4,NA,5,0,"Severely Food Insecure",12
"COR-0185",2024-10-24,"Rangamati","Rajasthali","Village Women Group (VWG)",33,"Female","Marma","Primary (Class 1-5)",6,12920,"Yes","Erratic Rainfall","Yes","No",3,"Yes",4,5,61,69,"No","Yes","Sometimes","Sometimes",4,2,NA,4,1934,"Food Secure",12
"COR-0186",2024-10-02,"Bandarban","Ruma","Local Government Representative",37,"Female","Chakma","Primary (Class 1-5)",6,8181,"Yes","Landslide","Yes","Yes",3,"No",4,7,24,38,"No","No","Often","Never",2,2,NA,2,1400,"Food Secure",15
"COR-0187",2024-10-14,"Bandarban","Rowangchhari","Village Women Group (VWG)",28,"Female","Tripura","Secondary (Class 6-10)",4,11182,"No","Multiple","No","Yes",2,"Yes",5,5,23,22,"Yes","No","Often","Never",3,3,NA,3,0,"Moderately Food Insecure",17
"COR-0188",2024-11-21,"Bandarban","Ruma","Village Women Group (VWG)",25,"Female","Marma","Secondary (Class 6-10)",3,12100,"No","Multiple","Yes","Yes",2,"Yes",3,4,16,24,"No","Yes","Rarely","Sometimes",2,1,NA,5,0,"Mildly Food Insecure",7
"COR-0189",2024-11-01,"Bandarban","Alikadam","Community Stakeholder",36,"Female","Chakma","SSC/Equivalent",6,4442,"Yes","None","No","Yes",1,"Yes",3,3,58,60,"No","Yes","Rarely","Often",2,3,NA,4,0,"Moderately Food Insecure",20
"COR-0190",2024-09-23,"Rangamati","Baghaichhari","Village Women Group (VWG)",49,"Female","Marma","Secondary (Class 6-10)",7,3177,"Yes","Erratic Rainfall","Yes","Yes",2,"Yes",5,6,29,37,"No","No","Rarely","Often",3,2,NA,5,1929,"Food Secure",13
"COR-0191",2024-10-26,"Rangamati","Naniarchar","Village Women Group (VWG)",44,"Female","Marma","Primary (Class 1-5)",4,7588,"No","Multiple","Yes","Yes",3,"Yes",3,5,54,72,"No","No","Never","Always",2,1,NA,5,0,"Mildly Food Insecure",18
"COR-0192",2024-09-03,"Rangamati","Rajasthali","Women's Climate Resilience Committee (WCRC)",31,"Female","Pangkhua","Primary (Class 1-5)",4,13277,"Yes","Landslide","No","Yes",2,"Yes",2,4,10,16,"No","No","Never","Often",2,2,4,4,1822,"Food Secure",8
"COR-0193",2024-09-23,"Rangamati","Kaptai","Women's Climate Resilience Committee (WCRC)",37,"Female","Chakma","SSC/Equivalent",6,3000,"Yes","Flash Flood","Yes","No",3,"Yes",6,7,34,51,"No","No","Never","Sometimes",1,3,2,3,0,"Mildly Food Insecure",15
"COR-0194",2024-09-02,"Rangamati","Naniarchar","Community Stakeholder",27,"Male","Bengali","Secondary (Class 6-10)",4,19741,"No","Landslide","Yes","No",3,"Yes",1,4,63,82,"No","No","Often","Often",1,2,NA,2,446,"Mildly Food Insecure",16
"COR-0195",2024-09-08,"Rangamati","Baghaichhari","Local Government Representative",28,"Female","Bengali","Primary (Class 1-5)",7,17047,"No","Landslide","No","No",2,"Yes",5,6,41,58,"No","Yes","Never","Always",2,2,NA,2,0,"Mildly Food Insecure",15
"COR-0196",2024-10-08,"Rangamati","Baghaichhari","Women's Climate Resilience Committee (WCRC)",47,"Female","Tanchangya","No formal education",5,3000,"No","Flash Flood","Yes","Yes",2,"Yes",4,6,43,47,"No","Yes","Often","Often",3,1,4,5,0,"Mildly Food Insecure",16
"COR-0197",2024-11-27,"Khagrachari","Khagrachari Sadar","Community Stakeholder",42,"Female","Chakma","Primary (Class 1-5)",2,18588,"Yes","Drought","Yes","Yes",2,"Yes",4,6,28,31,"No","No","Often","Sometimes",1,2,NA,4,0,"Moderately Food Insecure",12
"COR-0198",2024-09-09,"Khagrachari","Khagrachari Sadar","Village Women Group (VWG)",35,"Female","Tripura","Primary (Class 1-5)",7,9445,"Yes","Multiple","Yes","No",1,"Yes",5,6,28,34,"Yes","Yes","Always","Always",2,3,NA,3,493,"Food Secure",9
"COR-0199",2024-10-01,"Bandarban","Rowangchhari","Women's Climate Resilience Committee (WCRC)",49,"Female","Murung","Secondary (Class 6-10)",5,12511,"Yes","Multiple","No","Yes",3,"Yes",4,6,34,50,"No","Yes","Sometimes","Sometimes",2,4,4,5,3277,"Food Secure",13
"COR-0200",2024-11-11,"Bandarban","Rowangchhari","Women's Climate Resilience Committee (WCRC)",25,"Female","Marma","Primary (Class 1-5)",4,12978,"No","Multiple","No","Yes",3,"Yes",1,2,47,55,"No","Yes","Never","Never",1,2,4,4,1848,"Food Secure",13
"COR-0201",2024-11-19,"Bandarban","Thanchi","Youth Group",23,"Female","Bawm","Graduate and above",5,3921,"Yes","None","No","Yes",4,"Yes",2,5,51,60,"Yes","No","Always","Often",2,2,NA,2,1451,"Food Secure",16
"COR-0202",2024-11-17,"Rangamati","Baghaichhari","Community Stakeholder",42,"Male","Khumi","No formal education",5,10974,"No","Landslide","Yes","Yes",2,"Yes",3,3,25,33,"No","Yes","Rarely","Rarely",2,3,NA,4,2517,"Food Secure",15
"COR-0203",2024-11-25,"Khagrachari","Dighinala","Village Women Group (VWG)",37,"Female","Marma","Primary (Class 1-5)",6,13395,"Yes","Erratic Rainfall","Yes","No",1,"Yes",4,5,34,36,"Yes","No","Often","Always",3,3,NA,4,0,"Food Secure",13
"COR-0204",2024-11-17,"Rangamati","Kaptai","Women's Climate Resilience Committee (WCRC)",36,"Female","Marma","SSC/Equivalent",4,3791,"No","Flash Flood","Yes","No",3,"Yes",4,5,38,51,"No","Yes","Sometimes","Always",1,2,4,4,767,"Food Secure",11
"COR-0205",2024-09-10,"Bandarban","Ruma","Village Women Group (VWG)",30,"Female","Bengali","No formal education",5,10433,"No","Flash Flood","Yes","No",2,"No",5,7,61,67,"Yes","Yes","Sometimes","Often",3,3,NA,4,0,"Food Secure",17
"COR-0206",2024-10-21,"Rangamati","Baghaichhari","Village Women Group (VWG)",39,"Female","Marma","SSC/Equivalent",6,17917,"Yes","Flash Flood","Yes","Yes",2,"Yes",6,7,40,46,"No","Yes","Rarely","Often",1,2,NA,2,1528,"Moderately Food Insecure",13
"COR-0207",2024-10-24,"Khagrachari","Panchhari","Women's Climate Resilience Committee (WCRC)",39,"Female","Tanchangya","SSC/Equivalent",5,9988,"Yes","Erratic Rainfall","Yes","Yes",3,"Yes",2,4,55,64,"No","Yes","Often","Sometimes",3,3,3,2,0,"Food Secure",15
"COR-0208",2024-11-15,"Khagrachari","Mahalchhari","Village Women Group (VWG)",52,"Female","Chakma","No formal education",3,11608,"Yes","Flash Flood","Yes","No",1,"Yes",3,4,56,57,"Yes","Yes","Often","Never",1,1,NA,2,0,"Food Secure",16
"COR-0209",2024-09-23,"Rangamati","Rajasthali","Community Stakeholder",41,"Male","Marma","Secondary (Class 6-10)",6,12624,"No","Landslide","Yes","No",3,"Yes",4,6,38,48,"No","No","Rarely","Never",1,2,NA,5,0,"Food Secure",5
"COR-0210",2024-09-27,"Bandarban","Ruma","Youth Group",18,"Female","Chakma","Primary (Class 1-5)",5,11364,"No","Landslide","No","Yes",3,"Yes",2,6,33,38,"No","Yes","Rarely","Often",3,2,NA,4,2621,"Food Secure",17
"COR-0211",2024-10-29,"Khagrachari","Dighinala","Women's Climate Resilience Committee (WCRC)",36,"Female","Chakma","No formal education",4,13871,"Yes","Flash Flood","Yes","Yes",2,"No",6,6,32,45,"No","No","Never","Sometimes",2,3,3,4,1794,"Mildly Food Insecure",11
"COR-0212",2024-11-07,"Bandarban","Bandarban Sadar","Youth Group",24,"Female","Bawm","No formal education",5,5572,"Yes","Multiple","Yes","Yes",3,"Yes",3,4,22,42,"No","No","Sometimes","Always",4,2,NA,5,1512,"Food Secure",19
"COR-0213",2024-10-08,"Khagrachari","Mahalchhari","Village Women Group (VWG)",29,"Female","Bawm","Graduate and above",7,19147,"Yes","Landslide","Yes","Yes",3,"Yes",4,7,24,34,"No","No","Never","Sometimes",3,4,NA,4,2081,"Food Secure",15
"COR-0214",2024-11-28,"Khagrachari","Lakshmichhari","Village Women Group (VWG)",39,"Female","Tripura","SSC/Equivalent",2,10541,"No","Flash Flood","No","Yes",2,"Yes",4,6,12,21,"No","Yes","Rarely","Never",2,4,NA,3,2850,"Mildly Food Insecure",13
"COR-0215",2024-10-01,"Bandarban","Thanchi","Women's Climate Resilience Committee (WCRC)",18,"Female","Tripura","HSC/Equivalent",6,10041,"Yes","Flash Flood","Yes","Yes",2,"Yes",3,4,24,27,"No","No","Never","Always",2,4,5,4,2116,"Severely Food Insecure",17
"COR-0216",2024-11-21,"Khagrachari","Mahalchhari","Women's Climate Resilience Committee (WCRC)",55,"Female","Chakma","Primary (Class 1-5)",7,14711,"Yes","Erratic Rainfall","Yes","No",3,"Yes",3,5,47,50,"No","No","Never","Always",5,5,3,5,1293,"Food Secure",13
"COR-0217",2024-09-24,"Rangamati","Kaptai","Women's Climate Resilience Committee (WCRC)",40,"Female","Tanchangya","Graduate and above",5,13901,"No","None","No","No",4,"Yes",2,4,23,25,"No","Yes","Sometimes","Sometimes",2,3,4,3,2259,"Moderately Food Insecure",10
"COR-0218",2024-11-25,"Bandarban","Ruma","Community Stakeholder",48,"Female","Khumi","No formal education",6,11673,"Yes","Flash Flood","Yes","No",1,"Yes",4,4,29,32,"No","No","Never","Rarely",2,3,NA,2,0,"Moderately Food Insecure",15
"COR-0219",2024-10-23,"Rangamati","Kaptai","Local Government Representative",24,"Female","Bengali","Graduate and above",4,10406,"Yes","Multiple","Yes","Yes",3,"Yes",4,5,39,41,"No","Yes","Rarely","Always",2,5,NA,4,0,"Food Secure",16
"COR-0220",2024-10-04,"Rangamati","Naniarchar","Village Women Group (VWG)",48,"Female","Tripura","Primary (Class 1-5)",4,13704,"No","Multiple","Yes","Yes",3,"Yes",2,3,25,37,"No","Yes","Never","Rarely",5,3,NA,4,1716,"Food Secure",10
"COR-0221",2024-10-18,"Rangamati","Naniarchar","Women's Climate Resilience Committee (WCRC)",46,"Female","Chakma","Graduate and above",5,13881,"No","Landslide","Yes","Yes",3,"Yes",2,4,36,43,"No","Yes","Rarely","Often",1,6,5,4,1545,"Mildly Food Insecure",16
"COR-0222",2024-09-20,"Khagrachari","Dighinala","Youth Group",21,"Female","Tripura","Graduate and above",3,10479,"No","Drought","Yes","Yes",2,"Yes",3,4,52,59,"Yes","Yes","Rarely","Sometimes",2,2,NA,3,1499,"Moderately Food Insecure",15
"COR-0223",2024-10-14,"Bandarban","Ruma","Women's Climate Resilience Committee (WCRC)",41,"Female","Marma","Graduate and above",5,10001,"Yes","None","Yes","Yes",2,"No",2,4,49,52,"No","Yes","Rarely","Sometimes",1,1,4,3,0,"Moderately Food Insecure",15
"COR-0224",2024-11-09,"Khagrachari","Mahalchhari","Youth Group",23,"Female","Marma","Secondary (Class 6-10)",7,11583,"No","Multiple","No","Yes",3,"Yes",6,8,24,39,"No","No","Rarely","Often",1,2,NA,5,1684,"Mildly Food Insecure",9
"COR-0225",2024-10-19,"Rangamati","Baghaichhari","Village Women Group (VWG)",41,"Female","Tripura","Primary (Class 1-5)",4,15436,"Yes","Flash Flood","Yes","Yes",4,"No",4,6,43,45,"No","Yes","Often","Never",3,5,NA,3,0,"Food Secure",15
"COR-0226",2024-09-13,"Bandarban","Rowangchhari","Women's Climate Resilience Committee (WCRC)",28,"Female","Tripura","No formal education",6,9274,"Yes","Landslide","No","Yes",2,"Yes",5,7,39,50,"No","No","Sometimes","Sometimes",2,2,2,3,1769,"Severely Food Insecure",17
"COR-0227",2024-11-17,"Khagrachari","Lakshmichhari","Youth Group",23,"Female","Chakma","HSC/Equivalent",5,10456,"No","Multiple","Yes","Yes",3,"Yes",8,9,40,51,"No","No","Rarely","Sometimes",1,6,NA,5,0,"Mildly Food Insecure",13
"COR-0228",2024-11-09,"Bandarban","Ruma","Village Women Group (VWG)",35,"Female","Murung","Primary (Class 1-5)",6,14504,"No","Landslide","No","Yes",3,"Yes",2,4,45,59,"No","No","Rarely","Sometimes",2,4,NA,5,2048,"Moderately Food Insecure",19
"COR-0229",2024-10-17,"Rangamati","Kaptai","Women's Climate Resilience Committee (WCRC)",48,"Female","Marma","No formal education",2,16267,"Yes","Flash Flood","Yes","Yes",2,"Yes",3,4,37,47,"No","No","Rarely","Often",1,3,4,5,1709,"Severely Food Insecure",14
"COR-0230",2024-10-02,"Khagrachari","Dighinala","Youth Group",26,"Female","Chakma","SSC/Equivalent",5,7447,"No","Drought","No","Yes",2,"Yes",4,6,47,57,"No","Yes","Sometimes","Sometimes",1,1,NA,3,416,"Moderately Food Insecure",19
"COR-0231",2024-09-28,"Rangamati","Naniarchar","Village Women Group (VWG)",37,"Female","Chakma","Primary (Class 1-5)",6,10702,"No","Flash Flood","Yes","Yes",2,"No",3,5,63,74,"No","Yes","Rarely","Sometimes",1,2,NA,5,2934,"Food Secure",16
"COR-0232",2024-09-28,"Rangamati","Barkal","Women's Climate Resilience Committee (WCRC)",41,"Female","Bawm","Primary (Class 1-5)",4,12352,"Yes","Multiple","Yes","No",2,"Yes",1,2,24,27,"No","Yes","Rarely","Often",3,5,2,4,0,"Food Secure",9
"COR-0233",2024-10-06,"Bandarban","Alikadam","Youth Group",21,"Female","Marma","Primary (Class 1-5)",3,18950,"No","None","No","No",4,"No",2,5,52,66,"No","Yes","Always","Sometimes",1,5,NA,3,0,"Severely Food Insecure",15
"COR-0234",2024-10-16,"Rangamati","Kaptai","Youth Group",24,"Male","Murung","Secondary (Class 6-10)",7,13593,"No","Multiple","Yes","Yes",2,"Yes",1,3,43,43,"Yes","Yes","Never","Often",3,4,NA,3,2585,"Food Secure",15
"COR-0235",2024-09-13,"Bandarban","Thanchi","Women's Climate Resilience Committee (WCRC)",28,"Female","Khyang","Primary (Class 1-5)",4,16781,"Yes","None","No","Yes",2,"Yes",3,4,30,37,"No","Yes","Sometimes","Never",1,2,3,3,2335,"Moderately Food Insecure",14
"COR-0236",2024-11-27,"Bandarban","Thanchi","Village Women Group (VWG)",33,"Female","Tripura","No formal education",4,5672,"Yes","Flash Flood","No","Yes",3,"Yes",4,7,30,37,"No","Yes","Never","Often",3,4,NA,4,793,"Food Secure",10
"COR-0237",2024-10-23,"Khagrachari","Panchhari","Women's Climate Resilience Committee (WCRC)",48,"Female","Marma","Primary (Class 1-5)",3,14678,"Yes","Flash Flood","Yes","Yes",4,"Yes",4,8,75,98,"No","No","Rarely","Sometimes",3,3,4,3,1978,"Mildly Food Insecure",15
"COR-0238",2024-09-16,"Rangamati","Rajasthali","Village Women Group (VWG)",41,"Female","Marma","Secondary (Class 6-10)",6,10828,"No","None","Yes","Yes",3,"Yes",3,6,50,50,"No","No","Never","Often",3,4,NA,3,2344,"Moderately Food Insecure",11
"COR-0239",2024-11-05,"Bandarban","Bandarban Sadar","Youth Group",21,"Female","Chakma","No formal education",6,11956,"Yes","Landslide","No","Yes",3,"No",3,4,44,55,"No","Yes","Never","Often",1,3,NA,5,564,"Food Secure",13
"COR-0240",2024-11-10,"Bandarban","Rowangchhari","Community Stakeholder",39,"Female","Chakma","Secondary (Class 6-10)",7,12187,"Yes","Multiple","Yes","Yes",1,"No",6,7,26,30,"Yes","No","Never","Sometimes",2,3,NA,5,3108,"Mildly Food Insecure",10
"COR-0241",2024-11-11,"Khagrachari","Dighinala","Women's Climate Resilience Committee (WCRC)",41,"Female","Tripura","No formal education",6,3128,"No","Flash Flood","Yes","Yes",4,"Yes",1,3,42,63,"Yes","Yes","Rarely","Always",2,4,1,5,2155,"Mildly Food Insecure",8
"COR-0242",2024-11-20,"Rangamati","Naniarchar","Community Stakeholder",35,"Female","Tripura","Primary (Class 1-5)",5,6409,"No","Erratic Rainfall","Yes","Yes",1,"Yes",4,5,26,28,"No","Yes","Always","Often",1,5,NA,3,2599,"Moderately Food Insecure",11
"COR-0243",2024-10-19,"Rangamati","Kaptai","Youth Group",18,"Female","Marma","Secondary (Class 6-10)",5,15432,"Yes","Multiple","Yes","Yes",3,"No",2,3,40,54,"No","Yes","Never","Often",4,4,NA,4,517,"Food Secure",20
"COR-0244",2024-10-11,"Khagrachari","Khagrachari Sadar","Women's Climate Resilience Committee (WCRC)",38,"Female","Marma","No formal education",4,19789,"Yes","None","No","No",3,"Yes",5,6,64,73,"No","Yes","Rarely","Always",3,5,3,4,0,"Mildly Food Insecure",10
"COR-0245",2024-10-20,"Rangamati","Baghaichhari","Community Stakeholder",39,"Male","Pangkhua","Primary (Class 1-5)",4,13458,"Yes","Multiple","No","Yes",4,"No",0,5,41,56,"No","No","Sometimes","Sometimes",3,6,NA,3,0,"Moderately Food Insecure",14
"COR-0246",2024-11-11,"Rangamati","Kaptai","Village Women Group (VWG)",35,"Female","Marma","HSC/Equivalent",4,10088,"Yes","Drought","Yes","Yes",3,"Yes",2,5,38,41,"No","No","Never","Sometimes",1,2,NA,4,2028,"Severely Food Insecure",15
"COR-0247",2024-10-03,"Khagrachari","Mahalchhari","Women's Climate Resilience Committee (WCRC)",49,"Female","Chakma","SSC/Equivalent",4,6316,"Yes","Landslide","Yes","No",4,"Yes",5,7,27,54,"No","Yes","Sometimes","Often",2,1,2,5,0,"Severely Food Insecure",16
"COR-0248",2024-09-01,"Bandarban","Bandarban Sadar","Women's Climate Resilience Committee (WCRC)",35,"Female","Marma","SSC/Equivalent",6,13368,"No","Flash Flood","No","Yes",3,"Yes",2,4,72,92,"No","Yes","Never","Often",1,2,3,4,0,"Food Secure",11
"COR-0249",2024-09-21,"Rangamati","Naniarchar","Village Women Group (VWG)",47,"Female","Tripura","No formal education",4,7439,"Yes","Landslide","Yes","No",2,"Yes",1,3,32,38,"No","No","Never","Sometimes",3,3,NA,3,1008,"Mildly Food Insecure",12
"COR-0250",2024-09-05,"Bandarban","Rowangchhari","Village Women Group (VWG)",45,"Female","Marma","Primary (Class 1-5)",5,7979,"No","Flash Flood","No","No",3,"Yes",3,5,58,76,"No","Yes","Often","Always",3,2,NA,5,2651,"Mildly Food Insecure",7
"COR-0251",2024-10-29,"Khagrachari","Khagrachari Sadar","Women's Climate Resilience Committee (WCRC)",42,"Female","Chakma","SSC/Equivalent",4,12505,"No","Flash Flood","Yes","Yes",4,"No",1,4,34,27,"No","Yes","Never","Always",1,2,4,4,0,"Severely Food Insecure",11
"COR-0252",2024-10-06,"Rangamati","Baghaichhari","Local Government Representative",37,"Female","Bawm","No formal education",5,10364,"Yes","Erratic Rainfall","No","Yes",3,"No",2,4,41,54,"No","Yes","Never","Rarely",3,3,NA,4,2531,"Food Secure",11
"COR-0253",2024-10-16,"Rangamati","Kaptai","Village Women Group (VWG)",30,"Female","Bengali","No formal education",4,7970,"No","Drought","Yes","No",3,"No",2,4,63,62,"Yes","Yes","Never","Sometimes",1,5,NA,4,1757,"Mildly Food Insecure",11
"COR-0254",2024-09-02,"Khagrachari","Dighinala","Village Women Group (VWG)",33,"Female","Murung","No formal education",6,11958,"No","Landslide","Yes","No",2,"Yes",3,4,42,46,"No","Yes","Never","Sometimes",2,1,NA,4,1477,"Severely Food Insecure",11
"COR-0255",2024-11-12,"Rangamati","Kaptai","Youth Group",23,"Female","Bengali","Primary (Class 1-5)",5,6662,"Yes","Multiple","No","Yes",2,"No",2,4,23,28,"No","Yes","Rarely","Sometimes",2,5,NA,5,2141,"Food Secure",12
"COR-0256",2024-11-27,"Khagrachari","Khagrachari Sadar","Local Government Representative",47,"Female","Marma","SSC/Equivalent",4,10532,"Yes","Multiple","No","Yes",4,"No",3,7,65,71,"No","Yes","Sometimes","Sometimes",1,2,NA,4,2947,"Food Secure",15
"COR-0257",2024-09-25,"Rangamati","Barkal","Community Stakeholder",30,"Female","Bengali","HSC/Equivalent",4,15096,"Yes","Flash Flood","No","Yes",2,"Yes",5,6,11,15,"No","Yes","Rarely","Sometimes",3,4,NA,4,0,"Mildly Food Insecure",12
"COR-0258",2024-11-13,"Rangamati","Barkal","Village Women Group (VWG)",54,"Female","Chakma","SSC/Equivalent",5,8852,"No","Erratic Rainfall","Yes","Yes",2,"Yes",2,3,41,46,"No","Yes","Rarely","Rarely",4,5,NA,2,957,"Mildly Food Insecure",20
"COR-0259",2024-09-08,"Khagrachari","Khagrachari Sadar","Local Government Representative",30,"Female","Bawm","Primary (Class 1-5)",3,12231,"Yes","Multiple","Yes","Yes",2,"Yes",2,4,42,51,"No","No","Never","Sometimes",2,4,NA,5,2676,"Food Secure",6
"COR-0260",2024-11-21,"Rangamati","Naniarchar","Women's Climate Resilience Committee (WCRC)",22,"Female","Tripura","Secondary (Class 6-10)",5,13862,"No","Landslide","Yes","Yes",4,"Yes",2,3,28,49,"No","No","Often","Sometimes",3,2,1,3,2243,"Severely Food Insecure",20
"COR-0261",2024-11-07,"Rangamati","Baghaichhari","Village Women Group (VWG)",22,"Female","Marma","HSC/Equivalent",5,16609,"Yes","Multiple","No","No",2,"Yes",5,6,32,38,"No","No","Never","Often",3,3,NA,4,1381,"Severely Food Insecure",16
"COR-0262",2024-11-02,"Rangamati","Barkal","Village Women Group (VWG)",29,"Female","Chakma","HSC/Equivalent",5,6706,"Yes","Erratic Rainfall","Yes","No",2,"Yes",3,4,38,47,"No","No","Sometimes","Sometimes",2,3,NA,4,0,"Food Secure",18
"COR-0263",2024-10-20,"Khagrachari","Dighinala","Community Stakeholder",40,"Female","Chakma","SSC/Equivalent",5,12363,"Yes","Drought","Yes","No",1,"Yes",4,5,30,33,"Yes","Yes","Never","Sometimes",1,3,NA,4,1522,"Mildly Food Insecure",7
"COR-0264",2024-10-18,"Bandarban","Thanchi","Women's Climate Resilience Committee (WCRC)",42,"Female","Bengali","Graduate and above",5,12386,"Yes","Multiple","No","No",3,"No",2,4,30,38,"No","No","Sometimes","Sometimes",3,2,4,4,2297,"Moderately Food Insecure",15
"COR-0265",2024-11-28,"Rangamati","Kaptai","Village Women Group (VWG)",41,"Female","Chakma","No formal education",7,15566,"No","Multiple","Yes","No",3,"No",4,5,37,49,"No","No","Often","Rarely",1,3,NA,5,612,"Food Secure",17
"COR-0266",2024-10-27,"Khagrachari","Lakshmichhari","Community Stakeholder",33,"Female","Khumi","Secondary (Class 6-10)",4,15600,"No","Flash Flood","Yes","No",2,"No",4,6,45,51,"No","Yes","Never","Rarely",2,4,NA,3,0,"Food Secure",6
"COR-0267",2024-11-10,"Khagrachari","Khagrachari Sadar","Community Stakeholder",39,"Female","Khyang","SSC/Equivalent",5,4686,"Yes","Multiple","No","No",2,"No",1,3,34,47,"No","Yes","Often","Sometimes",1,2,NA,3,1313,"Moderately Food Insecure",13
"COR-0268",2024-09-25,"Rangamati","Naniarchar","Youth Group",19,"Male","Chakma","Graduate and above",7,12384,"No","Erratic Rainfall","Yes","Yes",2,"Yes",3,5,36,42,"No","Yes","Rarely","Often",2,3,NA,5,1735,"Severely Food Insecure",20
"COR-0269",2024-10-04,"Bandarban","Ruma","Local Government Representative",42,"Female","Chakma","SSC/Equivalent",3,11242,"No","Flash Flood","Yes","No",2,"Yes",2,3,49,59,"No","No","Never","Rarely",1,1,NA,5,2567,"Moderately Food Insecure",17
"COR-0270",2024-09-22,"Bandarban","Bandarban Sadar","Youth Group",22,"Female","Chakma","SSC/Equivalent",5,9834,"No","Multiple","Yes","Yes",3,"Yes",4,5,27,38,"Yes","No","Never","Sometimes",5,2,NA,5,1730,"Food Secure",6
"COR-0271",2024-11-04,"Rangamati","Barkal","Women's Climate Resilience Committee (WCRC)",47,"Female","Murung","SSC/Equivalent",6,6850,"No","Landslide","No","Yes",3,"Yes",4,6,27,42,"No","Yes","Always","Often",1,2,5,4,1226,"Mildly Food Insecure",12
"COR-0272",2024-11-26,"Rangamati","Naniarchar","Community Stakeholder",26,"Female","Bengali","No formal education",3,12546,"No","Flash Flood","Yes","Yes",4,"No",3,5,41,60,"Yes","No","Often","Sometimes",2,2,NA,1,0,"Mildly Food Insecure",10
"COR-0273",2024-10-31,"Rangamati","Baghaichhari","Community Stakeholder",33,"Female","Chakma","Primary (Class 1-5)",7,13706,"Yes","Flash Flood","Yes","No",2,"Yes",2,3,38,49,"No","Yes","Rarely","Always",1,4,NA,3,2320,"Food Secure",9
"COR-0274",2024-11-15,"Rangamati","Naniarchar","Village Women Group (VWG)",18,"Female","Chakma","SSC/Equivalent",5,12208,"Yes","None","Yes","Yes",2,"Yes",4,5,57,64,"Yes","Yes","Never","Sometimes",1,2,NA,4,0,"Mildly Food Insecure",15
"COR-0275",2024-11-14,"Bandarban","Ruma","Women's Climate Resilience Committee (WCRC)",35,"Female","Tripura","Secondary (Class 6-10)",7,3000,"Yes","Multiple","Yes","Yes",2,"No",4,5,47,51,"No","Yes","Sometimes","Often",2,5,2,2,1086,"Food Secure",9
"COR-0276",2024-11-24,"Khagrachari","Khagrachari Sadar","Women's Climate Resilience Committee (WCRC)",20,"Female","Tanchangya","SSC/Equivalent",7,19002,"Yes","Drought","Yes","Yes",3,"No",3,6,52,54,"No","Yes","Sometimes","Rarely",2,3,4,5,2138,"Food Secure",13
"COR-0277",2024-11-10,"Khagrachari","Dighinala","Village Women Group (VWG)",47,"Female","Bengali","Secondary (Class 6-10)",3,6632,"No","Landslide","Yes","Yes",2,"Yes",3,4,50,58,"No","Yes","Rarely","Always",2,1,NA,4,0,"Food Secure",8
"COR-0278",2024-11-18,"Rangamati","Barkal","Women's Climate Resilience Committee (WCRC)",48,"Female","Chakma","No formal education",6,14657,"Yes","Drought","No","Yes",4,"Yes",2,3,17,30,"No","Yes","Often","Often",3,5,3,4,0,"Mildly Food Insecure",12
"COR-0279",2024-10-18,"Khagrachari","Mahalchhari","Village Women Group (VWG)",26,"Female","Chakma","No formal education",5,8581,"Yes","Erratic Rainfall","Yes","Yes",3,"Yes",1,2,39,54,"No","Yes","Never","Sometimes",5,5,NA,5,2366,"Food Secure",10
"COR-0280",2024-09-03,"Bandarban","Alikadam","Youth Group",22,"Male","Khumi","Secondary (Class 6-10)",4,11202,"No","Flash Flood","Yes","Yes",3,"Yes",5,8,40,52,"No","Yes","Often","Always",2,4,NA,4,0,"Severely Food Insecure",18
"COR-0281",2024-10-17,"Bandarban","Rowangchhari","Village Women Group (VWG)",26,"Female","Chakma","Primary (Class 1-5)",5,13163,"Yes","Flash Flood","Yes","No",2,"No",3,4,49,56,"No","Yes","Often","Often",3,3,NA,4,1925,"Moderately Food Insecure",12
"COR-0282",2024-11-25,"Khagrachari","Lakshmichhari","Village Women Group (VWG)",32,"Female","Marma","Secondary (Class 6-10)",6,12033,"No","Flash Flood","Yes","No",2,"Yes",2,3,52,64,"No","Yes","Rarely","Often",1,1,NA,4,0,"Moderately Food Insecure",10
"COR-0283",2024-10-13,"Rangamati","Barkal","Community Stakeholder",50,"Male","Tripura","SSC/Equivalent",3,16084,"No","Flash Flood","No","Yes",2,"Yes",3,4,43,53,"Yes","No","Rarely","Sometimes",2,3,NA,4,1480,"Mildly Food Insecure",11
"COR-0284",2024-10-21,"Khagrachari","Mahalchhari","Women's Climate Resilience Committee (WCRC)",48,"Female","Chakma","Secondary (Class 6-10)",4,13241,"Yes","Flash Flood","Yes","Yes",2,"Yes",5,6,29,30,"No","No","Sometimes","Never",1,5,2,3,2659,"Food Secure",20
"COR-0285",2024-11-27,"Rangamati","Naniarchar","Village Women Group (VWG)",35,"Female","Chakma","Primary (Class 1-5)",6,7359,"Yes","Multiple","Yes","Yes",4,"Yes",1,5,20,31,"Yes","Yes","Always","Rarely",3,3,NA,1,0,"Food Secure",9
"COR-0286",2024-09-19,"Rangamati","Barkal","Village Women Group (VWG)",37,"Female","Bengali","Secondary (Class 6-10)",5,16355,"Yes","Landslide","Yes","Yes",2,"No",2,3,64,68,"No","Yes","Rarely","Rarely",2,1,NA,3,0,"Moderately Food Insecure",17
"COR-0287",2024-10-31,"Bandarban","Ruma","Women's Climate Resilience Committee (WCRC)",34,"Female","Tanchangya","No formal education",6,12787,"No","Erratic Rainfall","Yes","Yes",3,"Yes",5,6,37,52,"No","Yes","Rarely","Never",2,4,4,4,1343,"Mildly Food Insecure",12
"COR-0288",2024-10-05,"Bandarban","Alikadam","Youth Group",23,"Male","Tripura","Graduate and above",3,11843,"Yes","Flash Flood","No","Yes",4,"No",4,5,37,51,"No","Yes","Never","Sometimes",1,3,NA,4,0,"Mildly Food Insecure",12
"COR-0289",2024-11-23,"Bandarban","Bandarban Sadar","Youth Group",21,"Male","Chakma","HSC/Equivalent",4,17634,"No","Flash Flood","Yes","No",2,"No",1,2,39,50,"No","No","Often","Often",3,1,NA,3,1251,"Food Secure",13
"COR-0290",2024-09-06,"Rangamati","Kaptai","Village Women Group (VWG)",38,"Female","Bawm","Secondary (Class 6-10)",4,11754,"No","Multiple","No","No",3,"Yes",4,7,43,53,"Yes","Yes","Rarely","Rarely",3,2,NA,4,0,"Food Secure",13
"COR-0291",2024-10-03,"Bandarban","Rowangchhari","Community Stakeholder",37,"Female","Chakma","Secondary (Class 6-10)",6,8122,"Yes","Drought","No","Yes",4,"No",4,10,54,67,"No","No","Rarely","Always",3,4,NA,4,1639,"Mildly Food Insecure",15
"COR-0292",2024-09-25,"Bandarban","Rowangchhari","Village Women Group (VWG)",53,"Female","Tripura","No formal education",7,14620,"No","Flash Flood","Yes","No",4,"No",6,9,52,68,"No","Yes","Often","Always",3,4,NA,4,1663,"Food Secure",12
"COR-0293",2024-11-06,"Bandarban","Thanchi","Women's Climate Resilience Committee (WCRC)",26,"Female","Marma","No formal education",4,17337,"Yes","Multiple","No","Yes",1,"No",4,5,34,39,"No","Yes","Never","Always",1,1,3,5,1703,"Severely Food Insecure",17
"COR-0294",2024-10-11,"Bandarban","Rowangchhari","Village Women Group (VWG)",44,"Female","Tripura","SSC/Equivalent",5,12656,"No","Erratic Rainfall","Yes","Yes",3,"No",0,1,29,40,"No","Yes","Never","Never",3,1,NA,4,2141,"Moderately Food Insecure",18
"COR-0295",2024-11-29,"Khagrachari","Khagrachari Sadar","Youth Group",25,"Male","Marma","No formal education",6,13538,"Yes","Multiple","Yes","No",2,"Yes",4,5,24,32,"No","No","Never","Always",3,3,NA,5,0,"Mildly Food Insecure",18
"COR-0296",2024-11-24,"Khagrachari","Panchhari","Youth Group",27,"Female","Marma","HSC/Equivalent",3,8795,"No","Erratic Rainfall","Yes","Yes",2,"Yes",4,5,20,29,"Yes","Yes","Never","Often",1,1,NA,5,1125,"Severely Food Insecure",11
"COR-0297",2024-11-06,"Bandarban","Ruma","Village Women Group (VWG)",34,"Female","Tanchangya","Primary (Class 1-5)",8,12755,"No","Erratic Rainfall","Yes","Yes",1,"Yes",6,6,35,36,"Yes","No","Rarely","Rarely",4,1,NA,5,0,"Mildly Food Insecure",20
"COR-0298",2024-10-10,"Bandarban","Bandarban Sadar","Women's Climate Resilience Committee (WCRC)",47,"Female","Tripura","Secondary (Class 6-10)",4,14921,"Yes","Erratic Rainfall","Yes","No",3,"Yes",3,5,39,51,"No","No","Rarely","Always",1,3,2,4,319,"Food Secure",15
"COR-0299",2024-10-15,"Bandarban","Alikadam","Youth Group",21,"Female","Khyang","Secondary (Class 6-10)",3,12433,"No","Erratic Rainfall","Yes","No",1,"No",5,6,48,51,"No","Yes","Often","Often",2,3,NA,2,1502,"Mildly Food Insecure",10
"COR-0300",2024-09-17,"Rangamati","Naniarchar","Village Women Group (VWG)",45,"Female","Chakma","Secondary (Class 6-10)",4,8455,"No","None","No","No",3,"Yes",1,3,43,61,"No","No","Sometimes","Sometimes",2,3,NA,5,0,"Severely Food Insecure",14
"COR-0301",2024-09-11,"Rangamati","Barkal","Local Government Representative",39,"Female","Bengali","Secondary (Class 6-10)",5,13320,"Yes","Erratic Rainfall","Yes","Yes",4,"Yes",2,5,31,38,"No","Yes","Rarely","Often",3,4,NA,5,0,"Food Secure",10
"COR-0302",2024-11-10,"Khagrachari","Dighinala","Community Stakeholder",25,"Female","Bengali","No formal education",5,12743,"No","Landslide","No","No",2,"Yes",2,3,10,17,"No","No","Sometimes","Always",1,2,NA,5,1573,"Severely Food Insecure",8
"COR-0303",2024-10-25,"Khagrachari","Dighinala","Local Government Representative",36,"Male","Marma","Secondary (Class 6-10)",7,12994,"Yes","Landslide","Yes","Yes",4,"Yes",3,8,50,69,"No","Yes","Often","Often",3,3,NA,4,1094,"Mildly Food Insecure",16
"COR-0304",2024-10-07,"Bandarban","Rowangchhari","Village Women Group (VWG)",57,"Female","Chakma","No formal education",5,11257,"No","Landslide","Yes","Yes",3,"Yes",2,4,47,51,"No","Yes","Always","Always",1,1,NA,3,888,"Mildly Food Insecure",14
"COR-0305",2024-11-30,"Bandarban","Alikadam","Village Women Group (VWG)",29,"Female","Tanchangya","No formal education",5,4926,"Yes","Landslide","No","Yes",3,"No",4,6,21,30,"No","No","Sometimes","Often",1,3,NA,4,2424,"Moderately Food Insecure",14
"COR-0306",2024-10-19,"Rangamati","Kaptai","Village Women Group (VWG)",52,"Female","Chakma","Secondary (Class 6-10)",4,14613,"Yes","Erratic Rainfall","Yes","Yes",4,"Yes",2,3,27,41,"No","Yes","Rarely","Never",3,4,NA,2,1680,"Mildly Food Insecure",16
"COR-0307",2024-11-23,"Bandarban","Rowangchhari","Youth Group",23,"Male","Tripura","Primary (Class 1-5)",5,8831,"No","Landslide","Yes","No",4,"Yes",2,4,52,62,"No","Yes","Often","Rarely",2,5,NA,3,0,"Food Secure",15
"COR-0308",2024-10-01,"Khagrachari","Panchhari","Village Women Group (VWG)",44,"Female","Marma","No formal education",6,13703,"Yes","Landslide","Yes","Yes",4,"Yes",3,4,33,51,"No","No","Always","Sometimes",2,4,NA,4,0,"Moderately Food Insecure",15
"COR-0309",2024-09-12,"Rangamati","Kaptai","Village Women Group (VWG)",40,"Female","Chakma","Graduate and above",3,18076,"No","Landslide","Yes","No",3,"Yes",8,9,42,43,"No","Yes","Rarely","Sometimes",1,1,NA,5,297,"Food Secure",11
"COR-0310",2024-09-12,"Bandarban","Alikadam","Women's Climate Resilience Committee (WCRC)",47,"Female","Marma","Secondary (Class 6-10)",4,8906,"No","Multiple","No","Yes",4,"Yes",5,8,32,48,"No","No","Rarely","Often",2,2,3,3,1142,"Moderately Food Insecure",13
"COR-0311",2024-09-14,"Rangamati","Rajasthali","Village Women Group (VWG)",42,"Female","Marma","Primary (Class 1-5)",7,12011,"Yes","Landslide","No","Yes",3,"Yes",4,8,28,42,"No","Yes","Never","Sometimes",2,2,NA,5,1150,"Severely Food Insecure",14
"COR-0312",2024-11-06,"Rangamati","Kaptai","Women's Climate Resilience Committee (WCRC)",45,"Female","Murung","Primary (Class 1-5)",4,8039,"No","Multiple","No","No",2,"Yes",4,5,40,43,"No","Yes","Rarely","Sometimes",2,3,4,4,828,"Mildly Food Insecure",18
"COR-0313",2024-11-12,"Khagrachari","Dighinala","Youth Group",23,"Male","Chakma","Primary (Class 1-5)",4,10380,"Yes","Landslide","Yes","Yes",4,"Yes",5,8,45,51,"No","Yes","Rarely","Often",1,3,NA,3,0,"Severely Food Insecure",13
"COR-0314",2024-10-31,"Rangamati","Kaptai","Youth Group",23,"Female","Chakma","Primary (Class 1-5)",5,12210,"No","Drought","Yes","No",1,"No",4,5,50,54,"No","Yes","Rarely","Always",3,5,NA,4,0,"Mildly Food Insecure",20
"COR-0315",2024-10-22,"Rangamati","Naniarchar","Women's Climate Resilience Committee (WCRC)",45,"Female","Chakma","No formal education",8,11784,"No","Drought","No","Yes",3,"No",2,4,43,55,"No","No","Always","Always",2,5,4,5,0,"Food Secure",11
"COR-0316",2024-10-16,"Rangamati","Barkal","Women's Climate Resilience Committee (WCRC)",28,"Female","Bengali","HSC/Equivalent",5,8761,"Yes","Landslide","Yes","Yes",3,"Yes",3,6,47,59,"No","Yes","Always","Sometimes",4,3,3,5,990,"Mildly Food Insecure",20
"COR-0317",2024-10-14,"Rangamati","Baghaichhari","Women's Climate Resilience Committee (WCRC)",36,"Female","Bawm","Primary (Class 1-5)",3,8713,"Yes","Landslide","Yes","Yes",4,"Yes",3,4,48,56,"Yes","No","Always","Often",5,1,2,4,0,"Moderately Food Insecure",12
"COR-0318",2024-11-05,"Bandarban","Thanchi","Women's Climate Resilience Committee (WCRC)",57,"Female","Bawm","HSC/Equivalent",4,11960,"No","Erratic Rainfall","Yes","No",3,"No",3,5,50,68,"Yes","Yes","Sometimes","Often",2,3,2,4,1352,"Moderately Food Insecure",11
"COR-0319",2024-10-18,"Khagrachari","Khagrachari Sadar","Community Stakeholder",33,"Male","Pangkhua","HSC/Equivalent",3,11666,"Yes","Multiple","Yes","Yes",2,"Yes",1,2,57,67,"No","No","Never","Never",2,3,NA,4,2453,"Moderately Food Insecure",12
"COR-0320",2024-11-25,"Rangamati","Barkal","Women's Climate Resilience Committee (WCRC)",40,"Female","Marma","Primary (Class 1-5)",3,17176,"Yes","Landslide","Yes","Yes",2,"Yes",2,4,50,56,"No","Yes","Often","Often",2,1,3,4,0,"Moderately Food Insecure",11
"COR-0321",2024-09-03,"Bandarban","Thanchi","Community Stakeholder",61,"Female","Marma","No formal education",2,8518,"Yes","Landslide","No","Yes",1,"Yes",2,3,59,64,"Yes","Yes","Never","Always",2,5,NA,3,3441,"Moderately Food Insecure",10
"COR-0322",2024-10-21,"Khagrachari","Khagrachari Sadar","Village Women Group (VWG)",57,"Female","Tanchangya","No formal education",7,9499,"Yes","Flash Flood","Yes","No",3,"Yes",1,3,59,66,"No","No","Never","Sometimes",3,2,NA,3,939,"Food Secure",10
"COR-0323",2024-11-14,"Khagrachari","Mahalchhari","Village Women Group (VWG)",30,"Female","Chakma","Secondary (Class 6-10)",5,14068,"Yes","Flash Flood","Yes","Yes",3,"Yes",3,5,38,49,"Yes","Yes","Rarely","Sometimes",3,1,NA,4,3514,"Mildly Food Insecure",10
"COR-0324",2024-10-11,"Bandarban","Ruma","Community Stakeholder",36,"Male","Chakma","No formal education",4,13736,"Yes","Multiple","Yes","Yes",2,"Yes",4,5,11,21,"No","Yes","Never","Always",2,3,NA,5,851,"Food Secure",12
"COR-0325",2024-11-16,"Khagrachari","Khagrachari Sadar","Youth Group",28,"Female","Khumi","Secondary (Class 6-10)",5,12126,"Yes","Landslide","Yes","No",4,"Yes",2,5,22,31,"Yes","Yes","Rarely","Sometimes",4,2,NA,1,1063,"Mildly Food Insecure",12
"COR-0326",2024-10-19,"Khagrachari","Khagrachari Sadar","Women's Climate Resilience Committee (WCRC)",44,"Female","Chakma","Graduate and above",6,8130,"No","Drought","No","No",2,"Yes",2,2,38,45,"No","Yes","Rarely","Often",1,6,4,5,2251,"Food Secure",10
"COR-0327",2024-10-04,"Bandarban","Alikadam","Village Women Group (VWG)",32,"Female","Tanchangya","No formal education",5,10025,"No","Landslide","Yes","Yes",4,"No",0,3,48,58,"No","No","Often","Sometimes",4,3,NA,4,2531,"Food Secure",20
"COR-0328",2024-09-11,"Bandarban","Rowangchhari","Community Stakeholder",36,"Female","Marma","Secondary (Class 6-10)",4,10073,"No","Multiple","No","Yes",2,"Yes",4,5,25,27,"No","Yes","Always","Rarely",3,1,NA,5,0,"Food Secure",9
"COR-0329",2024-09-24,"Rangamati","Kaptai","Village Women Group (VWG)",41,"Female","Marma","Secondary (Class 6-10)",5,13004,"Yes","Multiple","No","Yes",1,"Yes",3,4,29,31,"Yes","Yes","Often","Sometimes",1,6,NA,5,2683,"Food Secure",12
"COR-0330",2024-09-30,"Rangamati","Naniarchar","Community Stakeholder",35,"Female","Chakma","SSC/Equivalent",4,15041,"Yes","Flash Flood","No","No",2,"No",4,6,21,20,"Yes","No","Never","Often",1,2,NA,2,1733,"Mildly Food Insecure",11
"COR-0331",2024-09-14,"Rangamati","Kaptai","Women's Climate Resilience Committee (WCRC)",44,"Female","Tripura","Secondary (Class 6-10)",6,12751,"Yes","Landslide","Yes","No",3,"Yes",2,5,30,47,"No","Yes","Never","Sometimes",4,4,4,5,1388,"Moderately Food Insecure",14
"COR-0332",2024-11-19,"Bandarban","Rowangchhari","Community Stakeholder",44,"Female","Chakma","SSC/Equivalent",5,12222,"Yes","Flash Flood","No","Yes",4,"Yes",3,7,25,46,"No","Yes","Rarely","Sometimes",1,2,NA,4,1347,"Food Secure",11
"COR-0333",2024-10-28,"Khagrachari","Panchhari","Women's Climate Resilience Committee (WCRC)",43,"Female","Chakma","Primary (Class 1-5)",8,9868,"No","Landslide","Yes","No",2,"Yes",2,3,24,32,"No","Yes","Rarely","Never",3,4,4,3,1464,"Mildly Food Insecure",19
"COR-0334",2024-10-10,"Bandarban","Thanchi","Village Women Group (VWG)",48,"Female","Bawm","Secondary (Class 6-10)",5,9130,"Yes","Drought","Yes","Yes",1,"Yes",2,3,24,29,"No","Yes","Sometimes","Rarely",1,6,NA,4,1321,"Food Secure",7
"COR-0335",2024-09-05,"Rangamati","Barkal","Youth Group",25,"Male","Pangkhua","No formal education",5,8602,"No","Landslide","Yes","Yes",4,"Yes",1,4,30,41,"No","No","Sometimes","Never",4,2,NA,3,451,"Food Secure",11
"COR-0336",2024-11-24,"Khagrachari","Khagrachari Sadar","Women's Climate Resilience Committee (WCRC)",38,"Female","Marma","Secondary (Class 6-10)",5,4431,"Yes","Flash Flood","Yes","Yes",3,"Yes",1,4,10,27,"No","Yes","Rarely","Always",3,4,4,4,2717,"Food Secure",18
"COR-0337",2024-09-04,"Bandarban","Rowangchhari","Village Women Group (VWG)",34,"Female","Chakma","Secondary (Class 6-10)",4,10961,"No","Multiple","No","Yes",4,"Yes",4,5,33,45,"No","Yes","Often","Never",3,3,NA,5,3006,"Food Secure",14
"COR-0338",2024-10-13,"Bandarban","Alikadam","Village Women Group (VWG)",35,"Female","Bengali","No formal education",5,10943,"No","Multiple","No","No",4,"Yes",4,9,58,67,"No","Yes","Rarely","Sometimes",3,3,NA,4,2137,"Mildly Food Insecure",13
"COR-0339",2024-09-05,"Bandarban","Bandarban Sadar","Village Women Group (VWG)",26,"Female","Chakma","Primary (Class 1-5)",3,3977,"Yes","Multiple","Yes","No",1,"No",3,3,27,30,"No","No","Rarely","Never",2,3,NA,2,936,"Moderately Food Insecure",17
"COR-0340",2024-09-15,"Bandarban","Alikadam","Youth Group",21,"Female","Marma","No formal education",6,7165,"No","Erratic Rainfall","Yes","No",1,"Yes",2,2,26,30,"No","Yes","Sometimes","Always",1,6,NA,3,0,"Moderately Food Insecure",8
"COR-0341",2024-09-29,"Rangamati","Baghaichhari","Community Stakeholder",29,"Female","Chakma","Primary (Class 1-5)",6,16023,"Yes","Erratic Rainfall","No","Yes",3,"Yes",2,4,45,53,"No","No","Sometimes","Rarely",2,3,NA,4,1721,"Moderately Food Insecure",12
"COR-0342",2024-11-05,"Khagrachari","Lakshmichhari","Village Women Group (VWG)",31,"Female","Marma","Primary (Class 1-5)",3,3000,"No","Multiple","Yes","Yes",2,"Yes",4,6,22,31,"No","Yes","Sometimes","Always",2,6,NA,3,1390,"Severely Food Insecure",19
"COR-0343",2024-11-27,"Bandarban","Ruma","Village Women Group (VWG)",27,"Female","Chakma","Secondary (Class 6-10)",4,10619,"Yes","Flash Flood","Yes","Yes",3,"Yes",2,4,22,35,"No","Yes","Rarely","Often",1,3,NA,4,2913,"Moderately Food Insecure",16
"COR-0344",2024-09-20,"Bandarban","Rowangchhari","Village Women Group (VWG)",55,"Female","Chakma","Secondary (Class 6-10)",6,9593,"No","Multiple","Yes","Yes",3,"Yes",2,5,50,61,"Yes","No","Often","Often",5,4,NA,5,2113,"Food Secure",19
"COR-0345",2024-10-18,"Rangamati","Naniarchar","Village Women Group (VWG)",54,"Female","Chakma","Graduate and above",7,5746,"No","Landslide","Yes","Yes",2,"Yes",5,6,59,61,"No","Yes","Never","Always",1,3,NA,4,2003,"Food Secure",10
"COR-0346",2024-10-29,"Khagrachari","Panchhari","Village Women Group (VWG)",37,"Female","Marma","HSC/Equivalent",5,12123,"No","Erratic Rainfall","Yes","Yes",2,"No",5,6,33,38,"No","Yes","Often","Often",3,1,NA,5,0,"Food Secure",17
"COR-0347",2024-10-23,"Khagrachari","Lakshmichhari","Women's Climate Resilience Committee (WCRC)",36,"Female","Chakma","Primary (Class 1-5)",5,9654,"No","Erratic Rainfall","Yes","No",3,"Yes",4,6,38,49,"No","Yes","Rarely","Rarely",2,2,3,5,1886,"Mildly Food Insecure",20
"COR-0348",2024-11-18,"Khagrachari","Lakshmichhari","Women's Climate Resilience Committee (WCRC)",46,"Female","Chakma","HSC/Equivalent",7,16153,"No","Landslide","Yes","Yes",3,"Yes",1,3,45,50,"Yes","No","Never","Always",3,4,3,3,0,"Food Secure",19
"COR-0349",2024-10-17,"Khagrachari","Khagrachari Sadar","Youth Group",21,"Male","Murung","Secondary (Class 6-10)",3,14675,"Yes","Erratic Rainfall","Yes","No",1,"Yes",3,4,59,64,"No","No","Sometimes","Sometimes",3,2,NA,5,1910,"Moderately Food Insecure",11
"COR-0350",2024-09-03,"Khagrachari","Panchhari","Community Stakeholder",35,"Female","Marma","Secondary (Class 6-10)",3,3000,"No","Flash Flood","No","Yes",4,"Yes",3,6,42,55,"Yes","Yes","Never","Sometimes",2,6,NA,5,2352,"Food Secure",11
"COR-0351",2024-09-04,"Bandarban","Bandarban Sadar","Women's Climate Resilience Committee (WCRC)",28,"Female","Chakma","Secondary (Class 6-10)",6,9036,"Yes","Erratic Rainfall","No","Yes",3,"Yes",2,5,31,33,"No","No","Never","Sometimes",1,4,4,4,2059,"Food Secure",17
"COR-0352",2024-09-10,"Khagrachari","Mahalchhari","Village Women Group (VWG)",23,"Female","Marma","Primary (Class 1-5)",4,10171,"No","Multiple","No","Yes",2,"Yes",2,3,21,23,"No","Yes","Never","Sometimes",3,6,NA,5,2075,"Food Secure",11
"COR-0353",2024-10-10,"Bandarban","Bandarban Sadar","Women's Climate Resilience Committee (WCRC)",37,"Female","Tripura","Primary (Class 1-5)",4,8171,"Yes","Erratic Rainfall","Yes","No",3,"Yes",5,7,51,59,"No","Yes","Often","Often",2,2,4,4,0,"Food Secure",13
"COR-0354",2024-11-24,"Bandarban","Thanchi","Village Women Group (VWG)",48,"Female","Tanchangya","Primary (Class 1-5)",5,10819,"Yes","Flash Flood","Yes","No",1,"Yes",1,2,31,34,"No","No","Rarely","Often",2,1,NA,2,1632,"Food Secure",14
"COR-0355",2024-09-06,"Khagrachari","Panchhari","Community Stakeholder",33,"Male","Marma","SSC/Equivalent",4,12162,"No","Landslide","No","Yes",2,"No",2,3,40,45,"Yes","Yes","Never","Rarely",2,2,NA,4,0,"Food Secure",16
"COR-0356",2024-10-18,"Rangamati","Rajasthali","Village Women Group (VWG)",50,"Female","Tripura","Primary (Class 1-5)",4,8295,"No","Multiple","Yes","No",4,"Yes",2,2,59,63,"No","Yes","Rarely","Never",1,3,NA,5,2163,"Mildly Food Insecure",13
"COR-0357",2024-11-15,"Bandarban","Thanchi","Village Women Group (VWG)",36,"Female","Chakma","Secondary (Class 6-10)",5,19846,"Yes","Erratic Rainfall","Yes","Yes",1,"Yes",3,3,38,43,"No","Yes","Rarely","Sometimes",2,3,NA,2,1517,"Food Secure",10
"COR-0358",2024-10-17,"Bandarban","Alikadam","Youth Group",20,"Male","Chakma","No formal education",6,15891,"Yes","Landslide","No","Yes",4,"Yes",1,3,37,47,"No","Yes","Rarely","Never",2,3,NA,3,1072,"Severely Food Insecure",17
"COR-0359",2024-09-06,"Rangamati","Barkal","Village Women Group (VWG)",40,"Female","Bengali","Primary (Class 1-5)",4,12644,"No","Landslide","Yes","No",2,"Yes",2,4,28,30,"Yes","Yes","Never","Sometimes",2,3,NA,4,2121,"Moderately Food Insecure",13
"COR-0360",2024-11-09,"Bandarban","Thanchi","Women's Climate Resilience Committee (WCRC)",40,"Female","Khyang","Secondary (Class 6-10)",4,15201,"Yes","Erratic Rainfall","No","No",1,"Yes",6,7,19,21,"Yes","Yes","Never","Always",2,4,4,3,1459,"Moderately Food Insecure",14
"COR-0361",2024-09-30,"Bandarban","Rowangchhari","Village Women Group (VWG)",34,"Female","Marma","Primary (Class 1-5)",6,3000,"Yes","Erratic Rainfall","Yes","Yes",1,"No",3,4,26,30,"Yes","No","Rarely","Rarely",1,1,NA,5,2051,"Severely Food Insecure",9
"COR-0362",2024-11-02,"Rangamati","Baghaichhari","Youth Group",18,"Female","Pangkhua","Primary (Class 1-5)",5,8571,"Yes","None","No","Yes",3,"Yes",6,8,30,38,"No","No","Never","Always",2,2,NA,4,2458,"Food Secure",6
"COR-0363",2024-10-08,"Khagrachari","Lakshmichhari","Women's Climate Resilience Committee (WCRC)",18,"Female","Chakma","Primary (Class 1-5)",6,9625,"Yes","Landslide","Yes","Yes",2,"Yes",3,5,33,34,"No","Yes","Sometimes","Always",4,3,4,5,0,"Food Secure",11
"COR-0364",2024-11-04,"Khagrachari","Panchhari","Community Stakeholder",34,"Male","Tanchangya","Primary (Class 1-5)",4,14265,"Yes","Multiple","No","No",2,"Yes",3,5,23,26,"No","Yes","Often","Rarely",5,3,NA,4,614,"Mildly Food Insecure",13
"COR-0365",2024-10-15,"Bandarban","Rowangchhari","Women's Climate Resilience Committee (WCRC)",46,"Female","Chakma","Graduate and above",5,5907,"No","Multiple","Yes","Yes",2,"Yes",3,4,41,39,"No","Yes","Never","Sometimes",1,5,3,3,0,"Food Secure",11
"COR-0366",2024-09-11,"Bandarban","Thanchi","Village Women Group (VWG)",37,"Female","Marma","Secondary (Class 6-10)",5,10945,"No","Multiple","Yes","No",3,"Yes",1,3,26,43,"No","No","Never","Rarely",1,4,NA,4,1090,"Severely Food Insecure",17
"COR-0367",2024-10-20,"Rangamati","Kaptai","Village Women Group (VWG)",33,"Female","Marma","HSC/Equivalent",7,10981,"Yes","Drought","Yes","No",3,"Yes",3,7,27,35,"No","Yes","Often","Never",3,3,NA,4,2028,"Moderately Food Insecure",13
"COR-0368",2024-09-12,"Khagrachari","Panchhari","Women's Climate Resilience Committee (WCRC)",51,"Female","Marma","Primary (Class 1-5)",4,17402,"Yes","Flash Flood","Yes","Yes",2,"Yes",4,5,36,42,"No","Yes","Often","Sometimes",2,3,3,3,0,"Food Secure",16
"COR-0369",2024-10-27,"Rangamati","Barkal","Village Women Group (VWG)",27,"Female","Chakma","SSC/Equivalent",5,14905,"Yes","Flash Flood","No","Yes",1,"Yes",3,4,39,42,"Yes","Yes","Sometimes","Often",3,3,NA,3,0,"Mildly Food Insecure",11
"COR-0370",2024-11-09,"Khagrachari","Dighinala","Youth Group",24,"Male","Bawm","No formal education",5,10352,"No","None","Yes","Yes",4,"No",6,10,67,73,"No","Yes","Often","Always",1,5,NA,5,1188,"Food Secure",19
"COR-0371",2024-11-02,"Bandarban","Ruma","Youth Group",20,"Male","Marma","Secondary (Class 6-10)",4,15675,"Yes","Erratic Rainfall","Yes","No",2,"Yes",4,6,40,44,"Yes","No","Sometimes","Sometimes",2,4,NA,4,0,"Food Secure",20
"COR-0372",2024-11-23,"Bandarban","Thanchi","Youth Group",28,"Female","Tripura","Secondary (Class 6-10)",5,9131,"No","Flash Flood","No","Yes",2,"Yes",3,4,50,58,"No","Yes","Never","Sometimes",2,2,NA,5,2201,"Food Secure",13
"COR-0373",2024-11-05,"Bandarban","Alikadam","Women's Climate Resilience Committee (WCRC)",49,"Female","Marma","Secondary (Class 6-10)",3,7616,"Yes","Landslide","Yes","No",2,"Yes",5,7,35,48,"Yes","Yes","Rarely","Often",1,1,4,4,1344,"Food Secure",18
"COR-0374",2024-09-30,"Rangamati","Kaptai","Community Stakeholder",48,"Female","Chakma","SSC/Equivalent",5,8568,"No","Landslide","Yes","No",2,"Yes",1,2,40,48,"No","Yes","Always","Sometimes",1,1,NA,4,2080,"Food Secure",11
"COR-0375",2024-11-11,"Rangamati","Kaptai","Village Women Group (VWG)",28,"Female","Marma","No formal education",6,13128,"Yes","Landslide","Yes","Yes",3,"Yes",4,8,19,27,"No","Yes","Rarely","Rarely",2,2,NA,4,2895,"Mildly Food Insecure",12
"COR-0376",2024-10-11,"Khagrachari","Khagrachari Sadar","Women's Climate Resilience Committee (WCRC)",35,"Female","Khumi","SSC/Equivalent",4,6093,"Yes","Landslide","No","No",1,"Yes",2,3,62,66,"No","No","Rarely","Always",3,1,4,4,0,"Food Secure",6
"COR-0377",2024-09-10,"Rangamati","Barkal","Village Women Group (VWG)",40,"Female","Tripura","Secondary (Class 6-10)",5,16238,"Yes","Drought","Yes","Yes",3,"Yes",2,4,52,60,"Yes","No","Rarely","Often",1,3,NA,5,0,"Severely Food Insecure",14
"COR-0378",2024-11-07,"Rangamati","Kaptai","Women's Climate Resilience Committee (WCRC)",56,"Female","Marma","Secondary (Class 6-10)",7,13005,"Yes","Flash Flood","Yes","No",4,"Yes",1,5,43,54,"No","Yes","Rarely","Rarely",2,2,3,5,1186,"Mildly Food Insecure",19
"COR-0379",2024-09-18,"Khagrachari","Panchhari","Women's Climate Resilience Committee (WCRC)",28,"Female","Khyang","Secondary (Class 6-10)",5,10546,"Yes","Multiple","No","Yes",2,"No",4,5,48,55,"No","Yes","Never","Often",1,2,5,3,1900,"Mildly Food Insecure",15
"COR-0380",2024-10-13,"Rangamati","Rajasthali","Youth Group",26,"Male","Murung","Primary (Class 1-5)",2,14976,"No","Multiple","No","Yes",2,"Yes",1,3,36,36,"Yes","No","Sometimes","Sometimes",2,4,NA,3,2024,"Food Secure",13
"COR-0381",2024-10-10,"Rangamati","Naniarchar","Village Women Group (VWG)",34,"Female","Marma","Primary (Class 1-5)",6,6955,"Yes","Landslide","Yes","No",1,"Yes",3,4,41,45,"No","No","Rarely","Often",2,4,NA,4,0,"Mildly Food Insecure",17
"COR-0382",2024-11-19,"Rangamati","Rajasthali","Women's Climate Resilience Committee (WCRC)",43,"Female","Khyang","No formal education",4,11372,"Yes","Erratic Rainfall","Yes","Yes",3,"Yes",4,7,58,66,"No","Yes","Sometimes","Rarely",2,3,2,5,1426,"Severely Food Insecure",16
"COR-0383",2024-11-07,"Rangamati","Barkal","Youth Group",22,"Female","Bengali","Secondary (Class 6-10)",5,12056,"No","Drought","No","No",3,"Yes",2,5,34,48,"No","No","Sometimes","Often",3,3,NA,4,2200,"Food Secure",15
"COR-0384",2024-11-03,"Khagrachari","Panchhari","Youth Group",22,"Male","Marma","Primary (Class 1-5)",4,12271,"No","Erratic Rainfall","Yes","Yes",2,"Yes",3,4,45,50,"No","No","Sometimes","Sometimes",2,3,NA,3,0,"Mildly Food Insecure",18
"COR-0385",2024-09-25,"Bandarban","Alikadam","Women's Climate Resilience Committee (WCRC)",30,"Female","Marma","Graduate and above",5,6853,"No","Multiple","No","Yes",2,"No",5,6,34,41,"No","Yes","Rarely","Often",1,3,5,5,2248,"Food Secure",17
"COR-0386",2024-09-14,"Khagrachari","Panchhari","Women's Climate Resilience Committee (WCRC)",45,"Female","Tripura","Secondary (Class 6-10)",4,7838,"No","Flash Flood","Yes","No",1,"Yes",3,4,34,37,"No","Yes","Never","Always",1,1,2,4,1403,"Food Secure",14
"COR-0387",2024-10-03,"Bandarban","Bandarban Sadar","Village Women Group (VWG)",46,"Female","Marma","SSC/Equivalent",5,16552,"Yes","None","Yes","Yes",3,"Yes",3,4,39,48,"Yes","Yes","Never","Sometimes",1,2,NA,5,2458,"Mildly Food Insecure",5
"COR-0388",2024-10-16,"Khagrachari","Mahalchhari","Youth Group",23,"Male","Tripura","Primary (Class 1-5)",2,8739,"Yes","Flash Flood","Yes","Yes",2,"Yes",6,7,32,37,"No","Yes","Sometimes","Sometimes",1,3,NA,4,1992,"Mildly Food Insecure",9
"COR-0389",2024-11-26,"Bandarban","Bandarban Sadar","Youth Group",24,"Female","Marma","Secondary (Class 6-10)",4,7492,"No","Multiple","Yes","Yes",3,"Yes",0,4,25,34,"No","Yes","Sometimes","Sometimes",2,6,NA,4,0,"Mildly Food Insecure",16
"COR-0390",2024-11-08,"Rangamati","Barkal","Village Women Group (VWG)",37,"Female","Bengali","HSC/Equivalent",5,11707,"Yes","Flash Flood","Yes","Yes",4,"Yes",3,7,10,23,"No","No","Rarely","Sometimes",3,4,NA,3,962,"Food Secure",12
"COR-0391",2024-09-27,"Bandarban","Ruma","Community Stakeholder",45,"Female","Tripura","SSC/Equivalent",5,9983,"Yes","Drought","Yes","No",2,"Yes",4,6,50,53,"No","No","Never","Often",2,5,NA,3,1782,"Food Secure",9
"COR-0392",2024-11-26,"Rangamati","Naniarchar","Village Women Group (VWG)",39,"Female","Marma","HSC/Equivalent",6,11104,"No","Landslide","Yes","No",4,"No",5,8,50,70,"No","Yes","Often","Rarely",3,1,NA,3,0,"Mildly Food Insecure",20
"COR-0393",2024-09-26,"Bandarban","Bandarban Sadar","Village Women Group (VWG)",43,"Female","Chakma","HSC/Equivalent",5,14080,"Yes","Flash Flood","No","Yes",3,"Yes",2,3,34,46,"No","Yes","Never","Never",1,2,NA,4,1254,"Food Secure",14
"COR-0394",2024-10-22,"Rangamati","Naniarchar","Women's Climate Resilience Committee (WCRC)",47,"Female","Marma","Secondary (Class 6-10)",6,15275,"No","Flash Flood","Yes","Yes",2,"No",2,3,44,47,"No","Yes","Never","Sometimes",1,6,4,2,859,"Moderately Food Insecure",20
"COR-0395",2024-09-05,"Khagrachari","Mahalchhari","Village Women Group (VWG)",50,"Female","Khumi","Graduate and above",5,18420,"Yes","Landslide","Yes","Yes",3,"Yes",6,9,49,69,"No","Yes","Often","Sometimes",1,4,NA,3,749,"Moderately Food Insecure",15
"COR-0396",2024-10-09,"Bandarban","Bandarban Sadar","Women's Climate Resilience Committee (WCRC)",37,"Female","Chakma","Secondary (Class 6-10)",4,7011,"Yes","Multiple","No","Yes",1,"Yes",5,6,39,42,"No","Yes","Sometimes","Sometimes",3,1,4,4,1327,"Food Secure",16
"COR-0397",2024-09-14,"Bandarban","Bandarban Sadar","Village Women Group (VWG)",40,"Female","Bengali","Primary (Class 1-5)",5,7568,"No","Multiple","No","Yes",3,"Yes",4,7,45,50,"No","Yes","Sometimes","Often",2,2,NA,2,0,"Moderately Food Insecure",16
"COR-0398",2024-10-12,"Bandarban","Rowangchhari","Village Women Group (VWG)",37,"Female","Bengali","SSC/Equivalent",5,8797,"Yes","Drought","No","Yes",2,"Yes",3,5,40,49,"No","No","Often","Often",5,2,NA,3,332,"Food Secure",14
"COR-0399",2024-11-07,"Rangamati","Kaptai","Youth Group",27,"Female","Tripura","Secondary (Class 6-10)",4,12156,"Yes","Erratic Rainfall","No","No",4,"Yes",4,8,53,73,"No","Yes","Often","Sometimes",1,3,NA,4,2322,"Moderately Food Insecure",17
"COR-0400",2024-09-21,"Bandarban","Ruma","Youth Group",26,"Female","Chakma","Secondary (Class 6-10)",3,9701,"No","Drought","Yes","No",4,"Yes",3,6,45,60,"No","Yes","Sometimes","Sometimes",1,3,NA,4,0,"Food Secure",11
"COR-0401",2024-11-03,"Khagrachari","Panchhari","Women's Climate Resilience Committee (WCRC)",50,"Female","Chakma","Primary (Class 1-5)",5,13932,"Yes","Multiple","Yes","Yes",2,"Yes",4,5,55,61,"No","No","Never","Sometimes",3,2,3,4,0,"Mildly Food Insecure",11
"COR-0402",2024-10-07,"Bandarban","Thanchi","Community Stakeholder",41,"Male","Chakma","Secondary (Class 6-10)",2,14459,"Yes","Erratic Rainfall","No","No",2,"Yes",3,4,42,52,"No","Yes","Sometimes","Sometimes",1,1,NA,4,0,"Food Secure",6
"COR-0403",2024-11-22,"Khagrachari","Lakshmichhari","Village Women Group (VWG)",46,"Female","Tripura","No formal education",3,16476,"Yes","Landslide","Yes","No",2,"Yes",3,4,46,52,"No","No","Sometimes","Sometimes",2,2,NA,5,1921,"Mildly Food Insecure",16
"COR-0404",2024-10-14,"Bandarban","Alikadam","Women's Climate Resilience Committee (WCRC)",40,"Female","Chakma","Primary (Class 1-5)",3,10113,"Yes","Multiple","No","Yes",3,"Yes",4,6,42,56,"Yes","Yes","Never","Often",3,2,3,4,1562,"Food Secure",17
"COR-0405",2024-10-12,"Rangamati","Naniarchar","Village Women Group (VWG)",45,"Female","Tanchangya","Primary (Class 1-5)",5,6359,"No","Erratic Rainfall","No","No",3,"Yes",3,6,36,41,"No","No","Sometimes","Always",3,1,NA,4,2445,"Food Secure",18
"COR-0406",2024-10-23,"Rangamati","Naniarchar","Youth Group",21,"Male","Murung","Primary (Class 1-5)",4,10001,"No","None","No","No",3,"Yes",1,3,34,41,"No","Yes","Sometimes","Often",2,3,NA,2,0,"Food Secure",14
"COR-0407",2024-11-17,"Khagrachari","Lakshmichhari","Women's Climate Resilience Committee (WCRC)",39,"Female","Marma","Secondary (Class 6-10)",5,13923,"No","Multiple","No","Yes",3,"No",5,7,33,42,"No","Yes","Never","Rarely",4,2,3,5,868,"Mildly Food Insecure",14
"COR-0408",2024-10-13,"Khagrachari","Khagrachari Sadar","Village Women Group (VWG)",34,"Female","Chakma","HSC/Equivalent",6,10139,"Yes","Multiple","Yes","Yes",3,"Yes",3,6,36,53,"No","No","Never","Often",3,3,NA,5,1358,"Mildly Food Insecure",9
"COR-0409",2024-10-03,"Bandarban","Ruma","Women's Climate Resilience Committee (WCRC)",43,"Female","Murung","Secondary (Class 6-10)",5,13476,"No","Landslide","Yes","Yes",2,"Yes",1,2,51,59,"No","No","Often","Rarely",1,2,2,4,2462,"Food Secure",12
"COR-0410",2024-11-01,"Bandarban","Rowangchhari","Youth Group",23,"Male","Tanchangya","No formal education",6,15818,"No","None","Yes","No",4,"Yes",1,2,38,58,"No","Yes","Never","Always",1,3,NA,4,1095,"Severely Food Insecure",15
"COR-0411",2024-10-23,"Rangamati","Kaptai","Village Women Group (VWG)",21,"Female","Pangkhua","SSC/Equivalent",8,8018,"Yes","Flash Flood","Yes","No",4,"Yes",4,6,29,48,"Yes","No","Always","Sometimes",4,2,NA,4,2438,"Mildly Food Insecure",18
"COR-0412",2024-09-23,"Khagrachari","Mahalchhari","Women's Climate Resilience Committee (WCRC)",54,"Female","Murung","Graduate and above",5,9922,"Yes","Multiple","Yes","Yes",1,"Yes",2,3,46,49,"No","Yes","Often","Sometimes",3,4,3,3,2037,"Severely Food Insecure",12
"COR-0413",2024-11-22,"Rangamati","Rajasthali","Village Women Group (VWG)",51,"Female","Tanchangya","No formal education",5,13369,"No","Landslide","Yes","No",4,"Yes",2,5,37,47,"No","Yes","Never","Sometimes",1,3,NA,5,1487,"Food Secure",20
"COR-0414",2024-10-25,"Khagrachari","Khagrachari Sadar","Community Stakeholder",40,"Female","Bengali","Primary (Class 1-5)",5,18922,"Yes","Landslide","Yes","Yes",3,"No",3,5,30,47,"Yes","Yes","Never","Often",2,1,NA,4,0,"Severely Food Insecure",16
"COR-0415",2024-10-11,"Khagrachari","Dighinala","Village Women Group (VWG)",46,"Female","Khumi","No formal education",5,6494,"No","Flash Flood","Yes","Yes",1,"Yes",5,6,22,26,"No","Yes","Always","Often",1,1,NA,3,587,"Mildly Food Insecure",13
"COR-0416",2024-09-20,"Bandarban","Bandarban Sadar","Village Women Group (VWG)",27,"Female","Khyang","SSC/Equivalent",4,15423,"No","Landslide","Yes","Yes",3,"Yes",2,5,45,52,"No","No","Rarely","Rarely",1,2,NA,1,2920,"Moderately Food Insecure",7
"COR-0417",2024-10-29,"Bandarban","Alikadam","Youth Group",27,"Male","Marma","Primary (Class 1-5)",2,6839,"Yes","Flash Flood","No","Yes",3,"Yes",3,5,64,63,"No","No","Sometimes","Sometimes",2,5,NA,4,2048,"Food Secure",11
"COR-0418",2024-10-09,"Khagrachari","Panchhari","Women's Climate Resilience Committee (WCRC)",26,"Female","Bawm","No formal education",4,6971,"No","Drought","Yes","Yes",2,"Yes",2,3,37,45,"No","Yes","Often","Often",3,5,1,4,1743,"Severely Food Insecure",14
"COR-0419",2024-11-10,"Khagrachari","Lakshmichhari","Village Women Group (VWG)",35,"Female","Bengali","Primary (Class 1-5)",5,12255,"No","Multiple","Yes","Yes",4,"No",3,3,35,47,"Yes","No","Never","Rarely",1,2,NA,4,0,"Mildly Food Insecure",12
"COR-0420",2024-10-22,"Rangamati","Barkal","Youth Group",22,"Male","Marma","Primary (Class 1-5)",5,8050,"Yes","Erratic Rainfall","No","Yes",3,"Yes",0,2,39,54,"No","No","Rarely","Sometimes",3,5,NA,4,2194,"Food Secure",12
"COR-0421",2024-09-04,"Rangamati","Barkal","Youth Group",22,"Male","Marma","SSC/Equivalent",4,10763,"Yes","None","Yes","No",3,"Yes",3,5,54,70,"No","No","Often","Sometimes",2,4,NA,2,3181,"Mildly Food Insecure",12
"COR-0422",2024-11-12,"Bandarban","Alikadam","Village Women Group (VWG)",30,"Female","Marma","Primary (Class 1-5)",6,15942,"Yes","Multiple","Yes","Yes",2,"Yes",4,5,53,54,"No","No","Sometimes","Sometimes",4,1,NA,5,2728,"Food Secure",10
"COR-0423",2024-10-18,"Bandarban","Bandarban Sadar","Youth Group",20,"Male","Pangkhua","Secondary (Class 6-10)",2,6851,"Yes","Flash Flood","Yes","Yes",4,"Yes",5,8,37,64,"No","No","Rarely","Sometimes",1,2,NA,5,0,"Mildly Food Insecure",14
"COR-0424",2024-09-22,"Bandarban","Rowangchhari","Youth Group",20,"Male","Chakma","Primary (Class 1-5)",4,11711,"Yes","Landslide","Yes","No",4,"Yes",3,6,66,100,"Yes","Yes","Never","Often",3,1,NA,4,2459,"Moderately Food Insecure",10
"COR-0425",2024-10-20,"Rangamati","Kaptai","Village Women Group (VWG)",29,"Female","Tanchangya","Primary (Class 1-5)",4,16758,"Yes","Drought","Yes","Yes",3,"Yes",0,1,42,44,"No","Yes","Rarely","Often",1,3,NA,4,2995,"Food Secure",14
"COR-0426",2024-09-22,"Bandarban","Thanchi","Local Government Representative",40,"Female","Khumi","No formal education",4,12032,"No","Flash Flood","No","No",4,"No",2,4,46,66,"No","No","Never","Always",1,1,NA,4,1816,"Mildly Food Insecure",18
"COR-0427",2024-10-15,"Rangamati","Barkal","Women's Climate Resilience Committee (WCRC)",34,"Female","Khumi","Primary (Class 1-5)",5,6206,"Yes","Drought","Yes","Yes",3,"Yes",3,4,39,44,"No","Yes","Rarely","Often",1,3,3,4,2539,"Food Secure",16
"COR-0428",2024-10-24,"Rangamati","Naniarchar","Youth Group",21,"Male","Chakma","Secondary (Class 6-10)",7,18010,"No","Landslide","No","No",3,"Yes",4,4,32,49,"No","No","Rarely","Sometimes",1,4,NA,2,1563,"Food Secure",20
"COR-0429",2024-09-30,"Bandarban","Bandarban Sadar","Village Women Group (VWG)",46,"Female","Chakma","SSC/Equivalent",7,16619,"No","Drought","No","Yes",1,"No",4,5,68,68,"No","Yes","Sometimes","Always",1,4,NA,1,1219,"Moderately Food Insecure",13
"COR-0430",2024-11-17,"Bandarban","Ruma","Women's Climate Resilience Committee (WCRC)",41,"Female","Tripura","Primary (Class 1-5)",7,17459,"No","Multiple","No","No",2,"Yes",3,4,49,53,"No","Yes","Often","Rarely",2,2,4,5,0,"Food Secure",17
"COR-0431",2024-09-15,"Khagrachari","Dighinala","Village Women Group (VWG)",34,"Female","Chakma","Secondary (Class 6-10)",5,15503,"Yes","None","Yes","Yes",1,"Yes",2,2,54,57,"No","No","Sometimes","Sometimes",4,4,NA,5,2043,"Mildly Food Insecure",12
"COR-0432",2024-09-11,"Rangamati","Naniarchar","Women's Climate Resilience Committee (WCRC)",42,"Female","Chakma","Graduate and above",3,15710,"Yes","Multiple","Yes","Yes",4,"No",4,6,26,42,"Yes","Yes","Never","Sometimes",5,4,2,4,0,"Food Secure",8
"COR-0433",2024-09-26,"Bandarban","Alikadam","Youth Group",23,"Male","Chakma","SSC/Equivalent",6,9206,"Yes","Landslide","Yes","Yes",2,"Yes",4,5,31,38,"No","Yes","Sometimes","Often",2,1,NA,4,2195,"Moderately Food Insecure",9
"COR-0434",2024-11-09,"Khagrachari","Mahalchhari","Village Women Group (VWG)",37,"Female","Tripura","Primary (Class 1-5)",2,8564,"Yes","None","Yes","No",4,"Yes",2,3,22,40,"No","Yes","Rarely","Never",2,3,NA,4,0,"Moderately Food Insecure",13
"COR-0435",2024-10-14,"Khagrachari","Mahalchhari","Village Women Group (VWG)",18,"Female","Khyang","Secondary (Class 6-10)",4,17519,"Yes","Flash Flood","No","No",3,"Yes",4,7,47,64,"Yes","Yes","Never","Often",1,3,NA,4,1666,"Severely Food Insecure",17
"COR-0436",2024-11-02,"Bandarban","Ruma","Women's Climate Resilience Committee (WCRC)",51,"Female","Tanchangya","Secondary (Class 6-10)",5,6592,"Yes","Multiple","Yes","No",2,"No",4,6,59,66,"No","Yes","Rarely","Sometimes",2,2,3,2,0,"Mildly Food Insecure",2
"COR-0437",2024-10-20,"Rangamati","Barkal","Village Women Group (VWG)",46,"Female","Khumi","No formal education",6,8762,"No","Flash Flood","No","Yes",4,"No",2,6,47,54,"No","Yes","Never","Rarely",2,6,NA,2,2494,"Severely Food Insecure",18
"COR-0438",2024-11-09,"Bandarban","Ruma","Village Women Group (VWG)",45,"Female","Tanchangya","Primary (Class 1-5)",4,8826,"No","Multiple","Yes","Yes",2,"No",5,7,10,17,"No","Yes","Sometimes","Sometimes",1,3,NA,4,0,"Food Secure",14
"COR-0439",2024-10-24,"Bandarban","Thanchi","Women's Climate Resilience Committee (WCRC)",35,"Female","Marma","No formal education",6,17233,"Yes","Flash Flood","Yes","Yes",1,"Yes",2,3,26,31,"Yes","Yes","Rarely","Sometimes",1,1,3,4,0,"Moderately Food Insecure",20
"COR-0440",2024-09-15,"Khagrachari","Dighinala","Youth Group",24,"Female","Bawm","No formal education",6,12510,"No","Landslide","Yes","No",2,"Yes",4,6,16,19,"No","Yes","Always","Often",3,4,NA,5,2089,"Food Secure",8
"COR-0441",2024-10-09,"Rangamati","Baghaichhari","Women's Climate Resilience Committee (WCRC)",31,"Female","Chakma","Primary (Class 1-5)",5,11389,"Yes","Multiple","No","Yes",2,"Yes",2,3,33,42,"No","No","Often","Sometimes",3,4,4,5,1074,"Food Secure",14
"COR-0442",2024-10-13,"Khagrachari","Mahalchhari","Women's Climate Resilience Committee (WCRC)",18,"Female","Chakma","HSC/Equivalent",6,7753,"Yes","Multiple","Yes","Yes",4,"Yes",4,8,44,59,"No","Yes","Rarely","Never",5,5,4,5,1368,"Food Secure",17
"COR-0443",2024-10-07,"Bandarban","Bandarban Sadar","Village Women Group (VWG)",33,"Female","Tanchangya","No formal education",4,17547,"No","Erratic Rainfall","Yes","Yes",2,"No",3,4,38,49,"No","Yes","Often","Rarely",3,4,NA,5,3408,"Food Secure",15
"COR-0444",2024-09-08,"Rangamati","Naniarchar","Village Women Group (VWG)",43,"Female","Tripura","Primary (Class 1-5)",5,11212,"Yes","Flash Flood","Yes","Yes",3,"Yes",3,5,21,30,"Yes","No","Never","Always",3,4,NA,3,0,"Food Secure",14
"COR-0445",2024-09-19,"Khagrachari","Khagrachari Sadar","Village Women Group (VWG)",39,"Female","Tripura","Secondary (Class 6-10)",4,15693,"No","Landslide","Yes","Yes",3,"Yes",2,6,21,28,"No","No","Rarely","Sometimes",1,4,NA,5,0,"Moderately Food Insecure",16
"COR-0446",2024-10-24,"Bandarban","Alikadam","Local Government Representative",47,"Female","Bawm","Primary (Class 1-5)",5,11476,"No","Landslide","Yes","Yes",2,"No",3,4,38,51,"No","Yes","Rarely","Always",2,3,NA,3,0,"Moderately Food Insecure",18
"COR-0447",2024-10-25,"Khagrachari","Dighinala","Women's Climate Resilience Committee (WCRC)",52,"Female","Khumi","Secondary (Class 6-10)",5,10700,"Yes","Multiple","Yes","No",3,"Yes",5,6,32,38,"No","Yes","Never","Sometimes",3,2,3,2,1204,"Severely Food Insecure",12
"COR-0448",2024-11-01,"Khagrachari","Mahalchhari","Women's Climate Resilience Committee (WCRC)",46,"Female","Chakma","Secondary (Class 6-10)",5,13497,"No","Multiple","Yes","No",2,"No",3,3,32,44,"No","Yes","Rarely","Always",3,3,5,4,1401,"Food Secure",13
"COR-0449",2024-09-11,"Khagrachari","Mahalchhari","Women's Climate Resilience Committee (WCRC)",32,"Female","Chakma","Primary (Class 1-5)",6,7086,"Yes","Multiple","Yes","No",2,"Yes",1,3,45,48,"No","Yes","Never","Often",2,2,5,4,1699,"Food Secure",14
"COR-0450",2024-09-25,"Rangamati","Naniarchar","Youth Group",20,"Female","Tripura","Primary (Class 1-5)",4,15011,"Yes","Landslide","No","Yes",4,"Yes",5,6,40,55,"No","No","Rarely","Sometimes",3,2,NA,4,0,"Mildly Food Insecure",12
"COR-0451",2024-09-13,"Khagrachari","Panchhari","Women's Climate Resilience Committee (WCRC)",37,"Female","Chakma","Secondary (Class 6-10)",6,13114,"Yes","Flash Flood","Yes","Yes",3,"No",2,4,40,59,"No","Yes","Sometimes","Often",5,2,3,2,1440,"Food Secure",14
"COR-0452",2024-09-15,"Bandarban","Bandarban Sadar","Village Women Group (VWG)",33,"Female","Tripura","No formal education",5,15076,"Yes","Multiple","Yes","No",4,"Yes",2,2,28,45,"No","Yes","Often","Rarely",1,1,NA,5,0,"Moderately Food Insecure",14
"COR-0453",2024-11-08,"Khagrachari","Lakshmichhari","Village Women Group (VWG)",40,"Female","Chakma","Secondary (Class 6-10)",3,11011,"Yes","Landslide","Yes","No",2,"Yes",2,2,53,55,"Yes","Yes","Rarely","Rarely",4,3,NA,4,0,"Moderately Food Insecure",11
"COR-0454",2024-09-06,"Rangamati","Kaptai","Women's Climate Resilience Committee (WCRC)",47,"Female","Murung","Primary (Class 1-5)",5,8729,"Yes","Landslide","Yes","Yes",4,"Yes",5,8,35,61,"No","Yes","Never","Often",2,3,3,3,2673,"Moderately Food Insecure",13
"COR-0455",2024-11-12,"Khagrachari","Mahalchhari","Local Government Representative",32,"Male","Bawm","No formal education",3,11861,"Yes","Multiple","Yes","Yes",2,"Yes",0,1,42,46,"No","Yes","Rarely","Often",2,2,NA,1,1790,"Food Secure",14
"COR-0456",2024-10-21,"Khagrachari","Lakshmichhari","Village Women Group (VWG)",40,"Female","Marma","Primary (Class 1-5)",6,18073,"No","Flash Flood","Yes","Yes",4,"Yes",3,7,74,86,"No","No","Rarely","Often",1,1,NA,4,924,"Food Secure",14
"COR-0457",2024-10-20,"Khagrachari","Dighinala","Local Government Representative",24,"Female","Bawm","No formal education",5,8630,"No","Flash Flood","Yes","Yes",3,"Yes",3,5,31,39,"Yes","Yes","Always","Sometimes",1,4,NA,4,1400,"Mildly Food Insecure",16
"COR-0458",2024-09-14,"Bandarban","Thanchi","Village Women Group (VWG)",39,"Female","Tripura","SSC/Equivalent",4,16126,"No","Multiple","Yes","Yes",2,"Yes",5,6,35,42,"Yes","Yes","Sometimes","Often",3,2,NA,4,1188,"Food Secure",13
"COR-0459",2024-09-19,"Bandarban","Rowangchhari","Women's Climate Resilience Committee (WCRC)",29,"Female","Bengali","No formal education",4,11584,"No","Erratic Rainfall","Yes","Yes",1,"Yes",2,3,41,43,"No","No","Sometimes","Sometimes",2,4,3,1,3057,"Mildly Food Insecure",15
"COR-0460",2024-11-30,"Bandarban","Thanchi","Village Women Group (VWG)",42,"Female","Khyang","Primary (Class 1-5)",4,7862,"Yes","Landslide","Yes","Yes",3,"Yes",2,4,45,66,"No","Yes","Often","Rarely",1,4,NA,3,0,"Food Secure",10
"COR-0461",2024-11-03,"Bandarban","Ruma","Village Women Group (VWG)",45,"Female","Marma","No formal education",7,7744,"No","Multiple","Yes","No",4,"Yes",2,3,41,56,"Yes","Yes","Sometimes","Always",1,1,NA,4,1816,"Food Secure",10
"COR-0462",2024-11-20,"Rangamati","Barkal","Youth Group",22,"Female","Marma","Primary (Class 1-5)",6,8276,"Yes","Multiple","Yes","Yes",1,"Yes",6,7,32,38,"No","Yes","Never","Often",2,2,NA,4,2306,"Moderately Food Insecure",10
"COR-0463",2024-11-04,"Bandarban","Alikadam","Village Women Group (VWG)",35,"Female","Marma","SSC/Equivalent",3,10775,"Yes","Erratic Rainfall","No","Yes",1,"Yes",5,6,44,50,"No","Yes","Never","Rarely",2,4,NA,3,2625,"Severely Food Insecure",8
"COR-0464",2024-11-26,"Rangamati","Rajasthali","Women's Climate Resilience Committee (WCRC)",34,"Female","Pangkhua","Secondary (Class 6-10)",6,10665,"Yes","Landslide","No","No",2,"Yes",4,6,21,28,"No","No","Often","Rarely",3,2,4,2,1945,"Moderately Food Insecure",10
"COR-0465",2024-10-16,"Khagrachari","Lakshmichhari","Youth Group",23,"Male","Khumi","Secondary (Class 6-10)",3,10276,"Yes","Flash Flood","Yes","Yes",2,"No",5,6,38,48,"No","No","Sometimes","Often",3,3,NA,4,2386,"Severely Food Insecure",14
"COR-0466",2024-10-18,"Rangamati","Baghaichhari","Village Women Group (VWG)",41,"Female","Marma","SSC/Equivalent",5,6805,"No","Flash Flood","No","Yes",1,"Yes",2,3,51,55,"No","Yes","Sometimes","Always",1,2,NA,3,2432,"Mildly Food Insecure",18
"COR-0467",2024-09-30,"Rangamati","Baghaichhari","Village Women Group (VWG)",24,"Female","Tripura","Primary (Class 1-5)",4,11046,"Yes","Flash Flood","Yes","Yes",1,"Yes",5,5,50,51,"No","No","Sometimes","Sometimes",2,4,NA,5,1093,"Moderately Food Insecure",9
"COR-0468",2024-10-11,"Khagrachari","Lakshmichhari","Women's Climate Resilience Committee (WCRC)",31,"Female","Marma","Primary (Class 1-5)",2,16357,"No","Erratic Rainfall","Yes","Yes",4,"Yes",5,8,37,44,"No","No","Often","Always",3,3,3,4,1219,"Food Secure",12
"COR-0469",2024-09-27,"Khagrachari","Mahalchhari","Village Women Group (VWG)",47,"Female","Chakma","No formal education",2,11175,"No","Flash Flood","Yes","Yes",2,"Yes",4,6,51,61,"No","Yes","Never","Always",2,4,NA,5,0,"Food Secure",17
"COR-0470",2024-11-12,"Rangamati","Barkal","Women's Climate Resilience Committee (WCRC)",39,"Female","Marma","Primary (Class 1-5)",7,17335,"Yes","Multiple","No","Yes",3,"No",0,2,28,38,"No","Yes","Never","Rarely",1,3,3,4,0,"Moderately Food Insecure",15
"COR-0471",2024-10-17,"Khagrachari","Khagrachari Sadar","Village Women Group (VWG)",40,"Female","Chakma","HSC/Equivalent",6,14676,"No","None","Yes","No",3,"Yes",4,7,53,71,"No","Yes","Often","Often",2,2,NA,4,0,"Mildly Food Insecure",11
"COR-0472",2024-09-19,"Rangamati","Kaptai","Women's Climate Resilience Committee (WCRC)",33,"Female","Bengali","HSC/Equivalent",4,7833,"Yes","Multiple","Yes","No",2,"Yes",2,3,44,56,"No","Yes","Rarely","Often",3,2,2,4,2201,"Severely Food Insecure",16
"COR-0473",2024-09-11,"Khagrachari","Mahalchhari","Local Government Representative",28,"Female","Bengali","No formal education",4,9162,"Yes","Landslide","No","Yes",4,"Yes",5,7,38,50,"No","Yes","Rarely","Often",3,3,NA,4,2438,"Moderately Food Insecure",14
"COR-0474",2024-10-22,"Rangamati","Rajasthali","Women's Climate Resilience Committee (WCRC)",23,"Female","Marma","SSC/Equivalent",6,17754,"Yes","Drought","Yes","Yes",2,"Yes",3,5,44,54,"No","Yes","Always","Often",1,2,4,4,2511,"Mildly Food Insecure",8
"COR-0475",2024-10-21,"Rangamati","Barkal","Village Women Group (VWG)",39,"Female","Tripura","Primary (Class 1-5)",5,8618,"No","Flash Flood","Yes","No",3,"Yes",4,6,51,61,"Yes","Yes","Never","Often",2,4,NA,4,0,"Moderately Food Insecure",14
"COR-0476",2024-10-01,"Rangamati","Kaptai","Local Government Representative",41,"Female","Tripura","Secondary (Class 6-10)",5,13410,"No","Landslide","No","Yes",3,"Yes",4,5,28,39,"No","No","Often","Rarely",4,2,NA,5,0,"Food Secure",11
"COR-0477",2024-09-27,"Khagrachari","Khagrachari Sadar","Community Stakeholder",56,"Female","Bengali","HSC/Equivalent",5,9418,"Yes","Flash Flood","No","No",2,"Yes",3,6,61,68,"No","Yes","Sometimes","Often",4,5,NA,2,896,"Food Secure",13
"COR-0478",2024-09-26,"Bandarban","Bandarban Sadar","Women's Climate Resilience Committee (WCRC)",49,"Female","Chakma","Primary (Class 1-5)",3,9454,"No","Landslide","Yes","No",3,"Yes",2,4,34,48,"No","Yes","Rarely","Often",1,4,3,4,1602,"Food Secure",10
"COR-0479",2024-09-13,"Rangamati","Kaptai","Women's Climate Resilience Committee (WCRC)",28,"Female","Tripura","SSC/Equivalent",2,6582,"No","Erratic Rainfall","Yes","Yes",3,"Yes",5,6,38,39,"No","Yes","Often","Always",2,3,4,3,0,"Moderately Food Insecure",16
"COR-0480",2024-10-13,"Bandarban","Bandarban Sadar","Village Women Group (VWG)",38,"Female","Khumi","Secondary (Class 6-10)",5,10608,"Yes","Landslide","Yes","No",3,"Yes",5,8,42,46,"No","No","Often","Often",2,3,NA,5,0,"Food Secure",12
"COR-0481",2024-11-26,"Khagrachari","Lakshmichhari","Village Women Group (VWG)",45,"Female","Chakma","Secondary (Class 6-10)",7,13957,"Yes","Flash Flood","Yes","No",3,"Yes",4,6,42,48,"No","Yes","Never","Often",1,3,NA,4,1148,"Moderately Food Insecure",20
"COR-0482",2024-10-03,"Bandarban","Thanchi","Village Women Group (VWG)",41,"Female","Chakma","Secondary (Class 6-10)",3,10075,"No","None","Yes","Yes",4,"Yes",5,8,50,65,"No","Yes","Rarely","Rarely",3,3,NA,4,1675,"Food Secure",9
"COR-0483",2024-11-28,"Bandarban","Ruma","Community Stakeholder",41,"Female","Chakma","Graduate and above",6,17229,"No","Landslide","No","Yes",3,"Yes",5,9,42,51,"No","Yes","Sometimes","Often",4,3,NA,4,1808,"Mildly Food Insecure",14
"COR-0484",2024-09-27,"Rangamati","Naniarchar","Village Women Group (VWG)",34,"Female","Murung","Primary (Class 1-5)",5,8630,"No","Flash Flood","Yes","Yes",1,"Yes",2,2,52,55,"No","Yes","Rarely","Rarely",3,2,NA,1,1634,"Food Secure",13
"COR-0485",2024-09-15,"Bandarban","Rowangchhari","Women's Climate Resilience Committee (WCRC)",41,"Female","Chakma","SSC/Equivalent",4,13614,"No","Landslide","Yes","Yes",2,"No",2,4,29,41,"No","Yes","Rarely","Always",4,6,4,4,0,"Food Secure",20
"COR-0486",2024-10-25,"Rangamati","Naniarchar","Local Government Representative",35,"Female","Chakma","SSC/Equivalent",4,14177,"Yes","Drought","No","No",3,"Yes",4,6,42,54,"No","Yes","Never","Always",1,3,NA,2,0,"Food Secure",17
"COR-0487",2024-10-15,"Bandarban","Thanchi","Women's Climate Resilience Committee (WCRC)",29,"Female","Tripura","SSC/Equivalent",5,9082,"Yes","Flash Flood","Yes","No",4,"Yes",2,4,45,70,"No","Yes","Sometimes","Often",2,2,3,3,0,"Food Secure",8
"COR-0488",2024-09-29,"Khagrachari","Mahalchhari","Community Stakeholder",30,"Female","Tripura","Secondary (Class 6-10)",3,13968,"Yes","None","No","Yes",3,"Yes",2,4,44,52,"No","No","Rarely","Sometimes",1,1,NA,3,2787,"Food Secure",12
"COR-0489",2024-11-03,"Rangamati","Baghaichhari","Women's Climate Resilience Committee (WCRC)",44,"Female","Marma","Primary (Class 1-5)",8,12724,"Yes","Flash Flood","Yes","No",2,"Yes",1,3,36,43,"No","Yes","Rarely","Sometimes",4,2,4,4,1726,"Moderately Food Insecure",9
"COR-0490",2024-10-27,"Khagrachari","Dighinala","Women's Climate Resilience Committee (WCRC)",45,"Female","Marma","Primary (Class 1-5)",3,7928,"No","Drought","No","Yes",1,"Yes",3,3,30,35,"No","Yes","Never","Never",1,4,3,5,1883,"Mildly Food Insecure",13
"COR-0491",2024-11-15,"Bandarban","Thanchi","Community Stakeholder",48,"Female","Chakma","Secondary (Class 6-10)",5,11873,"Yes","Multiple","Yes","No",4,"No",4,8,66,90,"No","Yes","Rarely","Sometimes",5,1,NA,3,2258,"Mildly Food Insecure",10
"COR-0492",2024-09-24,"Bandarban","Rowangchhari","Women's Climate Resilience Committee (WCRC)",27,"Female","Chakma","Secondary (Class 6-10)",5,9823,"No","Flash Flood","Yes","Yes",2,"Yes",3,5,49,55,"No","No","Sometimes","Often",2,2,4,4,3150,"Food Secure",18
"COR-0493",2024-10-12,"Rangamati","Baghaichhari","Youth Group",19,"Male","Chakma","No formal education",5,11238,"No","None","Yes","Yes",4,"Yes",3,4,16,33,"No","No","Never","Often",3,3,NA,2,2003,"Food Secure",13
"COR-0494",2024-09-11,"Bandarban","Alikadam","Village Women Group (VWG)",54,"Female","Khumi","SSC/Equivalent",5,9859,"Yes","Flash Flood","Yes","Yes",3,"Yes",4,6,42,59,"No","No","Never","Rarely",1,4,NA,4,2138,"Severely Food Insecure",12
"COR-0495",2024-10-17,"Khagrachari","Khagrachari Sadar","Village Women Group (VWG)",36,"Female","Chakma","Secondary (Class 6-10)",4,17213,"Yes","Drought","Yes","Yes",3,"Yes",3,5,11,14,"No","Yes","Often","Often",2,6,NA,5,0,"Food Secure",5
"COR-0496",2024-11-11,"Bandarban","Alikadam","Village Women Group (VWG)",44,"Female","Pangkhua","Secondary (Class 6-10)",6,12048,"No","Drought","Yes","No",1,"Yes",3,4,17,23,"No","Yes","Never","Never",1,4,NA,3,2503,"Food Secure",9
"COR-0497",2024-09-04,"Rangamati","Rajasthali","Village Women Group (VWG)",32,"Female","Tripura","Primary (Class 1-5)",3,7546,"No","Landslide","Yes","Yes",1,"No",3,4,11,11,"No","No","Rarely","Always",2,4,NA,5,1975,"Food Secure",17
"COR-0498",2024-10-19,"Bandarban","Alikadam","Women's Climate Resilience Committee (WCRC)",39,"Female","Chakma","Primary (Class 1-5)",5,9580,"Yes","None","No","No",1,"Yes",1,2,33,39,"No","Yes","Never","Sometimes",2,4,3,1,0,"Food Secure",9
"COR-0499",2024-11-04,"Khagrachari","Panchhari","Village Women Group (VWG)",47,"Female","Tripura","Primary (Class 1-5)",6,11018,"No","Flash Flood","Yes","No",1,"Yes",3,4,29,37,"No","Yes","Never","Sometimes",3,3,NA,4,2528,"Mildly Food Insecure",10
"COR-0500",2024-10-24,"Bandarban","Thanchi","Women's Climate Resilience Committee (WCRC)",41,"Female","Tripura","Primary (Class 1-5)",4,4197,"No","Drought","Yes","Yes",4,"Yes",0,2,70,82,"No","No","Rarely","Rarely",4,3,2,2,954,"Moderately Food Insecure",13
"COR-0501",2024-11-01,"Bandarban","Alikadam","Youth Group",19,"Female","Bengali","Primary (Class 1-5)",5,17047,"No","Flash Flood","Yes","Yes",4,"Yes",2,3,32,49,"No","Yes","Often","Sometimes",3,2,NA,5,0,"Severely Food Insecure",7
"COR-0502",2024-11-17,"Khagrachari","Panchhari","Women's Climate Resilience Committee (WCRC)",38,"Female","Pangkhua","SSC/Equivalent",4,14636,"Yes","Multiple","Yes","Yes",1,"Yes",5,6,38,41,"Yes","No","Always","Sometimes",1,4,3,3,0,"Mildly Food Insecure",16
"COR-0503",2024-10-13,"Khagrachari","Lakshmichhari","Women's Climate Resilience Committee (WCRC)",41,"Female","Chakma","Primary (Class 1-5)",5,14235,"No","Landslide","Yes","Yes",3,"Yes",1,3,45,51,"No","Yes","Rarely","Sometimes",3,1,4,2,2933,"Moderately Food Insecure",17
"COR-0504",2024-10-14,"Rangamati","Rajasthali","Village Women Group (VWG)",30,"Female","Tanchangya","Secondary (Class 6-10)",6,12342,"Yes","Drought","Yes","No",2,"No",4,5,44,54,"No","Yes","Never","Often",2,5,NA,4,2350,"Moderately Food Insecure",9
"COR-0505",2024-10-14,"Bandarban","Thanchi","Women's Climate Resilience Committee (WCRC)",33,"Female","Chakma","Primary (Class 1-5)",7,7016,"Yes","Flash Flood","No","No",1,"Yes",4,4,41,45,"No","Yes","Rarely","Sometimes",1,3,5,3,977,"Mildly Food Insecure",10
"COR-0506",2024-10-08,"Rangamati","Barkal","Community Stakeholder",39,"Male","Tripura","Primary (Class 1-5)",5,11985,"No","Landslide","No","No",1,"Yes",2,3,21,24,"Yes","No","Sometimes","Sometimes",1,6,NA,4,1079,"Mildly Food Insecure",10
"COR-0507",2024-09-16,"Khagrachari","Panchhari","Women's Climate Resilience Committee (WCRC)",24,"Female","Chakma","Secondary (Class 6-10)",4,11865,"No","Multiple","Yes","Yes",3,"No",2,4,31,47,"No","Yes","Sometimes","Sometimes",1,3,3,5,0,"Food Secure",15
"COR-0508",2024-09-29,"Khagrachari","Lakshmichhari","Women's Climate Resilience Committee (WCRC)",33,"Female","Marma","Secondary (Class 6-10)",5,7634,"No","Multiple","Yes","Yes",2,"Yes",4,6,31,38,"No","No","Sometimes","Never",3,3,4,2,0,"Moderately Food Insecure",18
"COR-0509",2024-11-18,"Khagrachari","Dighinala","Local Government Representative",61,"Female","Bengali","Primary (Class 1-5)",7,16054,"Yes","Landslide","No","No",2,"Yes",3,3,23,29,"No","No","Sometimes","Always",2,4,NA,2,2262,"Severely Food Insecure",17
"COR-0510",2024-10-19,"Bandarban","Bandarban Sadar","Village Women Group (VWG)",40,"Female","Khumi","Secondary (Class 6-10)",4,6653,"Yes","Landslide","Yes","Yes",3,"Yes",3,5,24,31,"No","No","Rarely","Always",1,5,NA,5,0,"Food Secure",11
"COR-0511",2024-11-02,"Rangamati","Rajasthali","Women's Climate Resilience Committee (WCRC)",33,"Female","Tripura","Primary (Class 1-5)",4,10908,"Yes","None","Yes","Yes",2,"Yes",5,7,43,50,"No","No","Never","Never",1,3,3,2,1354,"Severely Food Insecure",12
"COR-0512",2024-10-30,"Rangamati","Barkal","Women's Climate Resilience Committee (WCRC)",50,"Female","Chakma","No formal education",4,11981,"Yes","Landslide","Yes","Yes",4,"Yes",2,4,21,35,"No","No","Never","Sometimes",2,5,2,2,2042,"Mildly Food Insecure",11
"COR-0513",2024-10-04,"Khagrachari","Khagrachari Sadar","Youth Group",20,"Female","Tripura","No formal education",5,10516,"Yes","Erratic Rainfall","Yes","Yes",2,"Yes",6,7,48,58,"No","Yes","Rarely","Always",1,3,NA,4,1810,"Mildly Food Insecure",7
"COR-0514",2024-11-01,"Bandarban","Bandarban Sadar","Village Women Group (VWG)",39,"Female","Marma","Secondary (Class 6-10)",5,9427,"Yes","Erratic Rainfall","Yes","Yes",2,"Yes",4,5,39,46,"No","Yes","Rarely","Often",5,1,NA,3,2063,"Food Secure",14
"COR-0515",2024-09-10,"Khagrachari","Mahalchhari","Village Women Group (VWG)",50,"Female","Tripura","No formal education",6,10334,"No","Multiple","No","Yes",3,"Yes",0,2,32,46,"No","Yes","Rarely","Often",2,3,NA,4,2388,"Food Secure",13
"COR-0516",2024-10-23,"Rangamati","Naniarchar","Youth Group",21,"Female","Pangkhua","No formal education",4,10649,"Yes","Multiple","Yes","Yes",1,"Yes",1,1,50,57,"Yes","No","Always","Never",2,2,NA,1,0,"Food Secure",18
"COR-0517",2024-09-19,"Bandarban","Alikadam","Youth Group",18,"Female","Chakma","SSC/Equivalent",5,12360,"Yes","Flash Flood","No","No",2,"Yes",3,5,45,51,"Yes","Yes","Sometimes","Often",3,4,NA,4,0,"Mildly Food Insecure",15
"COR-0518",2024-11-17,"Khagrachari","Mahalchhari","Village Women Group (VWG)",40,"Female","Tanchangya","Primary (Class 1-5)",6,15828,"Yes","Drought","Yes","No",2,"Yes",0,0,33,40,"No","Yes","Rarely","Rarely",2,3,NA,3,2243,"Food Secure",20
"COR-0519",2024-11-22,"Rangamati","Barkal","Community Stakeholder",30,"Male","Chakma","SSC/Equivalent",6,9083,"No","Flash Flood","No","Yes",3,"Yes",2,5,47,59,"Yes","Yes","Rarely","Always",3,3,NA,3,1615,"Mildly Food Insecure",15
"COR-0520",2024-11-23,"Bandarban","Thanchi","Village Women Group (VWG)",32,"Female","Bengali","No formal education",8,8206,"Yes","Erratic Rainfall","Yes","Yes",2,"No",5,7,73,79,"No","No","Rarely","Always",2,5,NA,1,1686,"Moderately Food Insecure",16
"COR-0521",2024-09-27,"Khagrachari","Lakshmichhari","Women's Climate Resilience Committee (WCRC)",44,"Female","Marma","HSC/Equivalent",4,11808,"No","Landslide","Yes","No",3,"Yes",3,5,26,26,"No","No","Often","Never",1,3,3,4,1710,"Food Secure",9
"COR-0522",2024-10-10,"Bandarban","Rowangchhari","Village Women Group (VWG)",53,"Female","Chakma","HSC/Equivalent",2,11043,"No","None","No","No",4,"Yes",3,8,20,40,"No","No","Always","Sometimes",1,3,NA,5,2142,"Food Secure",11
"COR-0523",2024-10-11,"Rangamati","Barkal","Women's Climate Resilience Committee (WCRC)",39,"Female","Marma","Primary (Class 1-5)",5,16015,"Yes","Flash Flood","No","No",2,"Yes",1,3,33,36,"No","No","Rarely","Never",4,3,3,1,0,"Mildly Food Insecure",14
"COR-0524",2024-10-12,"Bandarban","Bandarban Sadar","Local Government Representative",48,"Female","Tripura","HSC/Equivalent",4,16516,"No","None","No","No",2,"Yes",3,3,48,54,"No","No","Sometimes","Often",2,3,NA,5,1697,"Mildly Food Insecure",15
"COR-0525",2024-10-12,"Bandarban","Alikadam","Village Women Group (VWG)",30,"Female","Marma","Secondary (Class 6-10)",5,11872,"Yes","Multiple","Yes","No",4,"Yes",3,6,42,59,"Yes","Yes","Sometimes","Sometimes",3,6,NA,4,2375,"Food Secure",13
"COR-0526",2024-11-14,"Bandarban","Alikadam","Community Stakeholder",37,"Female","Bengali","Primary (Class 1-5)",3,11363,"Yes","Landslide","Yes","Yes",1,"Yes",4,5,39,41,"No","Yes","Rarely","Rarely",2,3,NA,4,0,"Food Secure",15
"COR-0527",2024-09-05,"Rangamati","Baghaichhari","Village Women Group (VWG)",32,"Female","Tripura","SSC/Equivalent",5,7793,"Yes","Erratic Rainfall","Yes","Yes",2,"No",3,5,40,44,"Yes","No","Never","Sometimes",1,5,NA,5,1663,"Mildly Food Insecure",6
"COR-0528",2024-10-19,"Khagrachari","Mahalchhari","Local Government Representative",46,"Female","Chakma","SSC/Equivalent",4,10205,"Yes","None","Yes","Yes",3,"Yes",2,4,24,31,"No","Yes","Sometimes","Always",1,4,NA,5,1669,"Food Secure",13
"COR-0529",2024-11-12,"Rangamati","Barkal","Village Women Group (VWG)",32,"Female","Pangkhua","Primary (Class 1-5)",2,12456,"Yes","Drought","No","Yes",3,"Yes",4,7,44,49,"No","Yes","Never","Sometimes",3,3,NA,3,2161,"Mildly Food Insecure",14
"COR-0530",2024-09-11,"Rangamati","Barkal","Women's Climate Resilience Committee (WCRC)",38,"Female","Bengali","Primary (Class 1-5)",3,7309,"Yes","Landslide","Yes","No",2,"Yes",2,4,34,43,"Yes","Yes","Often","Often",2,4,4,4,786,"Mildly Food Insecure",16
"COR-0531",2024-10-17,"Bandarban","Bandarban Sadar","Youth Group",22,"Male","Tripura","Graduate and above",3,8112,"No","Multiple","Yes","No",3,"Yes",4,6,41,53,"No","Yes","Rarely","Always",2,4,NA,5,0,"Mildly Food Insecure",15
"COR-0532",2024-11-12,"Bandarban","Bandarban Sadar","Village Women Group (VWG)",45,"Female","Marma","No formal education",5,9190,"No","Flash Flood","Yes","No",4,"No",5,6,35,44,"No","Yes","Always","Always",2,5,NA,4,0,"Severely Food Insecure",12
"COR-0533",2024-11-29,"Rangamati","Barkal","Village Women Group (VWG)",38,"Female","Marma","No formal education",4,12407,"Yes","None","No","Yes",2,"Yes",3,5,30,37,"Yes","Yes","Rarely","Sometimes",3,2,NA,4,0,"Moderately Food Insecure",16
"COR-0534",2024-09-30,"Khagrachari","Lakshmichhari","Local Government Representative",32,"Female","Marma","Primary (Class 1-5)",3,4430,"Yes","Multiple","No","Yes",3,"Yes",2,4,50,60,"Yes","No","Never","Always",2,3,NA,2,0,"Food Secure",19
"COR-0535",2024-09-04,"Bandarban","Ruma","Women's Climate Resilience Committee (WCRC)",21,"Female","Tripura","No formal education",4,9689,"No","Drought","Yes","Yes",3,"Yes",1,3,48,60,"Yes","Yes","Rarely","Often",1,1,5,4,0,"Severely Food Insecure",15
"COR-0536",2024-10-13,"Rangamati","Rajasthali","Women's Climate Resilience Committee (WCRC)",32,"Female","Tripura","Primary (Class 1-5)",4,10099,"No","Flash Flood","Yes","No",2,"Yes",0,0,52,55,"No","Yes","Never","Sometimes",3,3,5,4,0,"Mildly Food Insecure",19
"COR-0537",2024-09-13,"Bandarban","Thanchi","Women's Climate Resilience Committee (WCRC)",44,"Female","Bawm","Primary (Class 1-5)",4,6990,"No","Landslide","No","No",3,"Yes",3,6,32,50,"No","Yes","Rarely","Sometimes",1,1,4,4,0,"Food Secure",13
"COR-0538",2024-10-11,"Rangamati","Naniarchar","Youth Group",18,"Female","Chakma","Secondary (Class 6-10)",6,13377,"No","Flash Flood","No","No",3,"No",6,8,34,58,"No","Yes","Always","Rarely",1,2,NA,3,2960,"Mildly Food Insecure",8
"COR-0539",2024-09-29,"Bandarban","Ruma","Local Government Representative",37,"Female","Chakma","Primary (Class 1-5)",4,13704,"No","Landslide","Yes","Yes",1,"Yes",4,4,36,38,"No","Yes","Sometimes","Often",4,3,NA,3,1610,"Moderately Food Insecure",9
"COR-0540",2024-11-07,"Khagrachari","Panchhari","Village Women Group (VWG)",37,"Female","Marma","No formal education",5,15202,"Yes","Erratic Rainfall","No","No",3,"Yes",2,4,10,26,"No","Yes","Sometimes","Rarely",4,1,NA,2,2132,"Mildly Food Insecure",16
"COR-0541",2024-10-20,"Bandarban","Alikadam","Village Women Group (VWG)",36,"Female","Chakma","No formal education",6,14925,"Yes","Drought","Yes","Yes",1,"Yes",3,3,54,57,"No","No","Never","Never",3,4,NA,4,1726,"Mildly Food Insecure",11
"COR-0542",2024-09-28,"Khagrachari","Mahalchhari","Village Women Group (VWG)",30,"Female","Marma","SSC/Equivalent",6,16566,"No","Multiple","No","Yes",4,"Yes",1,6,35,53,"No","Yes","Often","Always",1,3,NA,3,1676,"Mildly Food Insecure",12
"COR-0543",2024-11-26,"Khagrachari","Dighinala","Village Women Group (VWG)",26,"Female","Tripura","SSC/Equivalent",2,14421,"No","Landslide","Yes","No",4,"Yes",3,4,25,40,"No","Yes","Never","Sometimes",1,2,NA,4,0,"Mildly Food Insecure",19
"COR-0544",2024-10-12,"Khagrachari","Dighinala","Women's Climate Resilience Committee (WCRC)",33,"Female","Tanchangya","SSC/Equivalent",5,19794,"Yes","Flash Flood","Yes","Yes",2,"Yes",2,3,25,29,"Yes","Yes","Often","Often",2,3,3,3,1148,"Mildly Food Insecure",14
"COR-0545",2024-09-28,"Rangamati","Barkal","Community Stakeholder",36,"Male","Tripura","Secondary (Class 6-10)",5,12227,"Yes","Flash Flood","Yes","No",2,"Yes",3,5,50,55,"No","No","Rarely","Always",1,3,NA,4,0,"Moderately Food Insecure",7
"COR-0546",2024-11-26,"Khagrachari","Panchhari","Community Stakeholder",40,"Female","Bawm","Secondary (Class 6-10)",5,9158,"No","Landslide","Yes","Yes",3,"Yes",4,6,31,42,"No","No","Never","Sometimes",1,2,NA,4,939,"Mildly Food Insecure",16
"COR-0547",2024-10-13,"Rangamati","Barkal","Youth Group",21,"Female","Chakma","Primary (Class 1-5)",5,14538,"No","Landslide","Yes","No",4,"No",5,7,26,43,"No","Yes","Never","Rarely",2,4,NA,4,0,"Mildly Food Insecure",10
"COR-0548",2024-09-07,"Rangamati","Rajasthali","Village Women Group (VWG)",32,"Female","Tripura","SSC/Equivalent",5,6205,"Yes","Drought","No","No",3,"Yes",1,2,34,50,"No","Yes","Never","Always",2,5,NA,4,0,"Food Secure",13
"COR-0549",2024-10-07,"Bandarban","Bandarban Sadar","Community Stakeholder",44,"Male","Pangkhua","Secondary (Class 6-10)",7,8348,"Yes","Multiple","Yes","No",2,"Yes",1,2,49,57,"No","Yes","Always","Often",1,4,NA,4,901,"Food Secure",8
"COR-0550",2024-10-27,"Khagrachari","Dighinala","Community Stakeholder",32,"Male","Bawm","Graduate and above",6,14740,"No","Erratic Rainfall","Yes","No",1,"Yes",5,6,43,47,"No","Yes","Sometimes","Sometimes",2,3,NA,5,1872,"Food Secure",16
"COR-0551",2024-10-15,"Khagrachari","Panchhari","Youth Group",22,"Female","Murung","HSC/Equivalent",8,3058,"Yes","Erratic Rainfall","Yes","Yes",2,"Yes",2,4,46,50,"No","Yes","Sometimes","Rarely",2,2,NA,4,0,"Moderately Food Insecure",13
"COR-0552",2024-09-11,"Khagrachari","Panchhari","Women's Climate Resilience Committee (WCRC)",46,"Female","Murung","SSC/Equivalent",6,7727,"No","Multiple","Yes","No",3,"Yes",1,3,37,48,"Yes","Yes","Rarely","Sometimes",3,3,5,5,0,"Mildly Food Insecure",5
"COR-0553",2024-10-08,"Rangamati","Rajasthali","Women's Climate Resilience Committee (WCRC)",43,"Female","Chakma","SSC/Equivalent",4,13095,"Yes","None","Yes","Yes",1,"Yes",2,3,31,34,"Yes","No","Sometimes","Often",1,2,4,3,0,"Food Secure",19
"COR-0554",2024-10-22,"Bandarban","Bandarban Sadar","Community Stakeholder",39,"Female","Murung","Graduate and above",2,12951,"Yes","Flash Flood","Yes","No",4,"Yes",3,6,55,58,"Yes","Yes","Sometimes","Rarely",2,1,NA,4,1834,"Food Secure",15
"COR-0555",2024-10-12,"Rangamati","Rajasthali","Women's Climate Resilience Committee (WCRC)",37,"Female","Tripura","Primary (Class 1-5)",6,13239,"No","Drought","Yes","No",4,"No",1,2,45,63,"No","Yes","Often","Sometimes",3,6,3,4,1900,"Moderately Food Insecure",9
"COR-0556",2024-09-16,"Khagrachari","Dighinala","Local Government Representative",55,"Male","Marma","Secondary (Class 6-10)",6,16301,"Yes","Landslide","Yes","Yes",3,"Yes",3,5,55,67,"No","Yes","Often","Often",3,2,NA,5,1673,"Food Secure",11
"COR-0557",2024-11-21,"Rangamati","Baghaichhari","Youth Group",24,"Male","Tanchangya","HSC/Equivalent",6,8339,"No","Erratic Rainfall","Yes","Yes",1,"No",4,5,59,62,"No","Yes","Rarely","Never",2,6,NA,5,2300,"Food Secure",9
"COR-0558",2024-09-18,"Bandarban","Rowangchhari","Women's Climate Resilience Committee (WCRC)",39,"Female","Khyang","HSC/Equivalent",5,6534,"No","None","No","Yes",4,"No",2,4,42,58,"No","Yes","Always","Always",2,5,4,3,988,"Food Secure",14
"COR-0559",2024-11-25,"Khagrachari","Mahalchhari","Village Women Group (VWG)",51,"Female","Marma","Secondary (Class 6-10)",5,19280,"No","Multiple","No","No",3,"Yes",3,5,54,73,"Yes","Yes","Never","Never",3,4,NA,5,0,"Food Secure",17
"COR-0560",2024-11-02,"Bandarban","Rowangchhari","Village Women Group (VWG)",42,"Female","Chakma","Primary (Class 1-5)",5,8433,"Yes","Erratic Rainfall","Yes","No",1,"Yes",2,2,61,64,"No","Yes","Never","Always",1,3,NA,2,1485,"Severely Food Insecure",15
"COR-0561",2024-09-26,"Bandarban","Alikadam","Local Government Representative",36,"Female","Bengali","Graduate and above",4,12983,"No","Erratic Rainfall","No","No",2,"Yes",2,4,41,56,"Yes","Yes","Always","Often",1,3,NA,4,0,"Food Secure",15
"COR-0562",2024-09-30,"Khagrachari","Lakshmichhari","Community Stakeholder",35,"Male","Marma","SSC/Equivalent",6,14108,"Yes","Landslide","Yes","Yes",2,"Yes",4,4,40,43,"No","Yes","Never","Always",4,2,NA,4,1197,"Food Secure",14
"COR-0563",2024-11-24,"Khagrachari","Dighinala","Women's Climate Resilience Committee (WCRC)",35,"Female","Tripura","No formal education",5,18224,"Yes","Flash Flood","Yes","No",3,"No",5,7,52,59,"No","Yes","Rarely","Often",4,2,2,5,0,"Mildly Food Insecure",14
"COR-0564",2024-11-01,"Khagrachari","Panchhari","Youth Group",24,"Female","Tripura","Primary (Class 1-5)",4,10638,"No","Multiple","No","No",3,"No",1,2,41,49,"No","Yes","Sometimes","Sometimes",4,2,NA,5,1263,"Mildly Food Insecure",9
"COR-0565",2024-09-19,"Bandarban","Alikadam","Youth Group",23,"Female","Murung","Secondary (Class 6-10)",7,6827,"No","Multiple","Yes","Yes",2,"Yes",3,5,40,47,"No","Yes","Sometimes","Never",2,5,NA,4,0,"Food Secure",12
"COR-0566",2024-11-22,"Rangamati","Barkal","Village Women Group (VWG)",43,"Female","Murung","SSC/Equivalent",7,4972,"Yes","Landslide","No","Yes",3,"No",5,5,48,50,"No","Yes","Sometimes","Often",1,2,NA,5,2588,"Food Secure",10
"COR-0567",2024-11-09,"Khagrachari","Lakshmichhari","Women's Climate Resilience Committee (WCRC)",27,"Female","Tripura","HSC/Equivalent",4,12211,"Yes","Landslide","No","Yes",1,"Yes",0,1,35,42,"No","Yes","Sometimes","Sometimes",2,4,4,2,2455,"Mildly Food Insecure",16
"COR-0568",2024-10-20,"Rangamati","Barkal","Village Women Group (VWG)",26,"Female","Bengali","Primary (Class 1-5)",4,14736,"Yes","Multiple","Yes","No",3,"Yes",1,4,64,68,"No","Yes","Rarely","Always",3,5,NA,3,2427,"Food Secure",17
"COR-0569",2024-10-29,"Bandarban","Rowangchhari","Women's Climate Resilience Committee (WCRC)",40,"Female","Khumi","Secondary (Class 6-10)",5,13776,"No","Landslide","Yes","No",2,"Yes",4,4,45,49,"No","No","Rarely","Sometimes",1,4,5,5,759,"Mildly Food Insecure",11
"COR-0570",2024-11-26,"Bandarban","Ruma","Village Women Group (VWG)",42,"Female","Tanchangya","Secondary (Class 6-10)",3,14223,"No","Landslide","Yes","No",1,"Yes",2,2,24,28,"No","No","Often","Rarely",2,3,NA,3,2339,"Food Secure",14
"COR-0571",2024-10-19,"Rangamati","Kaptai","Local Government Representative",42,"Female","Marma","Primary (Class 1-5)",6,15449,"Yes","Flash Flood","Yes","Yes",4,"No",3,6,41,52,"Yes","No","Rarely","Often",4,1,NA,3,913,"Food Secure",11
"COR-0572",2024-10-14,"Khagrachari","Lakshmichhari","Women's Climate Resilience Committee (WCRC)",44,"Female","Marma","No formal education",5,7310,"Yes","Flash Flood","Yes","Yes",3,"Yes",2,6,42,49,"No","Yes","Never","Sometimes",2,4,2,5,1191,"Moderately Food Insecure",20
"COR-0573",2024-09-03,"Rangamati","Kaptai","Village Women Group (VWG)",26,"Female","Bawm","Graduate and above",5,3461,"Yes","None","Yes","No",1,"Yes",3,4,20,23,"No","No","Rarely","Sometimes",2,4,NA,3,2438,"Food Secure",16
"COR-0574",2024-11-01,"Rangamati","Naniarchar","Village Women Group (VWG)",42,"Female","Bawm","No formal education",3,16109,"No","Erratic Rainfall","No","Yes",2,"No",3,4,50,62,"No","Yes","Never","Never",3,3,NA,4,799,"Mildly Food Insecure",13
"COR-0575",2024-10-15,"Khagrachari","Lakshmichhari","Women's Climate Resilience Committee (WCRC)",39,"Female","Tripura","SSC/Equivalent",4,8051,"Yes","Erratic Rainfall","No","Yes",3,"No",4,5,42,48,"No","Yes","Sometimes","Often",2,3,5,4,2279,"Food Secure",13
"COR-0576",2024-10-12,"Rangamati","Rajasthali","Women's Climate Resilience Committee (WCRC)",43,"Female","Tripura","No formal education",3,18812,"No","Landslide","No","No",2,"No",4,6,32,44,"No","Yes","Often","Rarely",1,1,5,5,2055,"Food Secure",11
"COR-0577",2024-10-14,"Bandarban","Thanchi","Community Stakeholder",44,"Female","Tripura","Graduate and above",3,13016,"Yes","Erratic Rainfall","Yes","Yes",1,"Yes",1,2,53,54,"No","Yes","Rarely","Sometimes",3,5,NA,5,2571,"Moderately Food Insecure",6
"COR-0578",2024-09-28,"Rangamati","Barkal","Community Stakeholder",45,"Female","Chakma","Secondary (Class 6-10)",5,17180,"No","Multiple","Yes","No",3,"Yes",4,7,43,59,"Yes","No","Sometimes","Often",1,2,NA,1,1521,"Mildly Food Insecure",8
"COR-0579",2024-09-12,"Bandarban","Rowangchhari","Youth Group",20,"Female","Chakma","Secondary (Class 6-10)",5,11852,"No","Multiple","Yes","No",2,"Yes",4,5,27,31,"Yes","No","Rarely","Often",1,2,NA,3,0,"Food Secure",13
"COR-0580",2024-11-23,"Bandarban","Thanchi","Village Women Group (VWG)",27,"Female","Murung","No formal education",5,7449,"Yes","Multiple","Yes","No",3,"No",3,4,31,39,"No","Yes","Often","Rarely",2,2,NA,5,2718,"Mildly Food Insecure",12
"COR-0581",2024-11-05,"Rangamati","Barkal","Village Women Group (VWG)",51,"Female","Murung","Secondary (Class 6-10)",4,12689,"No","Landslide","Yes","Yes",1,"Yes",5,5,41,43,"Yes","Yes","Rarely","Always",1,1,NA,4,1556,"Mildly Food Insecure",11
"COR-0582",2024-11-26,"Rangamati","Kaptai","Village Women Group (VWG)",27,"Female","Bengali","Primary (Class 1-5)",6,10894,"Yes","Erratic Rainfall","Yes","Yes",4,"No",1,2,36,51,"No","No","Never","Often",2,3,NA,4,1281,"Mildly Food Insecure",13
"COR-0583",2024-10-12,"Bandarban","Alikadam","Community Stakeholder",48,"Male","Marma","SSC/Equivalent",5,7878,"No","Multiple","No","No",2,"Yes",1,2,39,46,"No","Yes","Never","Often",2,3,NA,3,3183,"Food Secure",9
"COR-0584",2024-09-14,"Khagrachari","Khagrachari Sadar","Women's Climate Resilience Committee (WCRC)",32,"Female","Tanchangya","Primary (Class 1-5)",3,15788,"Yes","Multiple","Yes","Yes",4,"Yes",4,6,34,49,"No","Yes","Rarely","Always",2,2,3,5,0,"Mildly Food Insecure",8
"COR-0585",2024-11-20,"Bandarban","Ruma","Village Women Group (VWG)",30,"Female","Marma","Primary (Class 1-5)",5,6341,"Yes","Flash Flood","Yes","Yes",2,"Yes",4,5,28,36,"No","Yes","Never","Always",2,4,NA,4,1799,"Severely Food Insecure",17
"COR-0586",2024-11-14,"Khagrachari","Lakshmichhari","Women's Climate Resilience Committee (WCRC)",22,"Female","Marma","Primary (Class 1-5)",4,15521,"Yes","Multiple","Yes","No",1,"Yes",7,8,29,31,"No","Yes","Often","Often",1,4,2,3,0,"Food Secure",14
"COR-0587",2024-09-06,"Rangamati","Rajasthali","Women's Climate Resilience Committee (WCRC)",39,"Female","Tripura","Primary (Class 1-5)",4,9922,"Yes","Landslide","Yes","Yes",1,"No",2,3,44,49,"Yes","No","Never","Often",3,2,4,5,3131,"Severely Food Insecure",16
"COR-0588",2024-09-19,"Khagrachari","Lakshmichhari","Youth Group",18,"Male","Bengali","No formal education",4,11801,"No","Landslide","Yes","No",4,"Yes",5,9,25,34,"No","No","Rarely","Often",1,4,NA,4,1796,"Mildly Food Insecure",18
"COR-0589",2024-09-22,"Khagrachari","Lakshmichhari","Village Women Group (VWG)",52,"Female","Chakma","Primary (Class 1-5)",5,9853,"Yes","None","Yes","Yes",2,"Yes",7,8,41,56,"No","Yes","Sometimes","Sometimes",2,1,NA,5,927,"Food Secure",20
"COR-0590",2024-11-25,"Khagrachari","Mahalchhari","Village Women Group (VWG)",36,"Female","Marma","No formal education",6,7974,"Yes","Flash Flood","Yes","No",3,"Yes",1,3,48,55,"Yes","Yes","Always","Sometimes",1,2,NA,4,1197,"Food Secure",18
"COR-0591",2024-11-16,"Bandarban","Ruma","Village Women Group (VWG)",40,"Female","Marma","HSC/Equivalent",7,8830,"No","Landslide","No","No",3,"Yes",1,3,34,43,"No","Yes","Sometimes","Often",2,1,NA,3,2909,"Food Secure",12
"COR-0592",2024-10-01,"Rangamati","Rajasthali","Village Women Group (VWG)",41,"Female","Chakma","Secondary (Class 6-10)",6,14802,"No","Drought","Yes","Yes",2,"Yes",4,5,53,58,"No","Yes","Sometimes","Often",2,4,NA,5,0,"Moderately Food Insecure",12
"COR-0593",2024-10-14,"Bandarban","Rowangchhari","Village Women Group (VWG)",25,"Female","Chakma","Primary (Class 1-5)",6,10760,"No","Erratic Rainfall","Yes","Yes",2,"Yes",3,4,69,76,"No","Yes","Rarely","Often",4,4,NA,2,1833,"Food Secure",11
"COR-0594",2024-09-03,"Bandarban","Ruma","Youth Group",22,"Male","Chakma","Secondary (Class 6-10)",5,13788,"Yes","Multiple","No","Yes",4,"No",4,6,32,47,"No","No","Sometimes","Always",1,5,NA,3,1347,"Food Secure",12
"COR-0595",2024-09-06,"Rangamati","Rajasthali","Village Women Group (VWG)",29,"Female","Tripura","SSC/Equivalent",6,14019,"No","Flash Flood","No","Yes",1,"Yes",4,5,51,58,"Yes","No","Rarely","Always",1,6,NA,3,0,"Food Secure",13
"COR-0596",2024-09-12,"Bandarban","Bandarban Sadar","Women's Climate Resilience Committee (WCRC)",34,"Female","Chakma","Secondary (Class 6-10)",7,8712,"No","Flash Flood","Yes","Yes",3,"Yes",1,3,15,22,"Yes","Yes","Rarely","Sometimes",5,3,3,3,852,"Moderately Food Insecure",15
"COR-0597",2024-09-29,"Rangamati","Kaptai","Women's Climate Resilience Committee (WCRC)",43,"Female","Chakma","Secondary (Class 6-10)",5,11402,"No","Drought","No","Yes",3,"Yes",3,5,27,31,"Yes","Yes","Rarely","Always",2,3,5,4,1189,"Mildly Food Insecure",12
"COR-0598",2024-09-25,"Bandarban","Rowangchhari","Youth Group",19,"Male","Murung","HSC/Equivalent",6,8244,"Yes","Erratic Rainfall","Yes","No",1,"Yes",1,2,29,33,"No","Yes","Rarely","Never",3,3,NA,3,606,"Food Secure",13
"COR-0599",2024-11-24,"Khagrachari","Mahalchhari","Village Women Group (VWG)",34,"Female","Chakma","Secondary (Class 6-10)",3,16137,"Yes","Flash Flood","Yes","No",4,"Yes",5,8,46,71,"Yes","No","Often","Never",1,1,NA,5,0,"Mildly Food Insecure",5
"COR-0600",2024-11-05,"Khagrachari","Panchhari","Village Women Group (VWG)",52,"Female","Marma","No formal education",5,10292,"No","Flash Flood","No","No",4,"Yes",2,3,73,81,"No","Yes","Rarely","Always",5,4,NA,3,0,"Food Secure",7
"COR-0601",2024-10-30,"Bandarban","Rowangchhari","Youth Group",18,"Female","Murung","SSC/Equivalent",5,12268,"Yes","Flash Flood","No","No",1,"No",2,3,65,67,"No","Yes","Never","Sometimes",1,2,NA,5,0,"Mildly Food Insecure",9
"COR-0602",2024-11-23,"Bandarban","Rowangchhari","Women's Climate Resilience Committee (WCRC)",18,"Female","Chakma","Primary (Class 1-5)",4,13727,"Yes","Erratic Rainfall","Yes","Yes",3,"Yes",3,5,33,43,"No","Yes","Rarely","Always",5,3,3,3,0,"Mildly Food Insecure",16
"COR-0603",2024-09-14,"Rangamati","Rajasthali","Youth Group",25,"Female","Marma","HSC/Equivalent",6,8222,"No","Erratic Rainfall","Yes","No",2,"No",5,6,45,53,"No","Yes","Never","Always",3,1,NA,4,1749,"Severely Food Insecure",16
"COR-0604",2024-10-08,"Khagrachari","Lakshmichhari","Women's Climate Resilience Committee (WCRC)",35,"Female","Chakma","Secondary (Class 6-10)",4,13385,"No","Landslide","No","No",2,"Yes",1,1,48,56,"Yes","No","Never","Always",3,5,3,4,0,"Food Secure",20
"COR-0605",2024-11-19,"Rangamati","Kaptai","Village Women Group (VWG)",33,"Female","Chakma","SSC/Equivalent",4,15558,"Yes","Drought","Yes","Yes",2,"Yes",6,8,21,27,"No","Yes","Sometimes","Rarely",2,5,NA,3,3006,"Moderately Food Insecure",13
"COR-0606",2024-11-06,"Bandarban","Thanchi","Local Government Representative",32,"Female","Tripura","No formal education",7,11572,"Yes","Flash Flood","Yes","Yes",4,"Yes",0,6,29,42,"Yes","No","Often","Sometimes",2,2,NA,4,1986,"Moderately Food Insecure",7
"COR-0607",2024-10-21,"Bandarban","Ruma","Village Women Group (VWG)",42,"Female","Chakma","No formal education",5,14472,"No","Multiple","No","Yes",1,"Yes",4,4,53,54,"No","No","Sometimes","Never",3,2,NA,5,2856,"Food Secure",13
"COR-0608",2024-09-14,"Rangamati","Baghaichhari","Women's Climate Resilience Committee (WCRC)",39,"Female","Tripura","Primary (Class 1-5)",6,16723,"No","Landslide","Yes","Yes",4,"Yes",4,6,25,45,"No","Yes","Sometimes","Often",1,4,3,4,1064,"Mildly Food Insecure",17
"COR-0609",2024-09-09,"Bandarban","Ruma","Village Women Group (VWG)",49,"Female","Murung","Primary (Class 1-5)",3,16152,"Yes","Erratic Rainfall","Yes","Yes",2,"No",4,5,33,39,"Yes","Yes","Never","Always",4,3,NA,3,1480,"Mildly Food Insecure",18
"COR-0610",2024-10-12,"Bandarban","Thanchi","Local Government Representative",42,"Male","Chakma","Primary (Class 1-5)",5,9972,"No","Landslide","No","Yes",2,"No",4,4,44,47,"No","No","Sometimes","Sometimes",1,2,NA,4,0,"Mildly Food Insecure",16
"COR-0611",2024-11-15,"Khagrachari","Lakshmichhari","Community Stakeholder",47,"Male","Marma","Secondary (Class 6-10)",6,11739,"No","Flash Flood","Yes","Yes",2,"No",2,4,51,64,"No","Yes","Often","Often",1,2,NA,4,614,"Food Secure",13
"COR-0612",2024-11-19,"Bandarban","Ruma","Community Stakeholder",58,"Female","Tanchangya","Primary (Class 1-5)",4,18190,"Yes","Erratic Rainfall","Yes","Yes",2,"Yes",2,3,18,30,"No","No","Never","Rarely",2,6,NA,5,1997,"Moderately Food Insecure",14
"COR-0613",2024-09-02,"Khagrachari","Lakshmichhari","Local Government Representative",52,"Male","Marma","Primary (Class 1-5)",6,4534,"Yes","Drought","No","No",4,"Yes",5,9,40,44,"No","No","Sometimes","Often",1,4,NA,3,0,"Food Secure",17
"COR-0614",2024-10-03,"Khagrachari","Dighinala","Women's Climate Resilience Committee (WCRC)",34,"Female","Marma","Secondary (Class 6-10)",5,9338,"Yes","Multiple","No","No",3,"Yes",5,7,24,28,"No","No","Never","Sometimes",1,1,1,4,0,"Food Secure",16
"COR-0615",2024-10-09,"Bandarban","Alikadam","Women's Climate Resilience Committee (WCRC)",20,"Female","Chakma","SSC/Equivalent",5,16154,"No","Erratic Rainfall","No","No",3,"Yes",2,5,48,56,"No","Yes","Never","Often",2,3,4,4,3342,"Food Secure",11
"COR-0616",2024-09-26,"Bandarban","Alikadam","Village Women Group (VWG)",32,"Female","Marma","Primary (Class 1-5)",2,11057,"Yes","Erratic Rainfall","No","No",3,"No",2,4,18,30,"No","Yes","Sometimes","Often",3,1,NA,3,0,"Mildly Food Insecure",17
"COR-0617",2024-09-07,"Khagrachari","Panchhari","Women's Climate Resilience Committee (WCRC)",60,"Female","Tripura","HSC/Equivalent",4,10472,"Yes","Drought","Yes","No",2,"Yes",3,3,36,54,"No","Yes","Rarely","Often",2,3,4,3,666,"Food Secure",14
"COR-0618",2024-11-26,"Khagrachari","Panchhari","Women's Climate Resilience Committee (WCRC)",39,"Female","Marma","Secondary (Class 6-10)",3,9482,"No","Landslide","Yes","Yes",2,"No",3,4,17,27,"No","Yes","Often","Sometimes",2,3,4,3,1610,"Severely Food Insecure",12
"COR-0619",2024-11-18,"Bandarban","Bandarban Sadar","Village Women Group (VWG)",47,"Female","Tripura","Primary (Class 1-5)",5,7804,"No","Erratic Rainfall","No","Yes",3,"No",2,2,37,52,"No","Yes","Never","Often",2,4,NA,5,2115,"Food Secure",9
"COR-0620",2024-11-24,"Bandarban","Rowangchhari","Local Government Representative",23,"Female","Tanchangya","SSC/Equivalent",7,7032,"No","Landslide","Yes","Yes",3,"No",6,9,31,40,"No","Yes","Never","Never",2,4,NA,5,945,"Mildly Food Insecure",16
