"respondent_id","interview_date","district","upazila","respondent_type","age","sex","ethnicity","school_type","school_has_safe_water","school_has_separate_toilet","school_has_menstrual_hygiene_facility","school_gender_responsive_policy","years_in_programme","enrollment_rate_baseline_pct","enrollment_rate_endline_pct","girls_attendance_days_baseline","girls_attendance_days_endline","dropout_rate_girls_baseline_pct","dropout_rate_girls_endline_pct","learning_score_baseline","learning_score_endline","agency_score_baseline","agency_score_endline","child_marriage_prevalence_baseline_pct","child_marriage_prevalence_endline_pct","gbv_awareness_baseline","gbv_awareness_endline","mhm_knowledge_baseline","mhm_knowledge_endline","participates_in_school_activities","teacher_trained_gender_responsive","teacher_uses_inclusive_methods","parent_education_support","household_distance_to_school_km","economic_barrier_to_schooling","rhcw_households_served","rhcw_mhm_sessions_conducted","satisfaction_score"
"WGE-0001",2024-09-27,"Khagrachari","Panchhari","Household (Parent/Guardian)",38,"Male","Marma","Government Primary School","No","No","No","No",2,66.7,81.7,13,16,24.2,11.7,19,28,0,1.9,32.4,29.5,3,4,"Moderate","Excellent","Yes","Yes","No","Supports",1.5,"No barrier",10,8,1
"WGE-0002",2024-09-28,"Khagrachari","Khagrachari Sadar","Household (Parent/Guardian)",46,"Female","Murung","Government Secondary School","No","Yes","Yes","Yes",3,62.4,74.8,14,16,11.7,7.8,26,41,2.9,4.3,39.7,33,4,5,"Good","Good","Yes","No","Partially","Supports",0.9,"Yes - major barrier",36,3,5
"WGE-0003",2024-10-06,"Rangamati","Longadu","Police/Law Enforcement",35,"Male","Chakma","Government Secondary School","No","Yes","No","Partially",2,47.2,54.8,17,19,16.3,10.7,49,55,2.4,4.4,42.9,35.1,4,2,"Poor","Good","Yes","Yes","Yes","Neutral",0.6,"No barrier",46,7,4
"WGE-0004",2024-09-21,"Rangamati","Naniarchar","Reproductive Health Community Worker (RHCW)",27,"Female","Chakma","Community Learning Centre","No","No","Yes","Partially",2,70.9,85.4,16,17,20,13.7,38,39,5,5.5,54.2,48.7,2,4,"Good","Good","Yes","No","Yes","Strongly supports",3,"No barrier",51,11,4
"WGE-0005",2024-11-12,"Khagrachari","Ramgarh","Community Stakeholder",43,"Female","Marma","Government Secondary School","Yes","No","No","Yes",4,83.6,82.5,17,18,25.5,16.8,40,60,2,3.1,10,8.2,3,3,"Good","Poor","Yes","Yes","Yes","Neutral",5,"Yes - minor barrier",50,2,2
"WGE-0006",2024-09-26,"Rangamati","Baghaichhari","School Student (Girl)",12,"Female","Khumi","Community Learning Centre","Yes","Yes","No","Partially",1,68.9,83,21,22,20.1,14.9,62,68,4.7,5.6,60.1,53.3,2,4,"Good","Excellent","No","No","Partially","Strongly supports",2.3,"No barrier",82,7,2
"WGE-0007",2024-09-28,"Khagrachari","Dighinala","School Student (Girl)",11,"Female","Tanchangya","Madrasa","Yes","Yes","No","Yes",2,92.2,100,20,22,15.1,6.9,31,36,3.1,4,22.8,18.2,4,5,"Good","Good","No","Yes","Partially","Neutral",3.8,"No barrier",64,4,4
"WGE-0008",2024-10-12,"Bandarban","Lama","School Student (Girl)",11,"Female","Chakma","Government Primary School","Yes","Yes","Yes","Yes",3,60.5,69,21,20,24.5,19,41,52,2.7,3.1,45.5,38.7,4,5,"Excellent","Good","Yes","No","Partially","Does not support",1.9,"Yes - major barrier",59,8,4
"WGE-0009",2024-10-08,"Rangamati","Rajasthali","Household (Parent/Guardian)",39,"Male","Chakma","Madrasa","Yes","No","No","Yes",4,70.3,74,16,17,20.4,14.7,72,95,3.8,4.6,57.3,48.8,1,1,"Excellent","Good","No","Yes","No","Neutral",3.7,"Yes - minor barrier",54,8,4
"WGE-0010",2024-09-14,"Khagrachari","Panchhari","School Student (Boy)",14,"Male","Tripura","Government Secondary School","Yes","Yes","Yes","No",3,78.1,93.7,19,22,25.4,17.9,19,33,2.2,4.8,29.8,24.5,5,2,"Moderate","Good","No","Yes","Partially","Strongly supports",1.4,"Yes - minor barrier",44,8,4
"WGE-0011",2024-11-16,"Rangamati","Rajasthali","School Student (Girl)",12,"Female","Marma","Government Secondary School","Yes","No","Yes","Yes",3,65.7,76.2,13,16,21.9,23,52,58,4.3,6.1,54.7,47.4,4,5,"Moderate","Good","No","Yes","Partially","Neutral",1.4,"Yes - minor barrier",57,7,5
"WGE-0012",2024-10-20,"Khagrachari","Panchhari","Teacher",36,"Male","Pangkhua","Government Primary School","No","Yes","No","Partially",4,83.8,98.7,14,16,25.8,24,72,83,7.3,10,42,40.4,1,4,"Moderate","Moderate","Yes","No","Yes","Supports",1.5,"No barrier",34,7,4
"WGE-0013",2024-10-13,"Rangamati","Rajasthali","School Student (Girl)",13,"Female","Chakma","Government Primary School","No","Yes","No","Partially",2,62.7,69,15,16,17.3,9.1,65,73,4,4.5,48.8,37,4,2,"Poor","Good","Yes","No","Yes","Strongly supports",2.1,"Yes - major barrier",25,6,5
"WGE-0014",2024-09-27,"Bandarban","Bandarban Sadar","School Student (Boy)",14,"Male","Murung","Government Secondary School","No","Yes","Yes","Yes",3,84,98.7,17,20,21.5,14.3,48,56,4.3,5.4,50.5,50,1,2,"Moderate","Good","No","No","Yes","Neutral",2.6,"Yes - minor barrier",18,7,3
"WGE-0015",2024-11-14,"Rangamati","Rajasthali","School Student (Girl)",12,"Female","Bawm","NGO-run School","Yes","Yes","No","Yes",3,89.6,100,16,19,17,5.8,50,58,3.7,6.9,39.5,29,1,5,"Poor","Excellent","No","Yes","No","Neutral",0.2,"Yes - minor barrier",41,12,2
"WGE-0016",2024-10-31,"Rangamati","Baghaichhari","Household (Parent/Guardian)",37,"Male","Bawm","Government Secondary School","No","Yes","Yes","Yes",3,62.5,70.9,18,22,24.1,22.7,34,43,5,7.4,49,38,2,5,"Good","Excellent","Yes","No","Partially","Supports",6.4,"Yes - major barrier",58,9,3
"WGE-0017",2024-11-18,"Khagrachari","Panchhari","Reproductive Health Community Worker (RHCW)",29,"Female","Tripura","Government Secondary School","Yes","No","Yes","Partially",2,75.9,97.9,19,22,5.2,0,43,49,1,3.1,49.8,43.6,2,4,"Excellent","Good","No","Yes","Yes","Supports",1.7,"No barrier",57,6,3
"WGE-0018",2024-11-29,"Rangamati","Baghaichhari","Reproductive Health Community Worker (RHCW)",29,"Female","Chakma","Government Secondary School","Yes","No","No","Yes",4,66.7,77.3,14,15,11.1,6,77,94,6.5,9,52.1,45,2,3,"Moderate","Poor","No","Yes","Partially","Strongly supports",2.4,"No barrier",43,7,4
"WGE-0019",2024-11-27,"Rangamati","Kaptai","School Student (Girl)",15,"Female","Chakma","Government Secondary School","Yes","Yes","Yes","Partially",3,76.8,86,12,16,19.1,15.7,42,47,5.7,6.1,56.2,48.5,2,2,"Good","Excellent","No","No","Partially","Strongly supports",4,"No barrier",53,7,3
"WGE-0020",2024-09-29,"Rangamati","Rajasthali","School Student (Girl)",13,"Female","Tripura","Government Primary School","Yes","No","Yes","Yes",4,79.7,83.8,19,20,28.1,22.8,68,81,2.9,5.3,27.4,19.1,4,5,"Poor","Poor","Yes","No","Yes","Strongly supports",4.8,"Yes - major barrier",58,7,3
"WGE-0021",2024-10-28,"Rangamati","Rajasthali","Household (Parent/Guardian)",31,"Female","Tripura","NGO-run School","Yes","Yes","No","Yes",3,85,96,14,14,28.1,20.5,69,77,3.1,3.5,57.8,49.7,4,4,"Good","Good","Yes","Yes","Yes","Neutral",3.9,"Yes - minor barrier",34,7,3
"WGE-0022",2024-10-12,"Rangamati","Naniarchar","School Management Committee (SMC)",41,"Female","Chakma","Government Primary School","Yes","No","No","Yes",2,59.1,63.3,15,16,23,14.4,42,49,1.7,2.2,61.5,51.7,5,5,"Good","Excellent","Yes","Yes","No","Supports",1.2,"Yes - minor barrier",31,4,5
"WGE-0023",2024-11-19,"Rangamati","Longadu","Community Stakeholder",59,"Female","Chakma","Madrasa","No","Yes","Yes","Yes",3,82.3,93.1,18,21,31.8,24.5,62,76,1.6,3.7,35,31.6,2,3,"Moderate","Excellent","Yes","Yes","Yes","Supports",5.2,"Yes - minor barrier",56,7,5
"WGE-0024",2024-09-11,"Rangamati","Rajasthali","Household (Parent/Guardian)",33,"Male","Murung","Government Secondary School","No","No","Yes","Partially",4,49.5,64.8,10,12,2,0,72,87,5.1,10,30.3,23,4,3,"Excellent","Poor","Yes","No","Yes","Strongly supports",7.8,"Yes - major barrier",27,6,3
"WGE-0025",2024-09-29,"Khagrachari","Khagrachari Sadar","Reproductive Health Community Worker (RHCW)",23,"Female","Tanchangya","Government Primary School","No","No","No","No",1,54.2,58.8,21,22,23.2,16.7,75,80,3.3,3.6,52.6,45.2,2,4,"Excellent","Good","No","Yes","Yes","Neutral",5.3,"Yes - minor barrier",15,8,5
"WGE-0026",2024-09-22,"Rangamati","Kaptai","School Student (Boy)",15,"Male","Pangkhua","Government Primary School","No","No","No","Partially",2,60.1,66.3,10,12,21.4,13.5,74,82,3.4,4.9,44.3,43.9,1,2,"Poor","Good","Yes","Yes","No","Neutral",4.3,"Yes - minor barrier",62,8,4
"WGE-0027",2024-10-23,"Khagrachari","Ramgarh","School Student (Girl)",15,"Female","Khumi","Government Primary School","Yes","No","Yes","No",4,76.6,91.8,18,19,22.7,10.4,49,60,0.2,2.4,63.4,53.5,5,5,"Poor","Excellent","Yes","No","Yes","Neutral",3,"No barrier",38,10,5
"WGE-0028",2024-09-18,"Rangamati","Kaptai","School Student (Boy)",14,"Male","Chakma","Madrasa","No","No","No","Partially",3,84.2,95.3,19,20,22.7,16.1,55,73,4.2,6.3,24.8,18.4,2,1,"Good","Good","Yes","Yes","Yes","Neutral",3.4,"No barrier",55,9,4
"WGE-0029",2024-09-13,"Rangamati","Baghaichhari","School Student (Girl)",14,"Female","Chakma","Government Primary School","No","Yes","Yes","Partially",4,83.7,100,16,17,18,4.5,54,64,2.2,3.6,30.2,21.7,3,5,"Good","Excellent","No","No","Partially","Neutral",1.9,"Yes - minor barrier",37,7,4
"WGE-0030",2024-10-03,"Khagrachari","Khagrachari Sadar","Reproductive Health Community Worker (RHCW)",33,"Female","Tripura","Government Secondary School","Yes","No","Yes","Yes",3,83,97.1,17,21,17.1,14,43,45,2.7,1.9,14.9,3.8,1,5,"Excellent","Poor","Yes","Yes","Yes","Supports",1.7,"Yes - minor barrier",59,11,3
"WGE-0031",2024-09-28,"Bandarban","Naikhongchhari","School Student (Girl)",12,"Female","Chakma","Government Primary School","Yes","Yes","No","Yes",4,74,85.5,22,22,29.6,24.4,31,42,2.7,4.7,51.8,42.1,3,4,"Moderate","Moderate","Yes","Yes","Yes","Strongly supports",1.4,"Yes - major barrier",39,3,5
"WGE-0032",2024-09-04,"Rangamati","Naniarchar","School Student (Boy)",12,"Male","Chakma","Government Primary School","Yes","No","No","Partially",2,82.5,95.1,12,16,36.4,30.9,39,42,3.1,4.2,40.3,28.9,4,5,"Poor","Good","No","No","Partially","Supports",5.5,"No barrier",53,10,2
"WGE-0033",2024-10-25,"Bandarban","Bandarban Sadar","School Student (Girl)",15,"Female","Chakma","Government Secondary School","Yes","Yes","No","No",4,88.2,98.1,17,19,13.1,7.5,18,30,3.8,5.5,44.1,41.7,1,4,"Moderate","Excellent","Yes","Yes","Partially","Strongly supports",2,"Yes - minor barrier",40,9,3
"WGE-0034",2024-11-24,"Rangamati","Kaptai","School Student (Girl)",13,"Female","Pangkhua","Government Primary School","Yes","No","No","Yes",3,65.7,73,22,22,15.7,8.4,23,32,2.9,3.4,19.7,18,2,2,"Good","Good","No","No","Yes","Does not support",4.2,"Yes - minor barrier",48,10,2
"WGE-0035",2024-09-30,"Khagrachari","Khagrachari Sadar","School Management Committee (SMC)",38,"Female","Marma","Government Secondary School","No","Yes","Yes","Yes",2,67.1,73.4,19,22,28.2,23.6,57,70,3.1,3.3,62.2,60.1,5,4,"Excellent","Excellent","Yes","Yes","Partially","Strongly supports",3.3,"Yes - minor barrier",53,11,4
"WGE-0036",2024-10-02,"Khagrachari","Khagrachari Sadar","Household (Parent/Guardian)",51,"Male","Chakma","Government Secondary School","No","Yes","No","Partially",2,66,77.1,17,18,16.4,9.1,54,65,6.6,8,35.1,20.2,2,5,"Poor","Moderate","Yes","No","Yes","Supports",3.2,"No barrier",58,9,4
"WGE-0037",2024-10-17,"Rangamati","Naniarchar","Teacher",36,"Female","Bengali","Government Secondary School","Yes","Yes","Yes","No",4,82.4,89.4,14,18,7.7,0.6,54,81,4.5,6.6,57.9,52.9,1,1,"Poor","Excellent","No","Yes","Yes","Neutral",6,"No barrier",55,11,4
"WGE-0038",2024-10-16,"Khagrachari","Panchhari","School Student (Boy)",16,"Male","Chakma","Government Primary School","Yes","Yes","Yes","Yes",1,71.5,76.6,20,22,22.9,15.5,59,62,3.4,4.3,53.1,45.3,1,4,"Poor","Excellent","No","Yes","Yes","Strongly supports",3.5,"No barrier",74,6,5
"WGE-0039",2024-09-15,"Bandarban","Bandarban Sadar","School Student (Girl)",13,"Female","Marma","Government Secondary School","Yes","No","Yes","Yes",3,57.1,67.6,17,18,13.3,5.9,57,67,4.6,6.7,35.7,29.1,2,4,"Excellent","Moderate","Yes","Yes","Yes","Supports",5.1,"Yes - major barrier",99,1,5
"WGE-0040",2024-10-27,"Khagrachari","Dighinala","School Student (Girl)",13,"Female","Chakma","Government Secondary School","Yes","No","No","Partially",3,61,71.8,21,22,17.4,9.8,56,65,5.9,5.7,78.3,75.5,2,4,"Moderate","Excellent","No","Yes","Partially","Strongly supports",2.3,"No barrier",56,12,5
"WGE-0041",2024-09-07,"Khagrachari","Khagrachari Sadar","Teacher",49,"Male","Chakma","Madrasa","No","No","Yes","No",1,74.9,89.9,16,18,6,0,54,57,3.9,4.2,48.1,44.3,1,3,"Good","Moderate","Yes","No","Partially","Strongly supports",1.4,"Yes - major barrier",23,10,1
"WGE-0042",2024-11-26,"Bandarban","Bandarban Sadar","Mother Club Member",32,"Female","Tanchangya","Government Primary School","No","Yes","Yes","No",3,61.9,77,14,16,29,24.7,38,44,5.4,8.9,51,43,1,2,"Good","Good","No","No","Partially","Strongly supports",1.6,"No barrier",60,9,4
"WGE-0043",2024-11-19,"Khagrachari","Ramgarh","Reproductive Health Community Worker (RHCW)",29,"Female","Chakma","Government Primary School","No","Yes","No","No",2,55.5,72.9,14,15,13.8,12.7,71,78,4.3,5.1,49.6,35.9,4,3,"Poor","Good","Yes","No","Partially","Supports",2.5,"No barrier",25,7,4
"WGE-0044",2024-10-25,"Khagrachari","Khagrachari Sadar","School Student (Girl)",17,"Female","Chakma","Government Primary School","No","Yes","Yes","No",1,79.5,86.4,13,14,34.1,26.9,31,36,1.9,2.3,17.6,5.1,2,4,"Excellent","Moderate","No","Yes","Yes","Neutral",0.2,"No barrier",48,5,3
"WGE-0045",2024-09-13,"Rangamati","Naniarchar","School Student (Girl)",15,"Female","Chakma","Government Secondary School","Yes","Yes","Yes","Yes",2,70.3,82.4,16,20,0.2,0,39,45,5.2,6,28.4,23.4,2,3,"Poor","Moderate","Yes","No","Yes","Neutral",4.6,"No barrier",70,12,5
"WGE-0046",2024-11-12,"Rangamati","Kaptai","School Student (Girl)",12,"Female","Tanchangya","Government Primary School","No","Yes","No","Yes",2,69.1,76.5,13,17,21.1,13.5,39,42,3.3,2.9,27.4,14.6,5,4,"Poor","Excellent","No","No","Partially","Does not support",4.1,"Yes - minor barrier",36,9,3
"WGE-0047",2024-12-03,"Bandarban","Lama","Household (Parent/Guardian)",33,"Female","Tripura","Government Secondary School","No","No","No","No",1,71,84.8,17,18,24.9,19.3,48,55,6.8,7.5,40.2,33.8,4,3,"Good","Excellent","No","Yes","Yes","Supports",3.2,"Yes - minor barrier",65,9,5
"WGE-0048",2024-11-01,"Rangamati","Longadu","Teacher",34,"Female","Chakma","Community Learning Centre","Yes","Yes","Yes","No",3,78.6,87.8,16,19,10.7,9.2,38,47,8.8,10,46,35.2,3,5,"Poor","Good","No","Yes","Partially","Strongly supports",3.4,"Yes - major barrier",48,13,5
"WGE-0049",2024-09-26,"Khagrachari","Khagrachari Sadar","School Student (Boy)",15,"Male","Chakma","Government Primary School","Yes","Yes","Yes","Yes",4,95.9,100,22,22,20,11.3,57,70,6.6,9.4,57.7,50.3,2,5,"Moderate","Good","Yes","No","Partially","Strongly supports",0.9,"Yes - minor barrier",48,12,4
"WGE-0050",2024-11-25,"Rangamati","Kaptai","Reproductive Health Community Worker (RHCW)",33,"Female","Tanchangya","Madrasa","No","Yes","Yes","Partially",3,76.6,86,18,20,13.9,4.9,38,48,3.8,4.9,61.8,53,5,3,"Moderate","Excellent","Yes","Yes","Yes","Supports",0.5,"Yes - minor barrier",10,7,5
"WGE-0051",2024-11-10,"Bandarban","Rowangchhari","School Student (Boy)",13,"Male","Chakma","Government Secondary School","Yes","No","Yes","No",2,74.9,83.3,12,14,29.5,23,61,65,0.1,0.4,58.2,42.4,1,1,"Moderate","Excellent","Yes","Yes","Partially","Does not support",0.2,"Yes - major barrier",78,14,3
"WGE-0052",2024-09-16,"Khagrachari","Dighinala","Mother Club Member",33,"Female","Chakma","Government Primary School","Yes","No","No","Yes",3,78.3,87.4,21,22,18.3,12.4,39,46,3.2,4.7,47.3,35.6,2,5,"Moderate","Poor","Yes","Yes","Partially","Supports",4.4,"Yes - minor barrier",63,15,5
"WGE-0053",2024-10-07,"Bandarban","Lama","Reproductive Health Community Worker (RHCW)",28,"Female","Tanchangya","NGO-run School","No","Yes","No","No",3,100,100,17,19,32.8,21.8,61,72,4.3,5.3,44.4,37.5,2,4,"Moderate","Poor","Yes","Yes","No","Neutral",5.1,"Yes - minor barrier",59,4,2
"WGE-0054",2024-09-24,"Bandarban","Lama","School Management Committee (SMC)",38,"Male","Chakma","Government Primary School","No","No","Yes","Partially",2,87.3,100,17,19,22.5,19.2,47,57,5.7,6.4,28.6,15.3,1,2,"Excellent","Excellent","Yes","No","Partially","Does not support",4,"No barrier",87,9,5
"WGE-0055",2024-09-19,"Khagrachari","Mahalchhari","Teacher",41,"Female","Marma","Community Learning Centre","No","Yes","Yes","No",2,70.7,74.6,11,14,27.6,17.9,45,49,4.6,6.4,46.9,35.1,3,2,"Moderate","Excellent","Yes","Yes","Yes","Supports",3.3,"No barrier",38,7,4
"WGE-0056",2024-09-11,"Bandarban","Lama","School Student (Boy)",15,"Male","Tripura","Government Primary School","Yes","No","No","Yes",4,58.4,70.2,15,17,37,28.2,56,62,5.2,7.3,32.2,30.7,4,5,"Good","Poor","Yes","Yes","Yes","Neutral",2.1,"No barrier",69,9,4
"WGE-0057",2024-09-27,"Bandarban","Rowangchhari","School Student (Boy)",13,"Male","Tripura","Madrasa","Yes","No","No","No",3,76.2,86,19,22,13.3,4.2,59,66,3.6,6.8,47.6,38.2,4,3,"Good","Excellent","Yes","No","Yes","Neutral",4.4,"No barrier",43,3,3
"WGE-0058",2024-10-03,"Rangamati","Naniarchar","School Student (Girl)",17,"Female","Chakma","Government Primary School","No","Yes","Yes","No",4,69.7,78.9,18,22,15.5,10.8,48,59,4.3,6.6,19.7,11.2,2,5,"Moderate","Good","Yes","Yes","Yes","Supports",2.4,"Yes - minor barrier",56,9,3
"WGE-0059",2024-11-01,"Bandarban","Naikhongchhari","Police/Law Enforcement",52,"Female","Bengali","Government Primary School","Yes","Yes","No","Partially",2,65.6,75.4,13,14,25.4,20.9,34,36,2.8,3.3,51.9,44.7,3,3,"Moderate","Good","Yes","Yes","No","Supports",2.8,"Yes - major barrier",32,6,4
"WGE-0060",2024-10-25,"Rangamati","Naniarchar","School Student (Girl)",13,"Female","Marma","Community Learning Centre","Yes","Yes","No","Partially",3,100,100,18,21,13.2,1.2,54,64,2.6,4.3,53.3,39.1,5,2,"Good","Excellent","Yes","Yes","Yes","Strongly supports",4.5,"No barrier",57,5,3
"WGE-0061",2024-11-28,"Rangamati","Naniarchar","Household (Parent/Guardian)",49,"Male","Tanchangya","Government Secondary School","No","No","No","Partially",4,84.6,94,16,18,15.5,10.4,61,80,2.2,3,68.3,61.3,1,4,"Moderate","Moderate","No","Yes","Yes","Does not support",2.3,"Yes - minor barrier",12,9,5
"WGE-0062",2024-11-02,"Bandarban","Lama","Reproductive Health Community Worker (RHCW)",38,"Female","Tanchangya","Community Learning Centre","Yes","Yes","No","Yes",3,64.4,76.9,16,17,21.3,15.3,37,53,2,3.7,55.7,45.1,2,5,"Moderate","Good","Yes","Yes","No","Supports",2.9,"No barrier",32,8,3
"WGE-0063",2024-10-14,"Khagrachari","Dighinala","School Student (Girl)",13,"Female","Tanchangya","Government Secondary School","No","Yes","No","No",1,73.4,90.3,17,18,12.7,5.1,64,67,5,5.6,29.2,14.4,4,4,"Moderate","Moderate","No","Yes","Yes","Supports",1,"No barrier",67,10,5
"WGE-0064",2024-10-31,"Khagrachari","Dighinala","School Student (Girl)",15,"Female","Chakma","Government Primary School","Yes","Yes","No","Partially",4,77.9,88.8,16,19,31,21.5,73,97,2.5,4.7,32.4,18.2,4,5,"Moderate","Good","No","Yes","Partially","Neutral",1.4,"Yes - minor barrier",40,11,4
"WGE-0065",2024-10-04,"Khagrachari","Dighinala","School Student (Girl)",14,"Female","Marma","Community Learning Centre","Yes","No","Yes","No",1,84,92,13,16,19.3,18.3,68,70,1.1,1.8,32.3,26.8,4,4,"Good","Good","Yes","Yes","No","Supports",2.6,"No barrier",68,12,5
"WGE-0066",2024-10-25,"Rangamati","Rajasthali","School Student (Girl)",14,"Female","Tanchangya","Government Primary School","Yes","Yes","Yes","Partially",3,57.8,63.2,15,19,17.5,11.2,49,59,2.7,3,60.2,50.4,3,2,"Excellent","Good","Yes","No","Yes","Supports",4.2,"No barrier",47,9,4
"WGE-0067",2024-10-29,"Khagrachari","Panchhari","Household (Parent/Guardian)",43,"Male","Chakma","Government Primary School","No","Yes","No","Yes",1,80.3,90.3,15,17,9.5,5.2,39,43,2.7,2.7,52.2,43.3,4,3,"Good","Poor","Yes","No","Yes","Strongly supports",2.5,"Yes - minor barrier",39,5,2
"WGE-0068",2024-11-24,"Khagrachari","Mahalchhari","School Student (Boy)",11,"Male","Chakma","Community Learning Centre","Yes","Yes","Yes","Yes",3,75,82,20,22,19.6,13.7,48,58,2.5,2.3,46,38.1,5,4,"Poor","Good","No","Yes","No","Supports",0.8,"Yes - minor barrier",62,11,3
"WGE-0069",2024-09-22,"Khagrachari","Ramgarh","Reproductive Health Community Worker (RHCW)",27,"Female","Chakma","Government Secondary School","No","No","No","No",4,72.1,83.4,16,17,10.3,8.8,41,61,5.8,8.9,53.3,44.1,3,5,"Moderate","Good","Yes","Yes","Partially","Supports",4.2,"Yes - major barrier",26,8,4
"WGE-0070",2024-10-21,"Khagrachari","Mahalchhari","Community Stakeholder",47,"Female","Tanchangya","Government Primary School","No","Yes","No","Partially",4,76.2,81.9,11,13,20,13.9,51,62,2.8,3.4,36.3,28.1,2,5,"Poor","Good","Yes","No","Yes","Neutral",2.9,"No barrier",48,14,5
"WGE-0071",2024-12-03,"Bandarban","Naikhongchhari","School Student (Girl)",13,"Female","Chakma","NGO-run School","No","Yes","Yes","Yes",1,66.2,76.7,15,19,25.8,18.7,75,79,4.8,4.9,15.3,0,1,4,"Excellent","Good","No","Yes","Yes","Neutral",2.4,"Yes - major barrier",52,11,5
"WGE-0072",2024-10-28,"Khagrachari","Mahalchhari","School Student (Girl)",16,"Female","Tanchangya","NGO-run School","No","No","No","No",4,94.2,100,11,13,21.1,14.6,44,49,4,6.4,43.9,34.2,3,3,"Moderate","Good","Yes","Yes","Partially","Does not support",3.8,"Yes - minor barrier",60,9,4
"WGE-0073",2024-09-19,"Bandarban","Naikhongchhari","School Student (Girl)",12,"Female","Chakma","Madrasa","No","No","Yes","No",1,70.8,74.9,18,20,16.1,7.8,54,57,6.4,7.1,54.3,48,3,4,"Moderate","Good","Yes","No","Yes","Neutral",3.5,"Yes - major barrier",10,14,5
"WGE-0074",2024-10-30,"Bandarban","Ruma","School Student (Boy)",13,"Male","Bengali","NGO-run School","No","No","Yes","Yes",1,78.4,91.9,20,22,11.2,4.4,43,44,1.3,1.8,32.4,14.4,3,4,"Good","Good","No","No","Yes","Supports",3.2,"Yes - minor barrier",36,3,4
"WGE-0075",2024-11-25,"Rangamati","Longadu","Household (Parent/Guardian)",51,"Male","Chakma","Government Secondary School","Yes","Yes","No","Yes",2,72.7,78.5,10,13,16.4,4.9,49,57,3.1,4.1,32.3,28.7,3,4,"Excellent","Moderate","Yes","Yes","Yes","Neutral",0.3,"Yes - minor barrier",13,13,5
"WGE-0076",2024-09-26,"Khagrachari","Khagrachari Sadar","School Student (Girl)",10,"Female","Tanchangya","Government Primary School","Yes","Yes","Yes","Yes",4,59.9,67.8,20,22,21.3,13.6,52,63,4.3,7.6,64.2,60.5,4,3,"Moderate","Good","No","No","Partially","Supports",4.7,"Yes - minor barrier",68,3,5
"WGE-0077",2024-10-21,"Bandarban","Ruma","Teacher",37,"Male","Marma","Government Secondary School","Yes","No","No","Yes",3,83.6,88.2,17,20,22,15.9,45,57,3.3,5.8,32.5,24.4,4,3,"Good","Moderate","Yes","Yes","Yes","Supports",0.2,"No barrier",51,6,3
"WGE-0078",2024-09-04,"Khagrachari","Mahalchhari","Household (Parent/Guardian)",42,"Female","Tanchangya","Community Learning Centre","Yes","No","No","No",1,62.9,81.1,17,19,16.9,11.2,47,48,4,4.7,41,32.7,4,5,"Moderate","Good","Yes","Yes","No","Supports",4.4,"Yes - minor barrier",42,11,4
"WGE-0079",2024-12-04,"Rangamati","Rajasthali","Reproductive Health Community Worker (RHCW)",29,"Female","Marma","NGO-run School","Yes","Yes","Yes","Yes",2,64.1,77.4,14,15,3.7,0,42,44,2.7,3.7,71.7,63.3,3,4,"Moderate","Excellent","Yes","No","Yes","Supports",4.8,"Yes - major barrier",48,7,2
"WGE-0080",2024-11-26,"Bandarban","Naikhongchhari","School Student (Girl)",15,"Female","Chakma","NGO-run School","Yes","Yes","No","Yes",3,63.1,68.6,15,18,21.9,18.9,57,63,1.7,4.3,49.7,38.2,5,4,"Poor","Poor","No","Yes","No","Supports",3.6,"Yes - major barrier",52,6,3
"WGE-0081",2024-10-24,"Rangamati","Kaptai","Household (Parent/Guardian)",47,"Female","Chakma","Government Primary School","Yes","Yes","No","Partially",2,49.2,64.7,17,20,26.9,20.4,53,59,2.7,4.3,42,31.1,2,4,"Good","Good","No","Yes","Partially","Does not support",4.7,"Yes - major barrier",44,12,4
"WGE-0082",2024-10-14,"Bandarban","Naikhongchhari","Household (Parent/Guardian)",30,"Female","Chak","Government Primary School","Yes","Yes","No","Partially",4,59.4,68.7,12,14,10.5,9.1,73,91,6.9,9.8,45.2,33.2,1,5,"Good","Good","Yes","Yes","Partially","Supports",5.9,"Yes - minor barrier",42,9,3
"WGE-0083",2024-11-01,"Bandarban","Bandarban Sadar","School Student (Girl)",11,"Female","Tripura","Government Secondary School","Yes","No","No","Yes",1,57.5,63.4,13,14,14.9,11,80,82,1.6,2.1,25.9,13.6,1,3,"Moderate","Good","No","Yes","Yes","Neutral",4,"No barrier",22,11,4
"WGE-0084",2024-10-31,"Bandarban","Rowangchhari","Teacher",23,"Male","Murung","NGO-run School","Yes","Yes","No","Partially",1,69.7,72.7,14,16,8.8,1.9,44,48,2.1,2.7,26.4,18.2,2,3,"Good","Good","Yes","No","Yes","Strongly supports",2,"Yes - minor barrier",38,7,4
"WGE-0085",2024-11-24,"Rangamati","Baghaichhari","Police/Law Enforcement",38,"Male","Marma","Government Primary School","No","Yes","No","Partially",3,76.8,84,16,17,28.9,25.5,56,68,5.4,7.3,43.6,33.8,2,3,"Moderate","Good","Yes","Yes","No","Supports",4,"Yes - minor barrier",45,9,4
"WGE-0086",2024-09-28,"Bandarban","Bandarban Sadar","Teacher",46,"Female","Chakma","Community Learning Centre","No","Yes","Yes","Yes",2,77.4,84.7,16,19,13.3,6.6,42,49,0.8,1.3,46,38.1,3,5,"Poor","Good","Yes","Yes","Partially","Does not support",1.3,"Yes - major barrier",76,13,4
"WGE-0087",2024-09-14,"Khagrachari","Ramgarh","Teacher",40,"Female","Tanchangya","Government Primary School","No","No","No","Yes",3,77.2,93.4,12,12,26,25.4,60,72,9.6,10,45,36.4,2,1,"Poor","Good","Yes","No","Partially","Supports",5.2,"Yes - minor barrier",53,11,4
"WGE-0088",2024-11-29,"Bandarban","Lama","School Student (Boy)",12,"Male","Marma","Madrasa","No","No","No","No",3,77.6,83.9,22,22,22.3,14.6,52,72,5.1,6.3,35.9,30.2,3,4,"Poor","Good","No","Yes","Partially","Neutral",5.2,"Yes - major barrier",60,8,3
"WGE-0089",2024-09-04,"Rangamati","Longadu","School Student (Boy)",13,"Male","Chakma","Government Primary School","No","No","No","Yes",4,78.3,79.7,16,18,38.3,31.9,51,65,5.1,5.6,31.9,23.5,3,3,"Excellent","Excellent","No","Yes","Yes","Supports",2.8,"Yes - minor barrier",48,9,3
"WGE-0090",2024-10-17,"Rangamati","Naniarchar","School Student (Boy)",11,"Male","Khumi","Government Secondary School","No","No","No","Yes",1,71.8,79.6,15,17,9.1,1.9,23,27,4.8,5.6,48.2,38.6,2,4,"Good","Excellent","Yes","Yes","Yes","Supports",2.4,"No barrier",47,9,4
"WGE-0091",2024-10-30,"Bandarban","Ruma","Teacher",26,"Male","Tripura","NGO-run School","No","Yes","No","Yes",1,72.5,83.7,15,19,21.8,14.9,61,65,3.6,4.2,38.8,32,5,4,"Good","Good","No","Yes","Yes","Supports",4.8,"Yes - major barrier",70,13,4
"WGE-0092",2024-10-09,"Bandarban","Rowangchhari","Household (Parent/Guardian)",22,"Female","Marma","Government Primary School","Yes","Yes","No","Partially",4,72.9,84.7,13,15,11.8,7.3,34,39,4,4.9,72.4,60.5,2,4,"Poor","Good","Yes","Yes","No","Supports",4.9,"Yes - minor barrier",64,10,5
"WGE-0093",2024-11-25,"Bandarban","Rowangchhari","School Student (Girl)",12,"Female","Marma","NGO-run School","Yes","Yes","Yes","Partially",3,82.3,88.1,12,14,25.4,21.4,34,43,4.3,5,57.6,55.2,2,4,"Poor","Moderate","Yes","Yes","Partially","Supports",4.8,"Yes - minor barrier",54,14,4
"WGE-0094",2024-10-25,"Rangamati","Baghaichhari","Community Stakeholder",42,"Male","Marma","Government Secondary School","No","No","No","Yes",3,77.6,83.8,12,18,25.4,19.4,63,66,2,3.5,32.7,22.6,3,5,"Poor","Good","No","Yes","Partially","Supports",2.8,"Yes - minor barrier",74,8,4
"WGE-0095",2024-11-17,"Rangamati","Rajasthali","School Student (Boy)",13,"Male","Chakma","Government Secondary School","Yes","No","Yes","Yes",2,49.4,66.5,14,16,18.7,14.8,20,23,4.7,5.3,10,3.1,5,3,"Poor","Moderate","No","Yes","Yes","Neutral",0.9,"Yes - major barrier",39,10,2
"WGE-0096",2024-11-03,"Rangamati","Baghaichhari","Household (Parent/Guardian)",39,"Female","Tripura","Government Primary School","No","No","No","Yes",3,59.8,60.5,16,16,27.5,19.7,46,52,5.9,7,45,37.6,2,5,"Good","Good","Yes","No","No","Does not support",1.6,"Yes - minor barrier",15,8,5
"WGE-0097",2024-09-16,"Bandarban","Lama","Teacher",49,"Male","Chakma","Community Learning Centre","Yes","Yes","No","Yes",2,73.2,76.5,15,19,16.7,11.1,39,43,3,4.6,48.1,36.4,1,3,"Moderate","Excellent","Yes","No","Yes","Neutral",0.2,"No barrier",43,9,3
"WGE-0098",2024-09-16,"Khagrachari","Khagrachari Sadar","School Student (Girl)",14,"Female","Marma","Community Learning Centre","No","No","Yes","Yes",3,83.5,90.1,16,17,25.2,18.1,62,71,5.1,8,66.4,66.2,2,3,"Good","Moderate","Yes","No","Yes","Supports",5.3,"No barrier",10,10,4
"WGE-0099",2024-12-04,"Khagrachari","Dighinala","School Student (Girl)",16,"Female","Tripura","Government Secondary School","No","Yes","Yes","No",2,56.6,66.4,20,20,13.6,10.8,56,64,3.5,3.9,26.2,18.9,3,5,"Poor","Poor","Yes","Yes","Partially","Neutral",1.8,"Yes - major barrier",51,15,4
"WGE-0100",2024-11-26,"Khagrachari","Dighinala","Reproductive Health Community Worker (RHCW)",31,"Female","Chakma","Government Secondary School","Yes","No","No","Yes",1,87.5,94,10,15,12.7,4.3,48,51,1.6,1.7,59.2,54.3,4,4,"Excellent","Moderate","Yes","Yes","Partially","Does not support",4.3,"Yes - major barrier",62,5,2
"WGE-0101",2024-12-02,"Rangamati","Baghaichhari","Household (Parent/Guardian)",26,"Female","Marma","Government Primary School","No","No","No","Partially",3,54.2,59.9,14,16,26.3,17.8,44,51,4.2,5.3,45.9,33,3,3,"Poor","Excellent","Yes","Yes","No","Strongly supports",3.1,"Yes - minor barrier",49,5,5
"WGE-0102",2024-11-25,"Bandarban","Naikhongchhari","Household (Parent/Guardian)",50,"Female","Chakma","NGO-run School","Yes","Yes","No","Partially",2,67.2,75.4,15,17,23.4,16.6,47,51,5.3,6.2,26.6,16.4,3,5,"Excellent","Moderate","Yes","Yes","Yes","Neutral",6.4,"Yes - major barrier",15,9,4
"WGE-0103",2024-10-23,"Khagrachari","Khagrachari Sadar","Teacher",27,"Female","Bengali","Community Learning Centre","Yes","Yes","Yes","Partially",3,83.9,96.5,10,12,21.3,16.9,48,58,2.8,4.8,38.2,28.5,3,4,"Poor","Excellent","Yes","Yes","Yes","Supports",1.4,"Yes - minor barrier",25,8,5
"WGE-0104",2024-10-09,"Rangamati","Baghaichhari","Teacher",30,"Male","Tripura","Government Secondary School","Yes","No","No","Yes",3,95.1,100,15,17,25,18.7,39,46,3.5,5,27.4,17.8,4,3,"Moderate","Moderate","No","Yes","Partially","Strongly supports",5.2,"Yes - major barrier",47,5,4
"WGE-0105",2024-10-14,"Rangamati","Baghaichhari","School Student (Girl)",10,"Female","Tripura","NGO-run School","Yes","No","No","Partially",4,54.6,58.1,17,19,27.1,16,50,62,3.1,7.2,41.3,36.2,1,3,"Excellent","Excellent","No","Yes","Yes","Strongly supports",4.9,"Yes - major barrier",48,7,4
"WGE-0106",2024-12-01,"Rangamati","Baghaichhari","School Student (Boy)",15,"Male","Bawm","Government Primary School","Yes","No","No","Yes",4,77.4,82.2,15,15,24.4,11.2,74,86,3.4,5.4,47.1,41.2,3,5,"Moderate","Poor","No","Yes","No","Supports",2.2,"Yes - major barrier",41,8,5
"WGE-0107",2024-09-03,"Khagrachari","Mahalchhari","Mother Club Member",28,"Female","Marma","NGO-run School","Yes","Yes","No","Yes",3,65.4,71.6,20,22,17.5,14.8,61,81,4.8,6.4,72.2,64.9,4,5,"Excellent","Poor","Yes","No","Partially","Strongly supports",2.4,"No barrier",51,12,3
"WGE-0108",2024-10-13,"Khagrachari","Panchhari","Teacher",30,"Male","Chakma","NGO-run School","No","No","No","No",3,56.9,66.3,15,16,30.4,24.8,73,84,5.3,7.6,47.8,40.2,1,4,"Excellent","Moderate","Yes","Yes","No","Supports",3,"Yes - major barrier",73,8,2
"WGE-0109",2024-11-29,"Rangamati","Rajasthali","Household (Parent/Guardian)",40,"Male","Chak","Government Secondary School","Yes","Yes","No","Yes",2,63.6,70.6,21,22,24.9,19.8,72,75,2.1,3.6,41.2,31.8,4,4,"Excellent","Excellent","Yes","Yes","No","Neutral",4,"No barrier",75,8,4
"WGE-0110",2024-11-23,"Khagrachari","Khagrachari Sadar","School Student (Boy)",12,"Male","Khumi","Government Secondary School","Yes","Yes","No","Partially",2,68,86.2,13,15,28.4,22.6,51,59,1.6,2.6,66.6,57.8,3,5,"Excellent","Moderate","Yes","Yes","Yes","Does not support",6.5,"Yes - minor barrier",41,8,3
"WGE-0111",2024-10-03,"Khagrachari","Panchhari","School Student (Girl)",15,"Female","Tripura","Government Primary School","Yes","No","No","Yes",3,61.7,69.5,20,22,13.8,5.7,34,49,2.4,4.4,16.9,6.4,4,4,"Poor","Moderate","Yes","No","Yes","Does not support",0.9,"Yes - minor barrier",75,10,5
"WGE-0112",2024-11-08,"Bandarban","Bandarban Sadar","Household (Parent/Guardian)",53,"Male","Khumi","Government Primary School","No","Yes","Yes","No",1,65.7,75.4,15,16,20.2,17.2,15,18,3.7,4.6,43,31.1,1,3,"Poor","Poor","Yes","Yes","Partially","Supports",5.3,"Yes - major barrier",64,9,5
"WGE-0113",2024-10-16,"Rangamati","Naniarchar","School Student (Girl)",13,"Female","Bengali","Madrasa","Yes","Yes","No","Yes",2,66.7,77.8,11,13,22.3,15.4,40,46,5.5,7.7,62.2,49.6,2,3,"Good","Good","Yes","Yes","Yes","Does not support",3.6,"Yes - minor barrier",20,10,5
"WGE-0114",2024-10-12,"Rangamati","Baghaichhari","Reproductive Health Community Worker (RHCW)",31,"Female","Tanchangya","Government Secondary School","Yes","No","Yes","Yes",3,66.6,74.9,16,18,20.2,14.3,45,61,3.7,4.8,47.5,45.8,1,5,"Moderate","Poor","No","Yes","Partially","Supports",4.8,"Yes - major barrier",47,12,5
"WGE-0115",2024-09-15,"Rangamati","Baghaichhari","Community Stakeholder",13,"Female","Marma","NGO-run School","Yes","Yes","Yes","Partially",2,76.5,84.6,19,20,27.8,17.6,26,32,5.4,6.4,32.1,19,2,3,"Moderate","Excellent","No","Yes","No","Supports",0.2,"No barrier",60,7,5
"WGE-0116",2024-11-28,"Rangamati","Rajasthali","Teacher",41,"Male","Tanchangya","Government Primary School","Yes","Yes","Yes","Yes",1,79.5,90.6,16,17,25.7,19.1,49,53,0.7,1.5,18.2,7.8,4,2,"Good","Good","No","Yes","No","Supports",3.8,"Yes - major barrier",55,4,4
"WGE-0117",2024-09-28,"Khagrachari","Dighinala","Household (Parent/Guardian)",35,"Male","Bengali","NGO-run School","Yes","Yes","Yes","Yes",3,71.1,76.8,20,21,29.5,23.3,27,34,4.5,7.2,55,52.2,2,3,"Poor","Good","No","Yes","Yes","Supports",2.1,"Yes - minor barrier",22,3,5
"WGE-0118",2024-09-05,"Rangamati","Longadu","School Student (Boy)",14,"Male","Marma","Government Secondary School","Yes","No","No","Yes",4,79.3,85.7,20,22,24.8,18.8,33,42,2,4.4,54.9,41.7,1,3,"Excellent","Good","No","Yes","Yes","Supports",1.8,"No barrier",44,9,3
"WGE-0119",2024-11-02,"Rangamati","Baghaichhari","School Student (Boy)",11,"Male","Tripura","Government Primary School","Yes","No","No","No",2,58.1,60,17,20,26.9,16.4,63,69,0.9,1.8,44.3,44.4,1,5,"Poor","Good","Yes","Yes","Yes","Supports",2.5,"Yes - minor barrier",22,6,5
"WGE-0120",2024-11-25,"Bandarban","Naikhongchhari","Household (Parent/Guardian)",36,"Male","Marma","Government Secondary School","Yes","Yes","No","Yes",4,70.4,76.3,15,17,30.1,22.5,38,47,5.2,9.4,33.9,22.8,5,5,"Poor","Good","No","Yes","No","Strongly supports",5.4,"Yes - major barrier",54,5,3
"WGE-0121",2024-11-04,"Khagrachari","Khagrachari Sadar","School Student (Girl)",13,"Female","Chakma","Madrasa","Yes","No","No","No",4,50.8,60,17,22,21.1,15.3,48,68,3.5,6.1,40.7,31.4,5,2,"Moderate","Good","No","Yes","Yes","Neutral",3.2,"No barrier",54,6,5
"WGE-0122",2024-11-19,"Rangamati","Baghaichhari","Reproductive Health Community Worker (RHCW)",31,"Female","Chakma","Government Primary School","Yes","No","Yes","No",3,72.8,80,16,19,19.8,14.2,65,79,2.6,5.3,50.9,45.5,4,4,"Excellent","Excellent","Yes","Yes","Partially","Supports",2.8,"Yes - major barrier",73,10,1
"WGE-0123",2024-11-09,"Khagrachari","Khagrachari Sadar","School Student (Girl)",12,"Female","Tripura","Government Secondary School","Yes","Yes","No","Partially",3,91.9,96.7,17,19,21.4,19.2,40,48,4.3,6,57.8,58,2,4,"Moderate","Good","Yes","Yes","Yes","Supports",5.1,"Yes - minor barrier",24,11,3
"WGE-0124",2024-11-08,"Bandarban","Bandarban Sadar","Household (Parent/Guardian)",39,"Female","Chakma","Government Primary School","No","Yes","Yes","Partially",3,49,58.7,14,18,19,15.8,52,62,3.8,4.9,45,43.6,2,3,"Moderate","Good","Yes","Yes","Yes","Supports",5,"Yes - minor barrier",71,9,4
"WGE-0125",2024-09-29,"Khagrachari","Panchhari","Teacher",46,"Female","Tripura","Government Primary School","Yes","No","Yes","Yes",1,62.9,74.7,17,21,12,7.2,52,55,4.6,5.6,31.7,25.9,5,3,"Poor","Good","Yes","Yes","Yes","Neutral",1.6,"No barrier",58,7,4
"WGE-0126",2024-11-27,"Rangamati","Kaptai","Household (Parent/Guardian)",28,"Female","Tanchangya","Government Secondary School","No","No","No","Yes",4,76.6,80.4,18,20,31.3,20.5,61,73,3.7,4.7,51.3,46,2,4,"Good","Excellent","Yes","Yes","Yes","Supports",2.1,"Yes - minor barrier",47,10,4
"WGE-0127",2024-09-19,"Khagrachari","Dighinala","Household (Parent/Guardian)",28,"Male","Marma","Government Secondary School","Yes","Yes","No","Partially",4,60.7,75.7,16,17,3.3,0,15,37,5.3,8.5,28,24.9,3,3,"Excellent","Excellent","Yes","Yes","Yes","Strongly supports",2.7,"No barrier",31,7,4
"WGE-0128",2024-11-01,"Khagrachari","Ramgarh","School Student (Girl)",11,"Female","Tanchangya","Madrasa","No","Yes","No","No",2,54.1,66.3,17,18,31.8,29.2,41,52,4.1,4.2,51.2,46.8,3,5,"Good","Good","Yes","Yes","Yes","Neutral",2.5,"Yes - major barrier",44,12,2
"WGE-0129",2024-11-01,"Rangamati","Longadu","School Student (Boy)",13,"Male","Bengali","Government Primary School","No","Yes","No","Yes",4,89.2,100,19,20,17.6,7,71,84,2.9,4.3,50.8,44,4,4,"Poor","Moderate","No","Yes","Partially","Supports",4.4,"Yes - major barrier",30,4,4
"WGE-0130",2024-09-06,"Khagrachari","Ramgarh","School Management Committee (SMC)",51,"Male","Tripura","Government Primary School","Yes","No","Yes","Partially",3,63.5,67.1,15,18,24.2,23.6,55,64,5.9,6.3,55,47.7,2,2,"Moderate","Good","Yes","No","Partially","Neutral",1,"Yes - major barrier",54,7,4
"WGE-0131",2024-12-04,"Khagrachari","Khagrachari Sadar","School Student (Girl)",14,"Female","Chakma","NGO-run School","Yes","Yes","No","No",4,76.7,83.1,18,19,10.8,5.2,50,60,0.7,3.5,31.4,19.5,5,5,"Moderate","Excellent","No","Yes","Yes","Strongly supports",1.4,"Yes - minor barrier",56,7,4
"WGE-0132",2024-12-03,"Khagrachari","Khagrachari Sadar","Teacher",31,"Male","Pangkhua","Government Primary School","Yes","Yes","No","Partially",3,62.4,71.8,15,20,26.1,20.6,28,36,5.3,7,58.1,54.6,3,1,"Poor","Good","No","Yes","Yes","Supports",0.2,"No barrier",39,9,2
"WGE-0133",2024-09-26,"Rangamati","Baghaichhari","Mother Club Member",37,"Female","Tripura","Government Primary School","Yes","No","No","Yes",3,91.7,90,14,16,24.4,18.6,53,59,3.8,5.5,53.2,45.4,1,5,"Poor","Poor","No","Yes","Partially","Neutral",1.7,"Yes - major barrier",57,11,4
"WGE-0134",2024-10-15,"Rangamati","Rajasthali","Household (Parent/Guardian)",30,"Male","Marma","Government Primary School","No","No","No","Yes",3,55.3,70.7,19,21,20.7,17.1,67,79,2.5,4.1,29.4,25.4,5,4,"Good","Poor","No","No","No","Strongly supports",0.2,"No barrier",63,9,5
"WGE-0135",2024-11-02,"Bandarban","Naikhongchhari","Teacher",37,"Female","Marma","Government Secondary School","No","No","Yes","Partially",1,88.1,97.7,13,15,14.8,8.8,40,42,4.9,5.4,53.2,43.5,4,4,"Good","Good","No","No","Partially","Does not support",4.6,"No barrier",74,4,3
"WGE-0136",2024-11-23,"Rangamati","Rajasthali","Household (Parent/Guardian)",43,"Female","Marma","Government Primary School","Yes","No","Yes","Partially",3,72.9,78.4,19,20,32.2,30.6,55,69,3.9,6.3,35.8,30.2,4,5,"Excellent","Excellent","Yes","Yes","No","Strongly supports",4.7,"Yes - minor barrier",67,4,5
"WGE-0137",2024-09-18,"Rangamati","Longadu","Teacher",35,"Female","Chakma","Community Learning Centre","Yes","Yes","Yes","Partially",4,67.9,78.7,14,15,7.6,1.8,48,65,4.5,8.2,51.3,46.5,1,5,"Good","Good","Yes","Yes","Partially","Does not support",8.5,"No barrier",55,2,4
"WGE-0138",2024-09-09,"Khagrachari","Ramgarh","School Student (Boy)",17,"Male","Tanchangya","Government Primary School","Yes","No","Yes","Partially",2,58.3,72.5,12,14,35.8,30.6,39,46,3.1,3.8,26.5,18.8,1,5,"Moderate","Poor","No","Yes","No","Supports",2.9,"No barrier",58,15,4
"WGE-0139",2024-11-26,"Khagrachari","Dighinala","Teacher",24,"Male","Marma","NGO-run School","No","Yes","Yes","No",2,56.2,59.1,17,18,21.1,14.4,42,49,0.3,1.6,13.1,0,3,3,"Poor","Excellent","Yes","Yes","Yes","Strongly supports",7,"No barrier",54,15,3
"WGE-0140",2024-11-03,"Rangamati","Naniarchar","Household (Parent/Guardian)",46,"Female","Chakma","Government Primary School","No","Yes","Yes","Partially",2,58.1,68.3,18,19,11.5,1,54,57,3,3.6,48.6,38.2,2,5,"Poor","Excellent","No","Yes","Partially","Strongly supports",4.8,"Yes - minor barrier",58,5,2
"WGE-0141",2024-09-26,"Khagrachari","Dighinala","School Management Committee (SMC)",38,"Female","Khumi","Madrasa","No","Yes","Yes","Yes",2,64.4,72.3,14,15,12.6,2.6,35,39,3.5,5.1,57,50,3,5,"Moderate","Excellent","Yes","No","Partially","Supports",4,"Yes - minor barrier",56,6,4
"WGE-0142",2024-11-27,"Rangamati","Longadu","Teacher",41,"Male","Chakma","Government Primary School","No","Yes","No","Yes",2,59.8,69.7,22,22,9.3,1,36,38,4.2,4.2,50.3,40.9,3,4,"Poor","Excellent","Yes","No","Yes","Supports",5.5,"No barrier",31,8,4
"WGE-0143",2024-11-20,"Khagrachari","Mahalchhari","Reproductive Health Community Worker (RHCW)",27,"Female","Tanchangya","Government Primary School","Yes","No","Yes","Yes",3,68.7,81.1,15,16,14.8,11.4,17,26,3.7,5.3,44.5,30.1,4,5,"Poor","Excellent","No","Yes","Yes","Supports",1.2,"Yes - minor barrier",72,10,2
"WGE-0144",2024-11-05,"Khagrachari","Mahalchhari","School Student (Girl)",10,"Female","Marma","Madrasa","Yes","Yes","No","No",1,87.3,98.3,8,11,11.9,9.4,60,65,6.2,6.2,37.2,28.9,3,4,"Poor","Excellent","Yes","No","No","Supports",1.9,"No barrier",37,15,4
"WGE-0145",2024-11-13,"Bandarban","Lama","Household (Parent/Guardian)",36,"Female","Tripura","Government Secondary School","Yes","Yes","No","No",4,89.4,97,16,19,20.3,12.2,57,63,2.5,5.5,46.3,32.5,5,4,"Poor","Excellent","No","No","Yes","Strongly supports",2.1,"No barrier",53,8,5
"WGE-0146",2024-10-25,"Rangamati","Longadu","Mother Club Member",33,"Female","Chakma","Government Secondary School","Yes","Yes","No","Yes",3,72.8,89,19,21,27.7,21.9,39,44,2,4.3,43.6,31.3,5,4,"Moderate","Excellent","Yes","Yes","Yes","Neutral",2.7,"Yes - major barrier",43,4,3
"WGE-0147",2024-09-19,"Rangamati","Baghaichhari","Teacher",35,"Female","Bengali","Government Primary School","Yes","Yes","No","No",1,66.9,78.7,16,21,18.5,10.1,56,56,1.6,2.4,55.8,45.2,2,3,"Good","Good","Yes","No","Yes","Neutral",2.9,"Yes - minor barrier",66,14,3
"WGE-0148",2024-10-03,"Khagrachari","Ramgarh","School Student (Boy)",15,"Male","Chakma","Madrasa","No","Yes","No","Partially",4,78.4,98.2,16,18,17.7,12.7,40,45,4.2,7,60.1,47.2,4,4,"Poor","Poor","Yes","Yes","Partially","Strongly supports",0.2,"Yes - minor barrier",60,4,3
"WGE-0149",2024-09-28,"Khagrachari","Ramgarh","School Student (Boy)",11,"Male","Chakma","Government Secondary School","Yes","Yes","No","Yes",3,81.4,96.8,21,22,23.8,19.7,37,52,1.9,3.4,70.3,68.2,1,4,"Good","Excellent","Yes","No","Partially","Strongly supports",2.7,"Yes - major barrier",36,2,3
"WGE-0150",2024-11-04,"Rangamati","Longadu","School Management Committee (SMC)",56,"Female","Chakma","Government Primary School","No","Yes","No","No",3,84.1,87.9,13,18,15.8,6.6,52,61,3.3,5.4,54.4,41.7,5,2,"Good","Good","Yes","Yes","No","Strongly supports",0.2,"Yes - major barrier",40,5,3
"WGE-0151",2024-10-31,"Rangamati","Naniarchar","Community Stakeholder",33,"Male","Chakma","Government Primary School","No","Yes","No","No",3,60.2,70.6,15,20,12,7.9,64,76,6.3,8.5,43.6,36.5,3,5,"Poor","Good","Yes","No","No","Strongly supports",5,"No barrier",27,9,5
"WGE-0152",2024-09-12,"Rangamati","Longadu","Teacher",34,"Female","Tripura","Government Secondary School","No","Yes","Yes","Yes",4,58.5,67.8,15,17,18,10.1,56,59,5.6,9.3,52.8,35.4,2,4,"Good","Good","No","Yes","Yes","Supports",4.6,"No barrier",44,10,4
"WGE-0153",2024-10-02,"Bandarban","Lama","School Student (Girl)",13,"Female","Chakma","Community Learning Centre","Yes","No","Yes","No",1,71.3,84,17,21,23,18.8,46,48,2.7,3,58.6,48.9,3,4,"Excellent","Moderate","Yes","No","No","Strongly supports",4.2,"Yes - minor barrier",31,10,1
"WGE-0154",2024-11-21,"Khagrachari","Dighinala","School Student (Boy)",13,"Male","Marma","Community Learning Centre","Yes","No","No","Yes",2,59,71.3,8,11,17.9,13.1,47,56,0,1.2,27.7,22.9,1,5,"Poor","Excellent","Yes","No","Partially","Supports",4.8,"Yes - minor barrier",66,7,4
"WGE-0155",2024-10-30,"Bandarban","Naikhongchhari","School Student (Boy)",15,"Male","Marma","Government Primary School","Yes","Yes","Yes","No",4,61.4,72.7,17,18,6.6,4.7,58,70,5.8,6.8,62.7,49.7,5,4,"Poor","Good","Yes","Yes","Yes","Strongly supports",1.8,"No barrier",54,9,3
"WGE-0156",2024-09-30,"Bandarban","Lama","School Student (Girl)",12,"Female","Tripura","Government Primary School","No","Yes","No","Partially",3,40,50.8,16,20,12.9,10.4,47,62,3.4,5.3,52.3,42.3,2,5,"Moderate","Excellent","No","No","No","Neutral",2.1,"Yes - minor barrier",42,5,5
"WGE-0157",2024-10-09,"Khagrachari","Mahalchhari","School Student (Girl)",13,"Female","Chakma","Madrasa","Yes","Yes","No","No",2,85.4,98.3,16,19,12.8,6.2,60,70,2.9,4.2,40.7,26.7,2,5,"Moderate","Excellent","No","No","Partially","Strongly supports",3.9,"No barrier",51,9,5
"WGE-0158",2024-10-30,"Khagrachari","Mahalchhari","School Student (Girl)",13,"Female","Marma","Government Secondary School","Yes","No","No","No",3,65.7,71,17,21,8.2,4.1,47,50,4.1,5.7,57.7,53.4,3,4,"Poor","Good","Yes","Yes","Partially","Supports",1.9,"Yes - minor barrier",59,8,4
"WGE-0159",2024-10-01,"Bandarban","Naikhongchhari","School Student (Girl)",13,"Female","Bengali","NGO-run School","No","No","No","Partially",3,66.6,74.4,21,22,25.4,13.1,62,71,6.5,8,56.8,47.7,1,4,"Good","Excellent","No","Yes","Yes","Strongly supports",2.9,"Yes - major barrier",43,11,4
"WGE-0160",2024-11-21,"Rangamati","Kaptai","Community Stakeholder",35,"Female","Chak","Government Primary School","No","Yes","Yes","Yes",4,43,55.8,12,12,27.4,18.7,43,41,4.1,7.6,40.2,34.8,2,3,"Moderate","Excellent","No","Yes","Yes","Supports",1.3,"Yes - minor barrier",80,7,5
"WGE-0161",2024-11-04,"Rangamati","Rajasthali","Household (Parent/Guardian)",43,"Female","Bengali","Government Primary School","Yes","No","No","No",4,70.7,85.8,19,22,36,31,65,78,6.9,9.4,54.8,39.7,1,4,"Moderate","Moderate","Yes","Yes","Yes","Does not support",1.8,"No barrier",37,9,4
"WGE-0162",2024-11-12,"Khagrachari","Panchhari","Household (Parent/Guardian)",18,"Male","Marma","Government Primary School","Yes","Yes","No","No",3,85.3,100,16,17,26.3,23.6,33,42,4.6,5.6,49.8,37.3,4,3,"Poor","Good","Yes","Yes","No","Strongly supports",6.2,"Yes - major barrier",45,8,5
"WGE-0163",2024-10-20,"Bandarban","Bandarban Sadar","School Student (Girl)",13,"Female","Tanchangya","Madrasa","Yes","Yes","No","Partially",2,79.2,90.6,14,18,14.5,6.2,44,49,4,5.7,44.1,40.2,4,3,"Moderate","Excellent","Yes","Yes","No","Strongly supports",3.4,"No barrier",25,2,4
"WGE-0164",2024-10-09,"Rangamati","Kaptai","Reproductive Health Community Worker (RHCW)",36,"Female","Bengali","Government Primary School","Yes","Yes","Yes","No",2,77.3,88.9,19,22,22.5,16.4,52,59,5.5,6,50.3,44.1,1,5,"Poor","Moderate","Yes","Yes","No","Neutral",6.6,"Yes - minor barrier",45,12,1
"WGE-0165",2024-09-23,"Rangamati","Rajasthali","School Student (Boy)",14,"Male","Marma","Government Secondary School","No","Yes","Yes","Partially",3,91.6,100,10,12,13.8,10.7,42,53,1.3,5.1,52.4,42.2,4,5,"Poor","Good","Yes","Yes","Partially","Supports",3.6,"No barrier",63,12,3
"WGE-0166",2024-11-30,"Khagrachari","Panchhari","School Management Committee (SMC)",53,"Female","Marma","NGO-run School","Yes","No","Yes","Partially",2,78.7,89.6,19,20,11.5,1.8,51,55,2.8,4.1,35.1,23.1,4,3,"Good","Good","No","No","No","Supports",2.3,"No barrier",72,11,4
"WGE-0167",2024-11-08,"Rangamati","Longadu","Teacher",45,"Female","Chak","Government Primary School","Yes","Yes","No","Partially",3,73.2,86.3,13,18,34.2,28.7,38,48,4.7,7.3,61.1,48.2,3,5,"Moderate","Good","No","Yes","Partially","Neutral",5,"Yes - minor barrier",31,12,5
"WGE-0168",2024-12-03,"Khagrachari","Khagrachari Sadar","School Student (Boy)",11,"Male","Tripura","NGO-run School","Yes","Yes","Yes","Yes",3,59.3,70.4,16,21,22.8,14.8,53,67,4,4.9,32.5,26.3,2,5,"Good","Poor","Yes","No","Yes","Strongly supports",2.1,"Yes - minor barrier",76,10,3
"WGE-0169",2024-09-10,"Khagrachari","Ramgarh","School Student (Boy)",11,"Male","Tanchangya","Government Primary School","Yes","Yes","Yes","Partially",3,73.4,86.6,15,16,21.1,13.8,60,73,5,7.6,44.3,40.3,3,4,"Poor","Excellent","Yes","Yes","Yes","Supports",1.9,"Yes - minor barrier",13,5,3
"WGE-0170",2024-11-22,"Rangamati","Baghaichhari","School Student (Boy)",14,"Male","Chakma","Madrasa","Yes","No","No","Partially",4,69,87.2,18,22,16.8,9.9,49,50,1.5,3.9,40.5,37.5,3,4,"Good","Excellent","No","Yes","Yes","Neutral",4.3,"Yes - minor barrier",56,1,5
"WGE-0171",2024-09-10,"Bandarban","Ruma","Household (Parent/Guardian)",63,"Female","Marma","Government Secondary School","Yes","No","Yes","Partially",4,71.9,79.9,19,20,19.7,11.6,54,60,5.3,8.9,50,36.4,3,5,"Moderate","Excellent","Yes","No","Yes","Supports",3.5,"No barrier",64,14,5
"WGE-0172",2024-12-02,"Bandarban","Bandarban Sadar","School Student (Boy)",14,"Male","Pangkhua","Government Secondary School","Yes","No","No","No",4,70.1,85,12,17,15.1,10.2,27,29,3.3,6.3,40.4,34.7,3,3,"Poor","Excellent","Yes","No","No","Supports",4.1,"Yes - minor barrier",74,10,4
"WGE-0173",2024-09-05,"Khagrachari","Panchhari","Reproductive Health Community Worker (RHCW)",36,"Female","Chakma","Madrasa","No","Yes","Yes","Yes",2,91.9,100,17,22,23.3,14.4,31,38,4.4,5.7,62,56.6,5,4,"Excellent","Excellent","Yes","No","No","Supports",4.1,"No barrier",45,8,3
"WGE-0174",2024-12-03,"Bandarban","Bandarban Sadar","Household (Parent/Guardian)",43,"Male","Tripura","NGO-run School","No","No","No","Partially",2,79.2,97.8,16,18,3,0,47,53,6.4,7.2,40.7,26.5,1,4,"Moderate","Moderate","No","Yes","Yes","Supports",3.3,"No barrier",49,2,4
"WGE-0175",2024-09-12,"Rangamati","Kaptai","Household (Parent/Guardian)",52,"Female","Tripura","Government Secondary School","Yes","No","No","Yes",4,65.1,66,12,14,40.2,27.7,47,62,4.9,5.7,28.8,14.3,1,5,"Good","Moderate","Yes","No","Yes","Supports",2,"Yes - major barrier",53,4,5
"WGE-0176",2024-09-29,"Khagrachari","Mahalchhari","School Student (Boy)",12,"Male","Marma","Madrasa","Yes","Yes","Yes","Yes",4,78,95.7,21,22,21.3,19,52,56,1.2,2.7,60.7,52.2,3,1,"Poor","Good","No","Yes","Yes","Supports",1.1,"No barrier",43,12,5
"WGE-0177",2024-11-18,"Bandarban","Rowangchhari","School Student (Girl)",15,"Female","Tanchangya","Government Secondary School","No","Yes","No","No",3,72.3,82.4,15,18,14.9,6.2,68,76,4.2,6.3,33.1,16.9,1,5,"Poor","Good","No","Yes","Yes","Supports",3.4,"Yes - major barrier",56,10,4
"WGE-0178",2024-10-25,"Bandarban","Bandarban Sadar","Community Stakeholder",33,"Male","Chakma","Government Secondary School","Yes","Yes","Yes","No",1,63,75.4,13,14,6.9,0,61,63,3.2,3.8,23.4,9.2,3,4,"Moderate","Excellent","Yes","Yes","Yes","Neutral",4.2,"No barrier",54,8,4
"WGE-0179",2024-11-28,"Bandarban","Bandarban Sadar","Mother Club Member",36,"Female","Chakma","Government Primary School","Yes","Yes","No","Partially",2,73.8,80.3,15,17,14.4,5.2,39,45,4.2,6.1,47.1,42,3,3,"Good","Poor","No","No","Partially","Does not support",2,"No barrier",71,9,3
"WGE-0180",2024-09-11,"Khagrachari","Panchhari","Teacher",35,"Female","Pangkhua","NGO-run School","Yes","No","Yes","Yes",2,63,68,12,17,29.4,21,38,45,1.6,2.1,36.8,28.2,2,4,"Poor","Good","Yes","Yes","Partially","Supports",6.3,"No barrier",37,6,5
"WGE-0181",2024-11-19,"Rangamati","Rajasthali","Household (Parent/Guardian)",50,"Female","Pangkhua","Government Secondary School","Yes","Yes","No","No",3,56.6,62.4,13,15,15.5,6.6,36,43,3.5,6.2,36.1,38.4,4,4,"Poor","Excellent","No","Yes","Yes","Strongly supports",1.5,"No barrier",44,9,4
"WGE-0182",2024-10-21,"Rangamati","Naniarchar","School Student (Girl)",16,"Female","Marma","Government Primary School","Yes","Yes","Yes","No",2,62.4,75.4,15,17,16.9,10.6,59,69,3.4,3.6,35.7,29.5,1,5,"Poor","Moderate","No","Yes","No","Does not support",6.2,"Yes - minor barrier",48,9,3
"WGE-0183",2024-11-28,"Bandarban","Bandarban Sadar","Reproductive Health Community Worker (RHCW)",31,"Female","Murung","Government Primary School","Yes","Yes","No","Yes",4,63.5,71.8,16,17,9.1,4.5,51,64,3.8,6.2,56.2,47.5,5,3,"Poor","Moderate","Yes","No","Yes","Supports",4.6,"No barrier",63,10,4
"WGE-0184",2024-10-03,"Khagrachari","Khagrachari Sadar","School Student (Boy)",15,"Male","Tanchangya","Government Secondary School","Yes","No","Yes","No",3,93.8,100,15,17,22.1,13.9,30,39,4.2,6.9,31.2,23,2,4,"Good","Excellent","No","Yes","Partially","Supports",5.4,"Yes - minor barrier",65,12,4
"WGE-0185",2024-11-01,"Rangamati","Baghaichhari","Teacher",38,"Female","Chakma","Government Secondary School","Yes","No","No","Yes",1,74.8,84.8,13,16,30.4,23.9,65,68,0.9,1.1,38.4,28.4,1,3,"Good","Good","Yes","Yes","Yes","Strongly supports",4.9,"Yes - minor barrier",45,4,4
"WGE-0186",2024-09-17,"Rangamati","Kaptai","Reproductive Health Community Worker (RHCW)",37,"Female","Bawm","Government Secondary School","No","Yes","No","No",2,69.5,81.5,17,19,14,7.2,70,74,2.3,2.7,38.8,23.1,3,5,"Moderate","Good","No","No","Yes","Neutral",4.4,"Yes - major barrier",56,5,5
"WGE-0187",2024-10-06,"Bandarban","Rowangchhari","Household (Parent/Guardian)",61,"Male","Chakma","Government Primary School","Yes","Yes","No","Yes",1,52.6,62,13,16,36.6,31.2,45,49,2.6,3.3,59.3,53.5,3,3,"Moderate","Moderate","Yes","Yes","No","Supports",2.1,"Yes - minor barrier",50,8,3
"WGE-0188",2024-11-23,"Rangamati","Rajasthali","School Student (Boy)",12,"Male","Tanchangya","Government Primary School","Yes","Yes","No","Yes",2,69.7,82.1,16,18,14.7,10.2,36,45,6.4,7.3,40.8,34,3,2,"Good","Moderate","Yes","No","No","Strongly supports",3.5,"Yes - major barrier",65,5,5
"WGE-0189",2024-11-11,"Rangamati","Longadu","Reproductive Health Community Worker (RHCW)",29,"Female","Tanchangya","Government Primary School","Yes","Yes","Yes","No",4,80.7,96.7,8,11,17.9,15.6,47,63,2,3.8,29.4,20.8,3,1,"Poor","Moderate","No","Yes","Yes","Supports",1.8,"Yes - minor barrier",41,6,5
"WGE-0190",2024-10-07,"Khagrachari","Mahalchhari","School Student (Girl)",11,"Female","Marma","Government Secondary School","No","No","No","No",4,83.7,95.7,20,20,10.1,3.6,71,78,4.6,7.2,19.8,11.1,2,5,"Good","Good","No","No","Yes","Strongly supports",3.6,"No barrier",50,7,5
"WGE-0191",2024-11-22,"Khagrachari","Dighinala","School Student (Girl)",14,"Female","Bengali","Government Primary School","Yes","No","Yes","Yes",3,79.7,88.3,12,14,26.9,23.8,26,36,6.9,8.9,19.4,5.2,1,4,"Poor","Moderate","No","Yes","Partially","Strongly supports",3.6,"Yes - major barrier",67,3,5
"WGE-0192",2024-10-24,"Rangamati","Baghaichhari","School Student (Boy)",14,"Male","Marma","Government Secondary School","No","Yes","No","Yes",4,79,87.1,13,13,22.3,15.4,74,85,0,2,43.7,28.5,1,2,"Poor","Poor","Yes","No","Yes","Neutral",2.1,"Yes - minor barrier",42,12,5
"WGE-0193",2024-11-22,"Rangamati","Kaptai","Teacher",39,"Female","Bengali","Government Primary School","No","Yes","No","No",4,69.8,76.7,14,18,10.6,0,42,53,4,5.3,39,30.9,1,4,"Moderate","Excellent","Yes","Yes","Yes","Supports",1.9,"Yes - major barrier",63,6,4
"WGE-0194",2024-09-13,"Bandarban","Rowangchhari","Household (Parent/Guardian)",33,"Male","Chakma","Government Primary School","Yes","Yes","Yes","Yes",3,55.5,63.9,14,16,18.2,13.7,45,53,4.3,6.6,41.6,37.6,2,4,"Moderate","Good","No","No","Partially","Supports",1.2,"Yes - major barrier",63,4,4
"WGE-0195",2024-11-25,"Rangamati","Baghaichhari","School Management Committee (SMC)",34,"Female","Chakma","NGO-run School","Yes","Yes","No","No",4,77.7,96.7,14,17,22.3,16.3,33,45,4.9,5.9,35.9,27.1,1,4,"Poor","Moderate","No","Yes","Yes","Strongly supports",4.1,"No barrier",48,8,3
"WGE-0196",2024-11-19,"Rangamati","Baghaichhari","School Student (Girl)",16,"Female","Tripura","Government Secondary School","Yes","Yes","Yes","Yes",3,54.8,61.3,15,18,20.3,10.7,62,72,4.3,5.7,56.3,49.7,4,5,"Good","Excellent","Yes","No","Yes","Supports",3.1,"No barrier",33,13,3
"WGE-0197",2024-10-22,"Rangamati","Kaptai","School Management Committee (SMC)",50,"Male","Marma","Government Secondary School","No","Yes","No","Partially",3,82.1,95.9,20,21,11.9,5.5,68,79,2.3,5,56.6,43.4,4,4,"Excellent","Moderate","Yes","Yes","Partially","Neutral",1.4,"No barrier",22,14,3
"WGE-0198",2024-11-27,"Khagrachari","Khagrachari Sadar","School Management Committee (SMC)",45,"Female","Bengali","Government Secondary School","No","Yes","No","No",2,75.8,88.8,17,18,10,6.2,59,69,3.7,5,79.8,75.8,4,2,"Good","Good","Yes","No","Yes","Neutral",2.9,"No barrier",58,6,4
"WGE-0199",2024-09-07,"Khagrachari","Khagrachari Sadar","Household (Parent/Guardian)",52,"Female","Tripura","Government Primary School","Yes","Yes","Yes","Yes",4,67.5,75.3,18,22,28.3,20.9,39,31,5.9,7.8,35.7,26.4,2,4,"Good","Moderate","Yes","Yes","Partially","Supports",1.1,"Yes - minor barrier",22,9,5
"WGE-0200",2024-11-05,"Rangamati","Longadu","Mother Club Member",41,"Female","Murung","Government Primary School","No","Yes","Yes","Partially",2,73.2,73.3,12,14,17.3,13.4,43,50,1.6,2.9,39.7,31.3,3,5,"Good","Good","Yes","No","Partially","Neutral",1.6,"Yes - minor barrier",42,5,1
"WGE-0201",2024-09-18,"Bandarban","Ruma","Household (Parent/Guardian)",51,"Male","Tanchangya","Community Learning Centre","No","No","Yes","Yes",3,59.1,75.6,22,22,16.2,11.7,21,30,4.4,6.5,53,46.7,4,4,"Poor","Good","No","Yes","Yes","Supports",3.8,"Yes - major barrier",63,12,5
"WGE-0202",2024-09-15,"Khagrachari","Dighinala","Reproductive Health Community Worker (RHCW)",31,"Female","Marma","Government Secondary School","No","No","Yes","Yes",1,70.7,80.2,15,16,10.8,2.1,23,27,5.8,6,64.8,57.1,4,4,"Moderate","Moderate","No","Yes","No","Does not support",2,"Yes - major barrier",66,11,4
"WGE-0203",2024-10-11,"Rangamati","Naniarchar","Mother Club Member",32,"Female","Tripura","Government Primary School","Yes","Yes","No","Partially",1,79.8,88.1,18,21,15.5,10.2,39,44,7,7.5,60.6,55.5,3,4,"Poor","Good","Yes","Yes","Partially","Supports",4.5,"Yes - minor barrier",69,16,4
"WGE-0204",2024-09-04,"Bandarban","Bandarban Sadar","School Student (Girl)",12,"Female","Chakma","Government Primary School","Yes","Yes","No","Yes",3,78.3,86.8,20,22,6.9,0,50,63,3.2,5.7,31.3,26.5,2,4,"Poor","Good","Yes","No","No","Supports",3.7,"Yes - minor barrier",42,11,4
"WGE-0205",2024-09-27,"Khagrachari","Mahalchhari","Household (Parent/Guardian)",37,"Female","Tanchangya","NGO-run School","Yes","Yes","No","Partially",4,85.4,97,11,14,22.1,15.5,66,81,3,5.2,44.2,35.9,1,4,"Poor","Good","No","No","Yes","Neutral",5,"Yes - minor barrier",59,11,5
"WGE-0206",2024-10-13,"Bandarban","Rowangchhari","Mother Club Member",22,"Female","Marma","NGO-run School","Yes","Yes","No","No",2,74.5,84.4,17,19,22.2,13.3,45,51,1,2,50.3,35.8,3,4,"Good","Excellent","Yes","No","Yes","Supports",1.9,"Yes - major barrier",62,8,4
"WGE-0207",2024-11-06,"Rangamati","Rajasthali","Teacher",47,"Male","Tripura","Government Secondary School","No","No","Yes","Partially",2,72,81.3,19,22,19.5,18.1,49,58,4.9,6.7,42.5,35,2,2,"Poor","Moderate","No","Yes","No","Supports",2.9,"No barrier",34,5,5
"WGE-0208",2024-09-15,"Bandarban","Rowangchhari","Teacher",42,"Female","Bengali","NGO-run School","Yes","No","Yes","Partially",3,60.2,72,13,16,30.4,23.7,41,62,4,5.2,36.4,28.3,2,1,"Good","Moderate","No","No","Partially","Supports",3,"Yes - major barrier",14,15,4
"WGE-0209",2024-09-05,"Bandarban","Bandarban Sadar","Household (Parent/Guardian)",48,"Male","Tripura","Government Secondary School","No","Yes","No","Partially",3,96.1,100,12,17,12.5,4.6,47,63,5.4,7.6,25.6,23.2,3,5,"Poor","Excellent","Yes","Yes","Yes","Strongly supports",0.2,"Yes - minor barrier",86,16,5
"WGE-0210",2024-11-21,"Khagrachari","Ramgarh","Household (Parent/Guardian)",46,"Male","Bengali","Government Secondary School","No","Yes","No","Yes",2,78.2,82.8,17,21,16.5,12.8,34,37,5.9,7.3,59.9,49.7,4,4,"Moderate","Good","Yes","Yes","No","Neutral",3,"Yes - minor barrier",54,10,4
"WGE-0211",2024-10-08,"Bandarban","Naikhongchhari","School Student (Girl)",12,"Female","Marma","NGO-run School","No","Yes","Yes","Yes",3,80.1,88,15,17,19.8,15.6,45,53,0,2.8,36.9,27.9,2,5,"Excellent","Good","No","No","Yes","Strongly supports",2.3,"No barrier",48,9,1
"WGE-0212",2024-09-12,"Rangamati","Rajasthali","School Management Committee (SMC)",50,"Male","Chak","Government Secondary School","Yes","Yes","Yes","Yes",2,73.9,86.5,13,16,27,18.1,90,97,2.3,3.5,49.6,36.4,3,5,"Good","Good","Yes","No","Partially","Does not support",5.7,"No barrier",58,12,3
"WGE-0213",2024-11-16,"Rangamati","Baghaichhari","School Student (Boy)",16,"Male","Chak","Madrasa","Yes","Yes","No","Yes",2,65.9,68.6,15,19,20.1,10.8,40,46,3.3,4.2,19.4,6,1,3,"Moderate","Good","Yes","Yes","Yes","Supports",1.6,"Yes - major barrier",29,5,4
"WGE-0214",2024-11-03,"Rangamati","Rajasthali","Mother Club Member",35,"Female","Marma","Government Primary School","Yes","No","No","Yes",2,87.5,100,14,16,10.5,1.7,53,62,3.4,5,54.1,45.6,4,3,"Poor","Good","Yes","No","Yes","Neutral",6.3,"Yes - major barrier",34,4,4
"WGE-0215",2024-09-10,"Bandarban","Lama","Household (Parent/Guardian)",53,"Male","Murung","Government Primary School","Yes","Yes","Yes","No",3,64.2,84.3,17,21,29.7,25.1,29,41,2.1,3.2,55.3,51.5,2,5,"Moderate","Good","Yes","No","Yes","Supports",2.3,"Yes - major barrier",41,6,2
"WGE-0216",2024-11-13,"Khagrachari","Khagrachari Sadar","Reproductive Health Community Worker (RHCW)",30,"Female","Chakma","Government Primary School","Yes","Yes","No","Yes",3,75.9,87.7,20,22,8.6,8.4,77,85,6.4,8.7,26.2,11.9,4,4,"Good","Moderate","Yes","Yes","Partially","Neutral",5.3,"Yes - major barrier",28,10,2
"WGE-0217",2024-12-04,"Rangamati","Kaptai","Household (Parent/Guardian)",44,"Female","Chakma","Madrasa","Yes","Yes","Yes","Partially",2,84.4,94.1,12,16,25.3,22,70,78,3.2,5.3,58.7,52.4,4,5,"Poor","Excellent","No","No","No","Supports",2.2,"Yes - minor barrier",39,8,4
"WGE-0218",2024-10-03,"Rangamati","Longadu","School Student (Girl)",11,"Female","Marma","Government Secondary School","No","Yes","No","Yes",4,71.5,88.2,20,22,26.8,25.4,58,70,6.7,8.7,40.5,38.8,2,3,"Excellent","Good","Yes","Yes","Partially","Supports",1.8,"No barrier",34,6,5
"WGE-0219",2024-09-30,"Rangamati","Longadu","School Student (Girl)",12,"Female","Chakma","Government Primary School","No","Yes","Yes","Yes",4,53.2,64,10,11,27.5,21.8,36,54,6.6,10,12.7,8.5,2,4,"Poor","Excellent","Yes","Yes","Partially","Neutral",5.4,"Yes - minor barrier",59,11,3
"WGE-0220",2024-10-31,"Rangamati","Naniarchar","School Student (Girl)",12,"Female","Bengali","Government Secondary School","No","Yes","Yes","Yes",3,87.3,89.3,19,22,24.4,19,45,51,2.8,4.2,38.3,31.7,1,5,"Moderate","Good","Yes","Yes","Yes","Supports",4.3,"Yes - major barrier",38,10,2
"WGE-0221",2024-10-19,"Rangamati","Kaptai","Reproductive Health Community Worker (RHCW)",33,"Female","Chakma","Madrasa","Yes","Yes","Yes","No",4,96.9,100,19,22,15.5,6.5,44,61,1.9,4.3,52.2,47.1,2,4,"Good","Poor","Yes","Yes","Partially","Neutral",2.2,"Yes - major barrier",42,12,4
"WGE-0222",2024-12-03,"Khagrachari","Ramgarh","Household (Parent/Guardian)",31,"Female","Chakma","Government Primary School","Yes","No","No","Yes",1,71,75.4,15,17,20.9,16.8,60,63,4.6,4.9,72.9,67.8,4,5,"Poor","Good","Yes","Yes","No","Strongly supports",1.8,"Yes - minor barrier",33,6,4
"WGE-0223",2024-09-17,"Rangamati","Longadu","Community Stakeholder",35,"Male","Marma","Government Primary School","Yes","Yes","Yes","Yes",3,49.7,51.7,22,22,7.6,0.5,48,56,3.5,4.9,41.6,36.8,1,3,"Moderate","Moderate","No","No","Partially","Neutral",1.7,"No barrier",46,7,3
"WGE-0224",2024-11-05,"Bandarban","Lama","Household (Parent/Guardian)",37,"Female","Marma","Government Primary School","Yes","Yes","No","Yes",2,68.1,77.5,13,15,23.7,17.3,60,70,4,5.9,65.4,54.8,1,3,"Good","Moderate","Yes","No","Partially","Supports",5,"Yes - minor barrier",40,10,3
"WGE-0225",2024-11-24,"Khagrachari","Khagrachari Sadar","Household (Parent/Guardian)",33,"Male","Chakma","Government Primary School","Yes","No","No","Partially",4,74.9,79.3,9,13,8.2,0,31,45,2.3,5.3,26.4,17.7,2,2,"Moderate","Good","Yes","Yes","No","Neutral",5.1,"No barrier",71,9,4
"WGE-0226",2024-10-30,"Bandarban","Ruma","School Student (Girl)",10,"Female","Chakma","Government Primary School","No","Yes","No","Partially",2,84.9,100,13,16,12.5,3.7,60,63,5,5.9,58.6,45.9,1,1,"Good","Excellent","No","No","Partially","Does not support",1.9,"Yes - minor barrier",74,11,4
"WGE-0227",2024-10-18,"Bandarban","Lama","School Student (Girl)",14,"Female","Tripura","Government Primary School","Yes","No","Yes","Partially",3,87.6,82.1,20,21,23.5,19.8,59,67,5.8,7.4,31.1,28.6,2,4,"Poor","Good","Yes","Yes","Yes","Neutral",5.1,"No barrier",50,12,4
"WGE-0228",2024-09-20,"Rangamati","Naniarchar","School Student (Girl)",12,"Female","Marma","Government Secondary School","No","No","Yes","Partially",2,73.3,87.9,18,20,8.2,0,62,71,6.8,7.6,43.7,37,1,1,"Good","Excellent","Yes","Yes","Yes","Supports",2.2,"Yes - minor barrier",40,9,4
"WGE-0229",2024-09-22,"Rangamati","Naniarchar","School Student (Girl)",16,"Female","Chakma","Madrasa","Yes","Yes","Yes","No",2,85.8,94.3,20,22,19.9,11.8,15,20,5.6,5.8,39.4,33.3,2,4,"Good","Good","Yes","No","Partially","Neutral",2.1,"Yes - major barrier",64,13,4
"WGE-0230",2024-09-17,"Rangamati","Rajasthali","Police/Law Enforcement",38,"Male","Chakma","Government Secondary School","No","Yes","No","Yes",2,82.2,100,20,21,5.4,3.5,43,51,4.4,4.7,39.5,33.8,3,5,"Good","Good","No","No","Partially","Neutral",2.7,"Yes - major barrier",15,6,4
"WGE-0231",2024-09-04,"Khagrachari","Panchhari","School Student (Boy)",12,"Male","Chakma","Government Primary School","Yes","No","No","Partially",1,70.1,86.9,18,21,17.4,10.9,38,43,4.5,5,38.4,32.1,3,4,"Moderate","Excellent","No","Yes","Yes","Supports",3.9,"No barrier",31,7,3
"WGE-0232",2024-10-21,"Rangamati","Naniarchar","Teacher",41,"Female","Tripura","Community Learning Centre","Yes","No","No","Yes",2,57.2,67.2,16,19,20.6,20.3,56,61,3.9,5.2,60.7,49.5,2,4,"Good","Excellent","No","No","Yes","Strongly supports",5.4,"Yes - minor barrier",73,4,5
"WGE-0233",2024-10-22,"Khagrachari","Dighinala","School Student (Boy)",16,"Male","Chakma","Government Secondary School","Yes","Yes","Yes","Yes",2,52.8,58.6,13,16,14,6.7,59,65,4.8,5.6,44.9,36.7,5,3,"Good","Good","Yes","Yes","Partially","Neutral",6.4,"No barrier",43,9,2
"WGE-0234",2024-11-08,"Khagrachari","Khagrachari Sadar","School Student (Girl)",13,"Female","Tripura","NGO-run School","Yes","Yes","No","Yes",4,79,84.8,17,21,33.2,24.4,52,54,2.5,4.3,70.9,57.6,1,4,"Good","Excellent","Yes","Yes","Yes","Supports",5.3,"No barrier",12,7,5
"WGE-0235",2024-09-12,"Bandarban","Rowangchhari","School Student (Girl)",16,"Female","Tanchangya","NGO-run School","No","No","No","Yes",1,65.1,68.2,13,15,20.8,14.9,22,26,4.3,4.8,26.6,12,2,1,"Good","Good","No","Yes","Yes","Neutral",3.4,"No barrier",27,7,4
"WGE-0236",2024-09-14,"Bandarban","Naikhongchhari","Community Stakeholder",43,"Male","Tripura","NGO-run School","Yes","Yes","Yes","No",2,74.6,78.9,18,21,23.6,16.3,73,74,1.8,1.9,43.6,35.4,4,4,"Moderate","Good","No","Yes","Partially","Strongly supports",3.5,"No barrier",65,7,5
"WGE-0237",2024-10-21,"Bandarban","Lama","School Student (Boy)",15,"Male","Chakma","Government Secondary School","No","Yes","Yes","Yes",3,65.6,73.7,11,15,24.3,20.2,57,66,4.3,7.1,43.4,36.9,2,4,"Moderate","Good","Yes","Yes","Yes","Neutral",3.7,"No barrier",33,10,5
"WGE-0238",2024-10-29,"Rangamati","Longadu","Household (Parent/Guardian)",46,"Female","Khumi","Government Secondary School","No","Yes","Yes","No",2,73.2,85.4,16,19,19.6,10.9,52,57,3.6,4.1,59.5,51.6,3,3,"Moderate","Poor","Yes","Yes","Partially","Neutral",0.2,"Yes - minor barrier",67,7,4
"WGE-0239",2024-09-29,"Rangamati","Naniarchar","Household (Parent/Guardian)",33,"Male","Murung","NGO-run School","Yes","Yes","Yes","Yes",3,78.7,90.1,11,13,11.5,7.3,39,49,4.5,6.5,42.5,25.4,2,1,"Good","Moderate","Yes","No","Partially","Supports",2.8,"No barrier",45,5,3
"WGE-0240",2024-11-28,"Bandarban","Lama","School Student (Boy)",14,"Male","Khumi","NGO-run School","Yes","Yes","No","No",3,55.8,53.9,17,21,14.3,6.8,44,51,2.6,3.6,50.8,42,3,2,"Poor","Good","No","No","Yes","Strongly supports",3.9,"Yes - minor barrier",10,11,3
"WGE-0241",2024-09-14,"Bandarban","Ruma","School Student (Boy)",16,"Male","Bengali","Government Secondary School","No","Yes","Yes","Partially",2,69.3,73.8,21,22,15.9,7.6,61,68,6.7,7.2,39.8,31.2,1,3,"Good","Excellent","No","Yes","Yes","Does not support",0.2,"No barrier",68,7,4
"WGE-0242",2024-11-23,"Khagrachari","Ramgarh","Teacher",32,"Female","Chakma","Government Secondary School","Yes","Yes","No","No",3,82.5,99.2,14,17,16.6,9.3,50,56,1.9,4,36.6,34.9,2,4,"Good","Excellent","Yes","Yes","No","Supports",3.1,"Yes - minor barrier",59,5,4
"WGE-0243",2024-11-17,"Bandarban","Ruma","Household (Parent/Guardian)",47,"Female","Murung","Government Secondary School","No","No","Yes","Yes",3,79.6,90.8,14,17,0.8,0,50,55,6.6,7,42.3,36.1,4,3,"Moderate","Moderate","Yes","No","Yes","Supports",1.1,"Yes - minor barrier",45,4,4
"WGE-0244",2024-09-15,"Bandarban","Ruma","School Student (Boy)",15,"Male","Marma","Government Primary School","No","No","No","Partially",1,47.1,52.7,15,18,11.9,4.1,46,48,5.6,6,23.5,15.2,3,3,"Moderate","Good","Yes","No","Partially","Strongly supports",4,"Yes - minor barrier",71,8,4
"WGE-0245",2024-10-28,"Khagrachari","Dighinala","School Student (Girl)",14,"Female","Tanchangya","Government Primary School","Yes","Yes","Yes","No",3,98.8,100,10,11,19.6,10,39,49,5,6.7,39.9,35.4,5,4,"Good","Moderate","Yes","Yes","Yes","Strongly supports",2.2,"Yes - minor barrier",40,9,3
"WGE-0246",2024-09-14,"Khagrachari","Mahalchhari","Teacher",31,"Female","Bengali","Government Secondary School","Yes","No","No","Yes",4,57.5,59.4,10,12,14.8,9.4,60,70,3.7,6.4,38.8,32.5,3,4,"Excellent","Moderate","No","No","No","Does not support",0.2,"Yes - minor barrier",53,8,4
"WGE-0247",2024-09-08,"Bandarban","Rowangchhari","School Management Committee (SMC)",39,"Male","Marma","Government Secondary School","Yes","No","Yes","No",1,80.3,92.8,12,14,33.7,30,37,41,3.7,4,32.4,25.9,4,5,"Poor","Excellent","Yes","No","Yes","Does not support",3,"No barrier",57,11,4
"WGE-0248",2024-11-27,"Rangamati","Baghaichhari","School Student (Boy)",12,"Male","Bengali","Government Secondary School","No","Yes","No","Yes",4,69.7,82,14,17,19.7,10.8,30,43,3.6,6.1,62.4,62.1,2,2,"Moderate","Excellent","Yes","No","Partially","Strongly supports",8.2,"No barrier",37,8,4
"WGE-0249",2024-11-12,"Rangamati","Naniarchar","School Management Committee (SMC)",62,"Female","Marma","Government Primary School","Yes","No","Yes","Yes",3,62.7,78.6,19,20,21.1,21,37,50,4.8,6.2,30.8,20.9,4,4,"Poor","Good","Yes","Yes","Yes","Strongly supports",2.6,"Yes - major barrier",38,6,1
"WGE-0250",2024-11-11,"Rangamati","Longadu","School Student (Boy)",10,"Male","Marma","Government Primary School","No","No","Yes","No",4,67.3,76.1,19,21,26.2,23.8,52,65,5.3,7.2,69.7,56.9,2,5,"Excellent","Good","No","No","Partially","Neutral",2.7,"Yes - major barrier",42,7,3
"WGE-0251",2024-09-22,"Khagrachari","Ramgarh","School Student (Boy)",14,"Male","Tripura","Madrasa","Yes","Yes","No","Partially",3,78.2,87.2,19,22,23.5,13,24,34,2.6,4.8,62.8,47.5,2,5,"Excellent","Good","Yes","Yes","Yes","Neutral",5.3,"No barrier",75,10,2
"WGE-0252",2024-09-17,"Khagrachari","Dighinala","School Student (Girl)",14,"Female","Marma","NGO-run School","Yes","Yes","Yes","No",3,68.7,76.4,12,14,15.7,10.3,35,39,5.8,7.8,59.9,54,1,5,"Poor","Good","No","No","No","Strongly supports",1.5,"No barrier",52,9,4
"WGE-0253",2024-09-16,"Rangamati","Baghaichhari","School Management Committee (SMC)",34,"Female","Bengali","Government Secondary School","Yes","No","No","Yes",2,57.2,66.2,18,20,22.3,15.1,67,74,3.4,4.2,49.8,40.1,2,4,"Good","Moderate","Yes","No","Partially","Supports",6.7,"Yes - minor barrier",32,4,5
"WGE-0254",2024-11-26,"Bandarban","Lama","School Student (Girl)",14,"Female","Marma","Government Primary School","Yes","Yes","No","Yes",4,75.9,91.4,17,21,25,19.3,33,58,5.6,7.9,40.4,31.2,2,4,"Excellent","Excellent","Yes","Yes","Yes","Strongly supports",2.8,"Yes - major barrier",42,13,4
"WGE-0255",2024-10-19,"Khagrachari","Panchhari","Mother Club Member",26,"Female","Tanchangya","Government Secondary School","No","Yes","No","Yes",4,57.2,65.3,14,15,18.1,7.4,44,68,2.8,4.2,61.5,53,3,4,"Good","Excellent","No","Yes","Partially","Does not support",5.8,"Yes - minor barrier",60,6,4
"WGE-0256",2024-10-15,"Rangamati","Rajasthali","School Student (Girl)",15,"Female","Tanchangya","Government Secondary School","Yes","Yes","Yes","Yes",2,73,80.4,15,18,20.8,14.8,23,32,2.5,3,43.4,32.3,4,1,"Good","Moderate","No","No","No","Strongly supports",0.9,"Yes - minor barrier",37,12,4
"WGE-0257",2024-10-17,"Bandarban","Ruma","School Student (Girl)",11,"Female","Tanchangya","NGO-run School","Yes","Yes","No","Partially",2,64.7,73.4,13,14,24.8,18.6,54,63,4.5,5.1,36.3,25.6,3,5,"Moderate","Good","No","No","Partially","Strongly supports",5,"Yes - minor barrier",27,9,4
"WGE-0258",2024-10-11,"Bandarban","Bandarban Sadar","Teacher",25,"Female","Bawm","Madrasa","Yes","Yes","Yes","No",2,56.8,61,14,16,16.9,13.6,38,44,1.3,2.3,54,49.2,2,5,"Moderate","Good","Yes","Yes","Partially","Strongly supports",2.2,"No barrier",32,7,4
"WGE-0259",2024-09-22,"Bandarban","Naikhongchhari","Reproductive Health Community Worker (RHCW)",25,"Female","Marma","Government Secondary School","No","Yes","Yes","Partially",2,60.2,67.8,12,16,8.3,5.4,68,70,4.7,6.9,49.6,35.8,2,5,"Poor","Good","Yes","No","No","Supports",6.1,"No barrier",49,2,5
"WGE-0260",2024-10-03,"Khagrachari","Panchhari","Reproductive Health Community Worker (RHCW)",23,"Female","Marma","Government Primary School","No","No","No","Yes",3,71.8,80.4,8,12,11,2.7,53,59,3.1,5,42,33.5,1,2,"Good","Excellent","Yes","Yes","No","Does not support",4,"No barrier",50,3,5
"WGE-0261",2024-09-04,"Khagrachari","Dighinala","School Student (Girl)",10,"Female","Tripura","Community Learning Centre","Yes","No","No","Partially",3,75.4,93.3,14,15,12.5,4.7,69,72,3.5,5.6,25.1,6.7,3,4,"Poor","Excellent","Yes","No","Partially","Does not support",0.2,"No barrier",48,10,4
"WGE-0262",2024-11-04,"Khagrachari","Panchhari","School Student (Boy)",12,"Male","Murung","Government Primary School","No","Yes","No","Partially",1,66.3,75.9,17,19,15.3,9.5,58,61,0.2,0.2,45.4,41.2,2,3,"Poor","Poor","Yes","Yes","Yes","Supports",2.6,"Yes - major barrier",63,9,5
"WGE-0263",2024-09-12,"Bandarban","Naikhongchhari","Household (Parent/Guardian)",47,"Male","Murung","Madrasa","Yes","No","Yes","Yes",4,63.6,67.3,14,15,6.4,4.1,51,65,3.1,5,40.4,35.2,3,4,"Moderate","Excellent","Yes","Yes","Partially","Strongly supports",3.7,"Yes - minor barrier",73,12,3
"WGE-0264",2024-10-19,"Rangamati","Baghaichhari","School Student (Girl)",12,"Female","Khumi","Government Primary School","Yes","No","No","Partially",3,88.5,100,16,17,14,12.2,74,89,4.1,6.1,38.5,27.8,3,5,"Good","Good","No","Yes","Partially","Supports",5.7,"No barrier",52,5,4
"WGE-0265",2024-10-29,"Bandarban","Ruma","Teacher",21,"Female","Tanchangya","Government Secondary School","No","Yes","Yes","Yes",4,67.3,71.8,19,21,17.8,11.6,42,56,4.4,5.4,28.7,21,3,4,"Moderate","Good","Yes","No","No","Supports",4,"No barrier",10,11,3
"WGE-0266",2024-12-04,"Rangamati","Rajasthali","Mother Club Member",35,"Female","Bawm","Madrasa","Yes","No","Yes","Yes",2,67.8,73.8,19,22,19.2,11.3,43,48,3.2,4.1,39.1,35.2,3,3,"Excellent","Good","Yes","Yes","Partially","Supports",3.5,"No barrier",26,7,5
"WGE-0267",2024-11-30,"Khagrachari","Panchhari","School Management Committee (SMC)",61,"Female","Marma","Government Secondary School","No","Yes","No","Yes",3,81.2,90.7,22,22,19.7,14.9,38,55,3.7,4.7,50.4,45.6,4,4,"Moderate","Moderate","No","Yes","Yes","Neutral",8,"Yes - major barrier",46,10,3
"WGE-0268",2024-09-25,"Khagrachari","Dighinala","Community Stakeholder",36,"Female","Chakma","Government Primary School","No","No","Yes","No",1,70.8,73.4,16,19,8.3,4.5,44,47,3.8,4.2,40.7,31.5,5,4,"Moderate","Excellent","No","No","Partially","Does not support",5,"No barrier",46,10,4
"WGE-0269",2024-11-14,"Khagrachari","Panchhari","School Student (Girl)",13,"Female","Marma","Government Secondary School","No","No","No","Partially",1,86.6,87.2,12,15,26.3,20.4,22,26,3.3,4.1,44.1,37.9,4,3,"Poor","Moderate","No","Yes","Yes","Neutral",4,"Yes - major barrier",58,5,3
"WGE-0270",2024-09-06,"Bandarban","Lama","School Student (Girl)",18,"Female","Tripura","Government Primary School","No","No","Yes","Yes",4,67.9,82.9,16,18,15.7,11.5,59,76,3.7,5.5,42.1,29.4,5,2,"Good","Good","Yes","Yes","Partially","Strongly supports",5.7,"No barrier",94,8,2
"WGE-0271",2024-12-02,"Khagrachari","Dighinala","School Student (Boy)",14,"Male","Tripura","Government Secondary School","Yes","Yes","Yes","Yes",2,64.8,74,12,13,21.3,14.3,34,45,6.4,7.5,60.8,56.1,1,4,"Excellent","Excellent","Yes","Yes","Partially","Supports",7.3,"Yes - minor barrier",41,11,5
"WGE-0272",2024-09-29,"Khagrachari","Dighinala","School Management Committee (SMC)",55,"Female","Pangkhua","Government Secondary School","Yes","Yes","No","Partially",4,61,66.8,22,22,16.9,9.5,29,49,5.4,8.1,68.8,66.5,1,5,"Moderate","Excellent","Yes","Yes","Yes","Supports",4.4,"No barrier",28,10,5
"WGE-0273",2024-11-05,"Rangamati","Longadu","School Management Committee (SMC)",36,"Male","Pangkhua","Government Primary School","Yes","Yes","No","Partially",1,69.3,84.4,21,22,6.9,0.2,22,25,4.6,5.2,42.7,33.5,3,5,"Excellent","Good","No","No","Partially","Strongly supports",4.4,"Yes - minor barrier",23,4,5
"WGE-0274",2024-09-24,"Rangamati","Longadu","Teacher",49,"Male","Tanchangya","Government Primary School","Yes","Yes","No","No",3,92.7,94.7,18,19,8.7,3.8,55,59,0,1.3,11.7,9,2,4,"Good","Moderate","Yes","Yes","Partially","Supports",0.9,"No barrier",69,6,2
"WGE-0275",2024-09-19,"Khagrachari","Panchhari","School Student (Boy)",14,"Male","Chakma","Government Primary School","Yes","Yes","Yes","No",3,56.5,69,13,15,19.1,15,61,73,2.5,4.2,60.7,53.3,2,4,"Poor","Excellent","Yes","No","Partially","Supports",0.2,"No barrier",34,6,4
"WGE-0276",2024-09-26,"Khagrachari","Ramgarh","School Student (Girl)",13,"Female","Chakma","Madrasa","No","Yes","No","Yes",2,75.9,89.8,18,19,26.7,18.9,31,38,5.2,5.9,35.7,26.4,2,3,"Good","Excellent","Yes","Yes","Yes","Does not support",3.4,"Yes - minor barrier",59,10,4
"WGE-0277",2024-09-25,"Bandarban","Bandarban Sadar","School Student (Girl)",17,"Female","Chakma","NGO-run School","Yes","Yes","No","Yes",3,93.6,100,13,17,13.8,7.7,33,38,0,1.9,42.9,33.3,2,4,"Moderate","Excellent","Yes","Yes","Partially","Neutral",3.6,"No barrier",18,7,5
"WGE-0278",2024-11-25,"Bandarban","Naikhongchhari","School Student (Boy)",14,"Male","Tanchangya","Government Secondary School","Yes","Yes","No","Yes",4,62.2,64.8,21,22,22.6,16.6,38,53,1.4,3.4,37.2,22.2,3,1,"Moderate","Moderate","Yes","Yes","Partially","Neutral",0.4,"No barrier",41,6,1
"WGE-0279",2024-10-18,"Khagrachari","Mahalchhari","Mother Club Member",34,"Female","Tripura","Government Secondary School","No","Yes","No","Partially",2,74.2,80.5,16,19,28.2,20.2,64,69,6.4,7.8,40.5,31.4,5,3,"Moderate","Excellent","Yes","No","Partially","Neutral",7.6,"No barrier",40,16,4
"WGE-0280",2024-10-14,"Rangamati","Rajasthali","School Student (Girl)",14,"Female","Tripura","NGO-run School","No","Yes","No","Yes",3,72.9,88.1,14,17,34.5,30.8,36,46,4.3,6.1,55.7,43.6,1,4,"Excellent","Good","Yes","Yes","Yes","Supports",4.2,"No barrier",31,6,2
"WGE-0281",2024-11-19,"Khagrachari","Panchhari","Teacher",28,"Male","Chakma","Community Learning Centre","Yes","Yes","Yes","Yes",1,92.7,100,10,12,27.8,25.6,70,74,3.8,4.1,32.2,18.9,1,5,"Good","Moderate","No","No","Yes","Supports",2.6,"No barrier",27,6,4
"WGE-0282",2024-09-15,"Bandarban","Naikhongchhari","Household (Parent/Guardian)",45,"Male","Bawm","Government Secondary School","No","No","Yes","No",4,84.2,97,15,16,12.9,3.5,47,61,3.5,5.6,20.9,12.5,3,3,"Moderate","Excellent","No","Yes","Partially","Strongly supports",4.4,"No barrier",69,6,4
"WGE-0283",2024-09-25,"Khagrachari","Ramgarh","Mother Club Member",34,"Female","Marma","Community Learning Centre","Yes","No","Yes","Yes",3,81,89,17,19,14.2,2,36,48,5.6,6.9,42.5,37.1,2,3,"Poor","Moderate","No","Yes","Yes","Strongly supports",2.5,"No barrier",63,10,3
"WGE-0284",2024-11-14,"Khagrachari","Mahalchhari","Household (Parent/Guardian)",23,"Female","Bengali","Government Secondary School","No","Yes","Yes","Yes",1,69.2,81.4,12,15,11.5,5.1,44,49,4.7,5.4,34.4,23.9,2,5,"Moderate","Good","No","No","Partially","Strongly supports",3.4,"Yes - major barrier",38,6,4
"WGE-0285",2024-10-29,"Bandarban","Rowangchhari","Household (Parent/Guardian)",54,"Male","Tanchangya","Government Primary School","Yes","Yes","No","No",2,64.5,75.1,18,21,19.8,9.8,53,55,4,5.7,67.6,59.3,4,4,"Moderate","Good","No","No","No","Strongly supports",0.8,"Yes - major barrier",67,9,4
"WGE-0286",2024-09-08,"Khagrachari","Dighinala","School Student (Girl)",14,"Female","Bawm","Government Primary School","No","Yes","No","Partially",1,73.8,87,17,20,19.4,11.4,61,62,3.6,4.2,54.4,37.2,3,4,"Poor","Good","Yes","No","Partially","Neutral",3.4,"Yes - minor barrier",64,2,5
"WGE-0287",2024-09-22,"Rangamati","Naniarchar","School Management Committee (SMC)",31,"Female","Bengali","Government Primary School","No","Yes","Yes","Partially",2,69.6,80.5,14,15,10.9,6.2,31,35,5.8,7.3,60.9,43.1,4,3,"Moderate","Good","No","Yes","Partially","Strongly supports",2,"Yes - minor barrier",62,4,5
"WGE-0288",2024-10-21,"Rangamati","Naniarchar","Mother Club Member",40,"Female","Marma","Government Secondary School","Yes","No","No","No",4,80.5,91.5,13,16,22.5,18.2,51,79,2.5,3.5,56.7,49.2,3,4,"Good","Good","Yes","Yes","No","Supports",3.4,"No barrier",30,11,2
"WGE-0289",2024-11-27,"Bandarban","Naikhongchhari","School Student (Boy)",11,"Male","Marma","NGO-run School","No","Yes","No","No",1,80.9,88,12,14,16.1,5.8,53,57,1.5,2,32.3,25.2,3,4,"Good","Good","No","Yes","Yes","Neutral",5.1,"Yes - major barrier",14,13,5
"WGE-0290",2024-10-16,"Bandarban","Rowangchhari","School Student (Boy)",18,"Male","Tripura","NGO-run School","No","No","No","Partially",1,69.7,79.1,15,18,13.1,9.4,24,29,1.6,2,36.3,26.7,3,4,"Good","Good","Yes","Yes","Yes","Does not support",6.1,"No barrier",48,9,3
"WGE-0291",2024-10-01,"Rangamati","Kaptai","School Student (Boy)",16,"Male","Murung","Government Primary School","Yes","Yes","No","No",3,79.8,96.4,14,15,22.6,17,54,65,2.2,3.4,64.3,51.5,2,3,"Moderate","Moderate","Yes","No","Yes","Supports",2.6,"Yes - major barrier",46,4,4
"WGE-0292",2024-09-06,"Bandarban","Rowangchhari","School Student (Girl)",13,"Female","Chakma","Government Primary School","Yes","Yes","Yes","No",2,72.1,79.4,15,19,20.4,14.5,44,50,1.6,2.7,48.1,41.6,5,5,"Good","Good","Yes","Yes","Yes","Supports",4.1,"Yes - major barrier",36,11,2
"WGE-0293",2024-09-09,"Khagrachari","Panchhari","Household (Parent/Guardian)",35,"Male","Khumi","Madrasa","Yes","Yes","Yes","No",2,68.3,77.2,17,19,22.1,16,52,60,2.8,4.1,33.3,24.8,3,2,"Moderate","Excellent","Yes","No","Partially","Strongly supports",3.2,"Yes - major barrier",35,6,4
"WGE-0294",2024-12-01,"Bandarban","Naikhongchhari","Household (Parent/Guardian)",53,"Male","Chakma","Government Secondary School","Yes","Yes","Yes","Yes",2,79.3,85.1,22,22,8.6,4.3,58,66,5.6,6.2,24.4,17.3,1,2,"Poor","Excellent","Yes","Yes","Yes","Supports",4.8,"No barrier",67,10,3
"WGE-0295",2024-11-11,"Bandarban","Lama","Police/Law Enforcement",36,"Female","Tanchangya","Government Primary School","No","Yes","No","Yes",2,74.8,85,20,22,5.5,0,39,46,5.7,6.9,28.4,18.9,1,3,"Moderate","Good","Yes","No","Partially","Supports",3.3,"Yes - minor barrier",58,4,5
"WGE-0296",2024-09-16,"Khagrachari","Dighinala","Teacher",38,"Female","Tanchangya","Government Secondary School","Yes","No","Yes","Yes",1,59.2,68.9,19,19,22.1,19.7,72,75,2.3,2.8,32.3,20.6,2,5,"Poor","Good","No","Yes","Partially","Does not support",0.2,"Yes - minor barrier",70,7,5
"WGE-0297",2024-11-25,"Khagrachari","Panchhari","Reproductive Health Community Worker (RHCW)",26,"Female","Marma","Government Primary School","Yes","No","Yes","Partially",3,40,54,18,20,24.4,17.5,38,52,3.5,4.7,37.1,29.8,2,5,"Good","Good","No","Yes","Yes","Strongly supports",3.2,"Yes - minor barrier",24,12,3
"WGE-0298",2024-12-04,"Khagrachari","Mahalchhari","Teacher",33,"Male","Tripura","Government Primary School","Yes","Yes","Yes","No",2,75.2,86.5,10,12,13.8,10.2,26,33,4,5.2,46.4,34.6,5,2,"Moderate","Excellent","Yes","Yes","Partially","Strongly supports",1.5,"Yes - minor barrier",62,9,5
"WGE-0299",2024-09-08,"Rangamati","Baghaichhari","School Student (Girl)",13,"Female","Khumi","Government Primary School","No","No","Yes","Partially",2,81.9,91.5,13,17,16.3,15.8,78,84,2.8,3.1,53.8,41,5,3,"Moderate","Excellent","No","Yes","Yes","Strongly supports",4.9,"No barrier",53,7,4
"WGE-0300",2024-10-03,"Khagrachari","Ramgarh","Household (Parent/Guardian)",43,"Male","Bengali","Government Secondary School","No","Yes","Yes","Partially",3,73.9,89.3,15,17,22.8,15.6,39,45,4,5.3,36.5,28.3,1,4,"Good","Moderate","No","Yes","Partially","Supports",5.4,"No barrier",34,10,4
"WGE-0301",2024-09-09,"Khagrachari","Dighinala","Household (Parent/Guardian)",41,"Male","Chakma","NGO-run School","Yes","Yes","No","Partially",3,72.6,82.3,19,21,15.6,10.4,69,75,5.3,7.6,33.7,22.5,2,5,"Good","Excellent","No","Yes","Yes","Supports",5,"No barrier",51,5,4
"WGE-0302",2024-11-26,"Khagrachari","Khagrachari Sadar","Reproductive Health Community Worker (RHCW)",18,"Female","Chakma","Government Primary School","Yes","No","No","No",1,76.1,84.7,16,18,22.9,19.9,44,49,2.8,3.3,55,47.3,2,3,"Poor","Excellent","Yes","Yes","Partially","Strongly supports",2,"Yes - major barrier",10,8,5
"WGE-0303",2024-09-20,"Khagrachari","Mahalchhari","Reproductive Health Community Worker (RHCW)",36,"Female","Marma","Government Secondary School","No","Yes","Yes","Yes",4,74.6,83.2,16,19,21.4,12.3,50,59,5.5,8.6,41.1,35.8,2,2,"Excellent","Moderate","Yes","No","Partially","Supports",5,"Yes - minor barrier",32,4,5
"WGE-0304",2024-09-11,"Rangamati","Kaptai","Mother Club Member",35,"Female","Bengali","Government Secondary School","Yes","Yes","Yes","No",2,81.3,84.6,17,18,27.1,19,37,39,2.2,3.3,51.1,39.5,3,3,"Poor","Moderate","Yes","Yes","Partially","Supports",2.2,"Yes - minor barrier",59,8,3
"WGE-0305",2024-10-06,"Bandarban","Rowangchhari","School Student (Girl)",17,"Female","Khumi","Government Secondary School","No","Yes","No","No",1,61.4,75.3,17,21,26.1,21.3,42,45,5.6,5.9,31,22,1,5,"Moderate","Excellent","No","No","Yes","Strongly supports",3.1,"Yes - minor barrier",72,14,4
"WGE-0306",2024-10-05,"Rangamati","Naniarchar","Household (Parent/Guardian)",47,"Male","Tripura","Government Primary School","Yes","Yes","No","No",1,95.1,100,15,17,15.3,10,66,69,1.6,2.3,40.1,39,4,4,"Good","Good","No","Yes","Yes","Supports",1.4,"No barrier",48,14,3
"WGE-0307",2024-11-02,"Khagrachari","Khagrachari Sadar","School Student (Girl)",10,"Female","Marma","Community Learning Centre","Yes","Yes","No","Partially",2,66.7,80.1,18,22,13.6,5.1,34,41,2.9,4.6,44,39.4,3,1,"Moderate","Good","No","Yes","Yes","Neutral",2.1,"Yes - minor barrier",60,11,4
"WGE-0308",2024-10-07,"Rangamati","Kaptai","School Student (Boy)",12,"Male","Tanchangya","NGO-run School","Yes","No","No","Yes",3,72.7,80,14,16,20.3,13.1,47,50,3,4.8,55.1,45.5,2,3,"Poor","Good","No","Yes","Partially","Strongly supports",4,"No barrier",76,6,3
"WGE-0309",2024-10-20,"Bandarban","Bandarban Sadar","School Student (Girl)",10,"Female","Murung","Government Primary School","Yes","No","No","Partially",4,81,94.1,16,19,5.8,0,61,68,4.6,7.9,19.1,6,3,5,"Good","Good","Yes","Yes","Yes","Neutral",3.2,"Yes - major barrier",18,9,3
"WGE-0310",2024-12-01,"Bandarban","Lama","Teacher",29,"Male","Chakma","Government Primary School","Yes","No","Yes","No",2,80.5,93.2,20,22,9.8,4.6,51,60,4.8,5.7,45.7,46.9,1,4,"Moderate","Moderate","Yes","Yes","Yes","Strongly supports",2.7,"Yes - major barrier",51,12,5
"WGE-0311",2024-10-22,"Bandarban","Rowangchhari","School Student (Boy)",14,"Male","Chak","Government Primary School","No","Yes","No","No",3,82.4,93.1,17,18,15.9,8.9,65,71,5.2,7.9,53.5,45.9,3,2,"Good","Excellent","No","No","Partially","Neutral",6.5,"No barrier",82,10,3
"WGE-0312",2024-09-05,"Bandarban","Naikhongchhari","School Management Committee (SMC)",61,"Female","Bengali","Community Learning Centre","Yes","No","No","No",4,97.4,100,11,12,36.8,31.2,68,83,1.6,2.8,44,35.8,4,5,"Moderate","Poor","Yes","No","Yes","Strongly supports",0.6,"Yes - minor barrier",27,4,5
"WGE-0313",2024-09-24,"Rangamati","Rajasthali","Household (Parent/Guardian)",51,"Male","Chakma","Madrasa","Yes","No","Yes","Partially",2,83.9,92.1,13,17,13.1,7.9,64,70,2.5,3.6,36.4,24.7,5,5,"Good","Moderate","Yes","Yes","Partially","Does not support",4.2,"No barrier",49,9,3
"WGE-0314",2024-09-24,"Bandarban","Ruma","School Student (Boy)",14,"Male","Tripura","NGO-run School","Yes","No","Yes","Yes",2,51.3,60.1,15,19,13.5,3.2,42,47,3.6,5.3,42.9,32.9,2,4,"Moderate","Good","No","Yes","Partially","Supports",3.4,"Yes - major barrier",57,7,4
"WGE-0315",2024-09-18,"Rangamati","Baghaichhari","Household (Parent/Guardian)",51,"Male","Chakma","Government Secondary School","Yes","Yes","No","Partially",3,72.1,86.7,11,13,18.6,10.5,37,46,3.8,5.9,35.4,25.5,3,3,"Excellent","Poor","Yes","No","Yes","Strongly supports",1.9,"No barrier",36,9,4
"WGE-0316",2024-10-07,"Bandarban","Rowangchhari","Reproductive Health Community Worker (RHCW)",31,"Female","Chakma","Government Secondary School","Yes","Yes","Yes","Partially",2,71.5,75.3,20,20,13.7,7.9,38,45,3.7,4.3,40.2,30.5,2,5,"Moderate","Good","Yes","No","Yes","Neutral",0.2,"No barrier",56,9,2
"WGE-0317",2024-09-27,"Khagrachari","Panchhari","Household (Parent/Guardian)",46,"Female","Marma","Government Primary School","No","No","Yes","Partially",3,91.1,100,9,11,28.7,23.3,76,94,5.3,7.4,43.7,40.9,2,2,"Good","Excellent","Yes","Yes","Partially","Neutral",9.4,"Yes - major barrier",73,8,4
"WGE-0318",2024-09-15,"Khagrachari","Panchhari","Mother Club Member",51,"Female","Tripura","NGO-run School","Yes","Yes","No","No",2,76.9,85.4,13,14,10.8,2.1,53,60,2.5,3,44.9,36,2,4,"Poor","Poor","Yes","Yes","No","Supports",3.1,"Yes - minor barrier",56,13,4
"WGE-0319",2024-10-14,"Khagrachari","Khagrachari Sadar","Household (Parent/Guardian)",34,"Female","Marma","Government Secondary School","No","Yes","No","No",1,73.4,79.4,15,18,27.1,19.3,53,53,2.3,3,31.8,23.8,1,2,"Poor","Good","Yes","Yes","Yes","Strongly supports",3.1,"No barrier",41,10,4
"WGE-0320",2024-10-16,"Khagrachari","Dighinala","Reproductive Health Community Worker (RHCW)",22,"Female","Marma","Government Primary School","No","Yes","Yes","Partially",4,68.4,77.3,19,22,20.1,12.6,68,76,5.3,7.9,28.2,15.1,3,4,"Excellent","Good","No","Yes","Yes","Strongly supports",3,"No barrier",71,9,4
"WGE-0321",2024-10-29,"Bandarban","Ruma","Household (Parent/Guardian)",30,"Female","Tanchangya","Government Secondary School","Yes","Yes","No","No",4,73.5,74.3,14,17,10.7,6.5,49,61,4.3,5.4,54.1,46.3,2,4,"Good","Good","Yes","No","Partially","Strongly supports",0.5,"No barrier",51,4,4
"WGE-0322",2024-09-18,"Khagrachari","Panchhari","Mother Club Member",31,"Female","Tripura","Government Secondary School","Yes","Yes","No","No",3,87.9,93.5,14,17,38.5,30.1,28,37,4.1,6,32.6,29.4,2,2,"Poor","Good","Yes","Yes","Partially","Strongly supports",2.9,"No barrier",69,7,4
"WGE-0323",2024-11-23,"Rangamati","Baghaichhari","School Student (Girl)",13,"Female","Chakma","Government Secondary School","No","No","No","Partially",1,71.7,83.1,18,22,11.3,7.5,43,45,6.3,7.1,35.1,27.6,4,3,"Moderate","Good","Yes","Yes","Yes","Supports",6.8,"No barrier",66,6,5
"WGE-0324",2024-12-05,"Bandarban","Bandarban Sadar","School Student (Boy)",14,"Male","Chakma","Government Secondary School","Yes","No","No","No",1,60.2,72.9,20,21,8.8,0.200000000000001,36,40,2.5,2.8,12.9,3.7,4,4,"Good","Excellent","No","Yes","No","Neutral",4.9,"Yes - minor barrier",44,4,5
"WGE-0325",2024-10-12,"Rangamati","Rajasthali","School Management Committee (SMC)",36,"Male","Marma","NGO-run School","Yes","No","Yes","Yes",3,67.4,82.3,14,18,4.7,0,49,64,5.2,7.7,33.2,29.1,2,2,"Moderate","Moderate","No","Yes","Yes","Does not support",3.2,"Yes - minor barrier",60,11,5
"WGE-0326",2024-12-03,"Khagrachari","Khagrachari Sadar","Household (Parent/Guardian)",41,"Female","Marma","Government Primary School","Yes","Yes","No","Partially",3,80.1,88.4,12,14,12.1,5.7,22,33,4.1,6.5,60.2,55.6,2,3,"Good","Good","Yes","Yes","Yes","Supports",1.7,"Yes - major barrier",15,7,3
"WGE-0327",2024-09-14,"Bandarban","Lama","Reproductive Health Community Worker (RHCW)",35,"Female","Marma","Government Primary School","No","Yes","No","Yes",2,72.4,84.1,19,21,16.5,8.6,64,68,2.7,2.5,26.4,16.1,1,5,"Poor","Good","Yes","Yes","Partially","Supports",4.5,"No barrier",42,13,4
"WGE-0328",2024-11-28,"Khagrachari","Mahalchhari","School Student (Boy)",12,"Male","Tripura","Government Primary School","No","Yes","No","Partially",4,81.4,84.3,15,17,33.2,26.3,31,49,4.3,6.2,53.4,47.1,5,5,"Poor","Moderate","Yes","No","Partially","Does not support",2.6,"Yes - minor barrier",30,3,5
"WGE-0329",2024-09-18,"Rangamati","Naniarchar","School Student (Boy)",14,"Male","Chakma","Government Primary School","Yes","Yes","No","Yes",3,73.9,85,14,16,7.8,2.1,30,33,6.2,8,37.2,28.4,3,4,"Poor","Good","Yes","Yes","Yes","Does not support",2.7,"Yes - major barrier",48,7,3
"WGE-0330",2024-11-26,"Bandarban","Ruma","Teacher",50,"Female","Chakma","Madrasa","No","Yes","Yes","Yes",2,53.2,69.9,17,21,15.5,7.4,43,50,7,8.7,34.1,26.9,3,4,"Good","Excellent","Yes","No","Yes","Strongly supports",4.7,"Yes - major barrier",51,11,4
"WGE-0331",2024-11-17,"Khagrachari","Khagrachari Sadar","School Student (Boy)",12,"Male","Marma","Government Secondary School","No","Yes","No","No",4,83.1,93.3,10,14,13.5,7,59,72,2,4.6,37.4,35.4,4,4,"Moderate","Excellent","No","No","Yes","Supports",3.8,"No barrier",54,14,3
"WGE-0332",2024-10-03,"Bandarban","Bandarban Sadar","School Student (Girl)",10,"Female","Marma","Government Primary School","Yes","Yes","No","No",2,78.6,90.1,18,19,33.3,28.4,26,35,4.1,5.7,32.3,26.6,4,4,"Moderate","Excellent","Yes","Yes","No","Strongly supports",2.5,"Yes - minor barrier",17,11,5
"WGE-0333",2024-10-21,"Bandarban","Ruma","School Student (Boy)",14,"Male","Marma","NGO-run School","Yes","Yes","Yes","Yes",3,66.9,73.3,13,15,24.5,19.4,28,38,3.2,5.9,41,35.7,3,3,"Poor","Poor","Yes","Yes","Yes","Strongly supports",2,"Yes - major barrier",86,12,3
"WGE-0334",2024-10-02,"Bandarban","Ruma","School Student (Girl)",14,"Female","Murung","Government Primary School","No","No","Yes","Partially",3,55.4,69.1,14,17,20,16.9,57,68,1.9,1.6,48.4,41.5,2,3,"Moderate","Excellent","Yes","Yes","No","Supports",5.7,"Yes - minor barrier",38,5,4
"WGE-0335",2024-11-23,"Rangamati","Kaptai","Community Stakeholder",48,"Female","Chakma","Community Learning Centre","Yes","No","Yes","Yes",3,61.8,74.7,19,22,17.9,9.9,61,72,5.5,7.3,51.6,43.6,2,4,"Poor","Excellent","Yes","No","Yes","Strongly supports",1.3,"Yes - minor barrier",70,2,5
"WGE-0336",2024-12-05,"Bandarban","Ruma","Reproductive Health Community Worker (RHCW)",30,"Female","Chakma","Government Secondary School","Yes","Yes","No","Yes",2,73.5,77.9,17,19,16.8,8.1,22,35,1.6,3.6,28.8,17.5,2,3,"Poor","Good","Yes","Yes","No","Supports",3.4,"No barrier",75,10,5
"WGE-0337",2024-09-18,"Rangamati","Kaptai","Household (Parent/Guardian)",39,"Female","Tanchangya","Government Secondary School","Yes","No","Yes","Yes",3,66.9,76.8,20,22,16.7,9,51,51,4.5,7.5,36,25.7,2,4,"Moderate","Good","No","Yes","No","Strongly supports",3.2,"No barrier",14,11,5
"WGE-0338",2024-11-06,"Khagrachari","Ramgarh","Mother Club Member",28,"Female","Chakma","Government Primary School","No","No","Yes","No",3,64,72.8,13,14,21.2,19.6,69,79,0.9,2.1,45.1,31.1,3,5,"Good","Excellent","Yes","Yes","Yes","Supports",0.2,"No barrier",51,12,5
"WGE-0339",2024-11-06,"Khagrachari","Khagrachari Sadar","School Student (Girl)",12,"Female","Chakma","Government Primary School","Yes","Yes","No","No",3,83,86.7,14,15,17.6,7.3,32,40,5,7.7,35.7,23.2,5,4,"Good","Moderate","No","No","No","Supports",0.9,"No barrier",33,9,3
"WGE-0340",2024-09-29,"Khagrachari","Khagrachari Sadar","Police/Law Enforcement",42,"Male","Tanchangya","Government Primary School","No","Yes","Yes","Partially",2,75.7,86,20,22,15.7,5.3,64,68,0.1,1,28.9,19,1,4,"Poor","Good","Yes","Yes","No","Does not support",0.8,"Yes - major barrier",35,11,4
"WGE-0341",2024-10-05,"Rangamati","Kaptai","School Student (Boy)",13,"Male","Chakma","NGO-run School","Yes","Yes","Yes","Yes",4,80.8,96.4,16,17,13.1,9.5,59,68,3.5,6.1,33.5,28.1,4,5,"Poor","Good","No","No","Yes","Supports",4.6,"Yes - major barrier",67,9,3
"WGE-0342",2024-09-10,"Khagrachari","Mahalchhari","School Student (Girl)",13,"Female","Chakma","NGO-run School","Yes","Yes","No","Yes",4,61.9,74.1,20,21,40.2,39,42,59,2.6,5.8,57.5,52.9,5,4,"Moderate","Excellent","Yes","Yes","Yes","Neutral",2,"No barrier",14,12,4
"WGE-0343",2024-10-28,"Rangamati","Longadu","Teacher",46,"Male","Pangkhua","Government Secondary School","No","Yes","Yes","No",1,48.2,55.8,10,13,8.2,3.5,46,51,3.2,3.7,45.3,43.7,3,5,"Good","Excellent","No","Yes","Partially","Strongly supports",3.5,"No barrier",35,6,4
"WGE-0344",2024-10-19,"Rangamati","Rajasthali","School Management Committee (SMC)",37,"Male","Bengali","Government Secondary School","Yes","Yes","Yes","No",3,67,78.4,8,12,17.2,10.1,52,63,3.8,6.4,44.3,35.9,2,5,"Poor","Good","Yes","No","Partially","Strongly supports",1.1,"No barrier",60,10,4
"WGE-0345",2024-10-29,"Bandarban","Ruma","School Student (Boy)",10,"Male","Marma","NGO-run School","Yes","No","No","No",2,89.9,100,12,13,27.3,22.2,24,29,6.3,7.9,40.2,29.7,2,5,"Moderate","Moderate","Yes","Yes","Yes","Strongly supports",4.6,"Yes - major barrier",39,9,3
"WGE-0346",2024-10-02,"Rangamati","Baghaichhari","School Student (Boy)",13,"Male","Tanchangya","Government Primary School","Yes","Yes","No","Yes",1,64.3,76.4,14,17,14.2,6,35,38,4.3,4.7,27.9,25.1,5,4,"Moderate","Excellent","Yes","Yes","No","Strongly supports",5.4,"Yes - major barrier",68,3,4
"WGE-0347",2024-10-30,"Rangamati","Baghaichhari","Household (Parent/Guardian)",43,"Male","Murung","Government Primary School","Yes","No","No","Partially",3,56.9,69.1,17,19,11.3,10.5,55,60,4,6.5,63.3,58.7,4,4,"Good","Good","Yes","Yes","No","Supports",4.4,"Yes - minor barrier",59,12,5
"WGE-0348",2024-09-06,"Rangamati","Rajasthali","School Student (Girl)",10,"Female","Marma","Government Primary School","No","Yes","Yes","Yes",1,72.2,83.5,15,17,24.2,17.2,65,67,1.6,2.2,42.8,34.8,2,3,"Moderate","Excellent","No","Yes","Yes","Does not support",2.9,"Yes - major barrier",68,10,2
"WGE-0349",2024-11-12,"Khagrachari","Ramgarh","Reproductive Health Community Worker (RHCW)",19,"Female","Chakma","Government Secondary School","Yes","Yes","No","Yes",2,80.6,90.5,19,20,20.3,15,54,62,2.4,2.9,50.8,39.8,2,3,"Poor","Excellent","Yes","Yes","No","Strongly supports",2.1,"Yes - major barrier",28,7,4
"WGE-0350",2024-09-29,"Rangamati","Kaptai","School Student (Girl)",13,"Female","Marma","Government Primary School","Yes","Yes","No","No",4,80,84.3,11,12,19.9,15.1,31,46,6.1,7.2,31.6,26.9,2,2,"Moderate","Good","Yes","Yes","Yes","Supports",3.4,"No barrier",45,7,3
"WGE-0351",2024-11-16,"Khagrachari","Panchhari","School Management Committee (SMC)",35,"Male","Bengali","Government Secondary School","No","Yes","No","No",3,77,90,15,19,8.5,2.2,21,37,3.5,5.8,34.3,24.5,2,4,"Moderate","Good","No","Yes","Yes","Strongly supports",4.3,"Yes - minor barrier",55,10,5
"WGE-0352",2024-11-08,"Bandarban","Lama","Household (Parent/Guardian)",38,"Male","Tripura","Government Primary School","Yes","Yes","Yes","No",3,73,77.6,15,16,19.7,16.7,37,43,6.8,8,20.9,11,1,5,"Poor","Excellent","Yes","No","Partially","Supports",3.1,"Yes - minor barrier",73,11,5
"WGE-0353",2024-10-02,"Rangamati","Baghaichhari","School Student (Boy)",17,"Male","Murung","Government Primary School","No","Yes","Yes","No",3,75.6,90.4,16,17,16.6,17.7,46,62,2.2,4.4,40.4,29.9,3,5,"Poor","Good","Yes","No","Partially","Does not support",4.8,"Yes - minor barrier",64,2,4
"WGE-0354",2024-09-05,"Rangamati","Naniarchar","Household (Parent/Guardian)",26,"Female","Chakma","Government Primary School","No","Yes","Yes","Yes",2,64.7,71.8,19,22,24.3,20.5,66,73,6,6.2,69.5,58.3,2,5,"Poor","Excellent","No","Yes","Yes","Neutral",6,"Yes - major barrier",34,10,5
"WGE-0355",2024-11-19,"Khagrachari","Khagrachari Sadar","Community Stakeholder",61,"Female","Chakma","Madrasa","Yes","Yes","No","Partially",3,82.5,95.1,17,22,14.9,12,17,20,3.5,5.3,42.9,35,2,5,"Moderate","Moderate","Yes","Yes","Partially","Neutral",2.8,"No barrier",34,10,4
"WGE-0356",2024-10-02,"Bandarban","Bandarban Sadar","Teacher",31,"Male","Marma","Community Learning Centre","Yes","Yes","No","Partially",3,62.9,70.4,16,19,16.3,11.5,57,67,3.1,5.4,34.5,21.6,4,5,"Poor","Good","Yes","Yes","Yes","Neutral",4.1,"Yes - minor barrier",63,5,4
"WGE-0357",2024-10-26,"Bandarban","Naikhongchhari","School Student (Girl)",12,"Female","Chakma","Government Secondary School","Yes","No","Yes","Partially",4,68.2,75.6,15,15,14.3,11.5,36,46,3.5,5.4,43.9,37.6,1,5,"Good","Moderate","Yes","No","Yes","Does not support",4.9,"Yes - minor barrier",40,6,4
"WGE-0358",2024-11-15,"Rangamati","Kaptai","Household (Parent/Guardian)",38,"Male","Chakma","Government Primary School","Yes","Yes","Yes","Yes",4,69.1,74.4,21,22,11.6,3,47,50,3.1,4.2,41,37,5,2,"Poor","Excellent","Yes","Yes","No","Supports",3.8,"Yes - major barrier",36,7,5
"WGE-0359",2024-10-16,"Khagrachari","Khagrachari Sadar","School Student (Girl)",15,"Female","Marma","NGO-run School","No","Yes","No","Partially",2,82.8,99.2,15,17,10.2,5.2,28,38,4.5,5.6,26.7,24.8,4,4,"Poor","Good","Yes","Yes","Yes","Supports",5.4,"No barrier",39,6,2
"WGE-0360",2024-10-01,"Bandarban","Ruma","Household (Parent/Guardian)",39,"Male","Khumi","Government Primary School","Yes","Yes","Yes","Yes",3,72.4,80.2,16,18,20.2,11.6,37,48,2.8,4.7,39.3,28.2,2,5,"Poor","Excellent","Yes","No","Partially","Neutral",5.6,"Yes - major barrier",33,8,3
"WGE-0361",2024-10-09,"Rangamati","Baghaichhari","Mother Club Member",44,"Female","Bengali","Community Learning Centre","Yes","No","No","Yes",4,66.1,71,14,17,20.5,13.1,15,27,1.4,3.1,60.6,55.2,3,5,"Moderate","Excellent","Yes","Yes","Yes","Neutral",3.4,"Yes - major barrier",84,5,5
"WGE-0362",2024-11-14,"Rangamati","Rajasthali","School Student (Boy)",18,"Male","Bengali","Government Primary School","Yes","Yes","No","Partially",2,80.2,91.1,21,22,17.4,14.4,24,35,6.8,8,49.9,49.1,1,5,"Moderate","Excellent","No","Yes","Yes","Supports",4.5,"Yes - minor barrier",53,12,5
"WGE-0363",2024-10-20,"Bandarban","Bandarban Sadar","Household (Parent/Guardian)",42,"Female","Chakma","Government Primary School","No","Yes","Yes","Partially",3,81.5,87.7,13,14,15,8.1,25,33,1.5,2.7,45.2,43,5,1,"Moderate","Good","Yes","No","Yes","Strongly supports",6.5,"Yes - major barrier",61,12,5
"WGE-0364",2024-11-11,"Rangamati","Rajasthali","Police/Law Enforcement",39,"Male","Tanchangya","NGO-run School","No","No","No","Partially",4,47.4,52.8,13,19,12,6.9,15,27,4,7.5,35.8,31.1,2,5,"Moderate","Excellent","Yes","Yes","Yes","Supports",3.5,"Yes - minor barrier",63,5,4
"WGE-0365",2024-10-25,"Khagrachari","Dighinala","Mother Club Member",39,"Female","Bengali","Government Secondary School","Yes","Yes","Yes","Yes",1,74.3,88.8,20,22,15.6,7.1,50,51,6.2,6.4,18.9,10.6,4,4,"Poor","Excellent","Yes","Yes","Yes","Supports",4.7,"No barrier",64,14,4
"WGE-0366",2024-11-14,"Rangamati","Rajasthali","Household (Parent/Guardian)",47,"Female","Marma","NGO-run School","Yes","No","No","Yes",4,72.6,80.8,18,19,35.2,30.3,37,56,2.6,7.1,38.2,28.4,1,3,"Excellent","Excellent","No","Yes","No","Does not support",1.5,"Yes - major barrier",32,9,5
"WGE-0367",2024-11-16,"Bandarban","Naikhongchhari","School Student (Girl)",13,"Female","Tripura","Government Primary School","Yes","Yes","Yes","Partially",2,66.2,77.4,11,13,13.8,4.7,55,63,5.7,7.3,28.8,24.1,3,5,"Poor","Excellent","Yes","Yes","Yes","Neutral",6.7,"No barrier",78,7,4
"WGE-0368",2024-10-02,"Bandarban","Bandarban Sadar","School Student (Girl)",17,"Female","Marma","NGO-run School","Yes","Yes","No","No",3,66.1,68.6,20,22,26.8,20.1,40,52,5,5.4,17.4,9.1,2,2,"Good","Good","No","Yes","Yes","Supports",0.2,"Yes - major barrier",57,6,5
"WGE-0369",2024-09-29,"Khagrachari","Khagrachari Sadar","School Management Committee (SMC)",24,"Female","Marma","Community Learning Centre","No","Yes","No","Partially",4,63.9,73.3,16,19,30.9,27.7,59,74,4.4,7.4,18.1,5.6,5,4,"Moderate","Good","No","Yes","Partially","Neutral",2.8,"Yes - major barrier",39,11,5
"WGE-0370",2024-10-06,"Bandarban","Lama","Household (Parent/Guardian)",44,"Male","Chakma","Government Primary School","No","Yes","Yes","No",1,67,79.7,16,22,19,12.5,32,37,4.5,5.4,29.7,24.5,3,3,"Moderate","Poor","No","Yes","Partially","Strongly supports",3.3,"Yes - major barrier",39,9,1
"WGE-0371",2024-09-22,"Bandarban","Bandarban Sadar","Household (Parent/Guardian)",29,"Male","Chakma","Government Secondary School","No","No","No","No",3,76.3,83.7,13,16,31.1,24.7,55,59,4.8,5.4,40.2,36.8,2,3,"Moderate","Excellent","No","No","Partially","Supports",4.2,"Yes - minor barrier",49,7,3
"WGE-0372",2024-11-17,"Khagrachari","Khagrachari Sadar","Police/Law Enforcement",42,"Female","Khumi","Government Primary School","No","Yes","No","Partially",3,86,94.5,11,13,24.2,20,22,25,3.5,5,26.6,14.8,3,4,"Excellent","Moderate","Yes","Yes","Partially","Supports",4.6,"No barrier",50,11,3
"WGE-0373",2024-09-17,"Bandarban","Ruma","Household (Parent/Guardian)",58,"Male","Chakma","NGO-run School","Yes","No","No","Yes",4,54.3,63,16,19,24.6,19.5,59,61,0.5,3.6,53.5,44.7,3,4,"Good","Excellent","Yes","Yes","Partially","Strongly supports",3,"No barrier",44,7,4
"WGE-0374",2024-09-30,"Khagrachari","Khagrachari Sadar","School Student (Girl)",13,"Female","Chakma","NGO-run School","No","Yes","Yes","Yes",3,92.2,100,9,12,21.8,17.1,53,60,4.1,5.6,59.4,49,3,4,"Moderate","Excellent","No","Yes","Partially","Strongly supports",2,"Yes - major barrier",35,9,5
"WGE-0375",2024-12-02,"Bandarban","Ruma","School Student (Boy)",17,"Male","Bengali","Madrasa","Yes","No","No","Yes",4,70.7,80.4,9,9,21.3,13.5,40,51,3.6,6.4,36.7,21.4,4,4,"Moderate","Moderate","No","Yes","Yes","Does not support",7.2,"Yes - major barrier",14,4,5
"WGE-0376",2024-10-02,"Rangamati","Kaptai","School Student (Girl)",10,"Female","Marma","Government Primary School","No","Yes","No","No",4,71.5,84,10,14,28.9,16.9,52,65,6.3,8.6,47.8,38.4,2,4,"Moderate","Good","Yes","No","Yes","Strongly supports",4.8,"No barrier",45,9,2
"WGE-0377",2024-11-02,"Khagrachari","Dighinala","School Student (Girl)",16,"Female","Chakma","NGO-run School","No","Yes","No","No",4,85.9,97.9,20,22,18.7,12.4,54,61,2.9,4.1,48.4,36.1,2,4,"Excellent","Excellent","Yes","Yes","No","Does not support",1.3,"Yes - major barrier",62,7,2
"WGE-0378",2024-12-04,"Rangamati","Longadu","School Student (Boy)",14,"Male","Bengali","Government Secondary School","Yes","No","No","Partially",2,63.5,68.9,15,16,14.8,9.4,37,44,3.5,4.9,29.7,18.4,3,4,"Poor","Good","Yes","No","Yes","Neutral",2.1,"No barrier",23,6,4
"WGE-0379",2024-10-27,"Rangamati","Baghaichhari","Household (Parent/Guardian)",42,"Male","Bengali","Madrasa","No","No","No","Partially",3,66.5,72.4,21,22,18.8,12.2,36,47,3.2,4.9,30.6,18.9,1,4,"Good","Good","Yes","Yes","Yes","Supports",3.2,"No barrier",66,3,2
"WGE-0380",2024-10-13,"Rangamati","Naniarchar","School Student (Boy)",18,"Male","Marma","Government Primary School","Yes","Yes","Yes","Yes",2,67.8,77.5,20,22,34.4,31,50,57,5.7,7.8,47.6,40.4,2,4,"Good","Moderate","Yes","Yes","Yes","Strongly supports",6.5,"Yes - major barrier",65,2,4
"WGE-0381",2024-09-15,"Bandarban","Rowangchhari","School Student (Boy)",16,"Male","Chakma","Government Primary School","Yes","Yes","No","Partially",2,71.8,78.7,22,22,16.6,10,59,69,2.1,3.5,29.4,18.9,3,2,"Moderate","Good","Yes","Yes","Yes","Strongly supports",2.1,"No barrier",25,5,5
"WGE-0382",2024-10-17,"Bandarban","Ruma","Teacher",59,"Male","Chak","NGO-run School","Yes","No","Yes","No",2,89.4,96.5,15,19,31.6,27.9,55,59,4.7,5.8,23.5,10.5,1,4,"Moderate","Excellent","Yes","Yes","Partially","Supports",2.2,"No barrier",44,8,4
"WGE-0383",2024-11-24,"Rangamati","Rajasthali","School Management Committee (SMC)",62,"Female","Chakma","Government Secondary School","Yes","No","No","No",4,85.8,100,16,17,6.8,5.4,37,53,4.1,6,43.1,38.5,1,3,"Moderate","Good","Yes","No","No","Does not support",1.3,"No barrier",48,7,3
"WGE-0384",2024-12-05,"Khagrachari","Dighinala","Teacher",53,"Female","Marma","NGO-run School","No","No","Yes","No",2,72.5,85.3,15,18,23.3,20.7,36,39,3.7,5.3,54.4,54,4,4,"Poor","Good","Yes","Yes","Yes","Does not support",2.7,"Yes - major barrier",26,3,3
"WGE-0385",2024-10-29,"Bandarban","Lama","School Student (Girl)",12,"Female","Marma","Government Primary School","Yes","Yes","No","Yes",3,67.6,79.7,15,16,22.8,15.2,32,43,4.3,6.6,46.9,34.4,2,4,"Excellent","Good","Yes","Yes","No","Supports",3.3,"Yes - major barrier",62,8,3
"WGE-0386",2024-11-30,"Khagrachari","Mahalchhari","Household (Parent/Guardian)",49,"Female","Chakma","Government Primary School","No","Yes","No","No",2,77.2,84.9,15,17,20.7,15,68,74,4.5,5.1,37.7,29.8,4,3,"Good","Good","No","No","Yes","Supports",3.2,"No barrier",24,4,1
"WGE-0387",2024-11-06,"Khagrachari","Ramgarh","School Management Committee (SMC)",52,"Female","Khumi","NGO-run School","No","Yes","No","No",4,74.2,85.3,12,16,0,0,44,65,3.2,5.8,35.7,27.8,2,4,"Good","Moderate","No","Yes","Yes","Supports",3.4,"Yes - minor barrier",50,11,5
"WGE-0388",2024-11-02,"Rangamati","Kaptai","Police/Law Enforcement",39,"Female","Tripura","Government Secondary School","Yes","Yes","Yes","No",4,62.6,72.9,17,19,10.4,7.9,35,53,2.1,4.6,32.3,23.2,4,4,"Excellent","Good","No","Yes","Partially","Supports",1.1,"Yes - minor barrier",54,4,4
"WGE-0389",2024-09-30,"Rangamati","Kaptai","Household (Parent/Guardian)",37,"Female","Bengali","NGO-run School","Yes","No","Yes","Yes",4,74.2,85.7,13,16,11.5,7.5,59,66,3,6.6,55.1,46,1,5,"Excellent","Excellent","Yes","Yes","Partially","Neutral",7,"Yes - major barrier",70,6,4
"WGE-0390",2024-09-24,"Khagrachari","Mahalchhari","School Student (Girl)",15,"Female","Bengali","Government Secondary School","No","Yes","No","Partially",3,68.8,77.6,10,11,20.8,11.6,57,52,4.4,6.2,43.7,34.2,3,5,"Good","Moderate","Yes","Yes","Yes","Neutral",2.4,"No barrier",89,15,4
"WGE-0391",2024-11-21,"Bandarban","Bandarban Sadar","Household (Parent/Guardian)",38,"Male","Tripura","Government Secondary School","No","No","No","No",3,87.8,100,16,18,14.1,12.6,45,54,4.7,6.7,49.3,41.6,4,5,"Moderate","Good","Yes","Yes","No","Supports",1.4,"No barrier",52,6,3
"WGE-0392",2024-11-19,"Bandarban","Rowangchhari","Teacher",36,"Female","Chakma","Government Secondary School","No","No","Yes","Yes",3,92.2,100,16,20,18.1,18.5,52,62,2.6,3,56.4,53.4,1,3,"Poor","Poor","Yes","No","Yes","Neutral",1,"No barrier",29,10,3
"WGE-0393",2024-10-22,"Rangamati","Rajasthali","Mother Club Member",27,"Female","Marma","NGO-run School","Yes","Yes","Yes","No",3,55.4,65.9,18,20,16.1,10.2,21,31,4.2,6.2,61.9,51.4,1,4,"Moderate","Moderate","Yes","Yes","Partially","Supports",1.2,"No barrier",72,11,5
"WGE-0394",2024-11-04,"Rangamati","Longadu","School Student (Girl)",17,"Female","Bawm","Madrasa","Yes","Yes","No","Partially",4,100,100,13,16,10.6,4.3,26,40,0,3.5,26.7,16.6,3,2,"Poor","Good","No","Yes","Partially","Does not support",5.9,"Yes - major barrier",38,8,5
"WGE-0395",2024-10-12,"Rangamati","Baghaichhari","School Student (Boy)",13,"Male","Chakma","NGO-run School","Yes","No","Yes","Partially",3,86.5,86.2,16,19,8.4,2,66,73,2,3.5,44.6,39.5,2,4,"Excellent","Poor","Yes","Yes","Yes","Strongly supports",5.3,"Yes - minor barrier",19,10,5
"WGE-0396",2024-10-23,"Khagrachari","Panchhari","School Student (Boy)",11,"Male","Marma","Community Learning Centre","No","Yes","Yes","Partially",2,76.5,88.4,14,16,18.2,11,30,35,4.5,5,47.6,38.4,1,2,"Good","Excellent","Yes","No","Partially","Supports",2.7,"Yes - minor barrier",10,7,4
"WGE-0397",2024-09-09,"Rangamati","Kaptai","Reproductive Health Community Worker (RHCW)",42,"Female","Marma","Government Primary School","Yes","No","No","Yes",3,52.2,72.4,14,17,16.3,10.6,34,42,1.6,3.8,24.4,17.7,3,5,"Good","Excellent","No","Yes","Partially","Supports",4.2,"Yes - minor barrier",67,8,3
"WGE-0398",2024-11-10,"Bandarban","Bandarban Sadar","School Student (Girl)",10,"Female","Marma","Government Primary School","Yes","Yes","No","Yes",3,74.8,86.5,19,20,13.9,4.5,53,59,6.3,9.3,44.8,38.2,1,4,"Moderate","Good","No","No","Yes","Strongly supports",5.3,"No barrier",39,12,3
"WGE-0399",2024-11-20,"Khagrachari","Khagrachari Sadar","Community Stakeholder",44,"Female","Chakma","Madrasa","Yes","No","No","Partially",1,60.2,72.6,13,17,29.5,27.7,57,58,5.1,5.4,44.2,34.6,5,2,"Moderate","Excellent","Yes","Yes","Partially","Does not support",3.8,"Yes - minor barrier",48,8,5
"WGE-0400",2024-11-22,"Rangamati","Rajasthali","School Student (Girl)",15,"Female","Tripura","Government Primary School","No","No","Yes","Partially",1,63.4,77.6,20,21,3.9,0,79,84,2.7,3.1,61.6,47.7,3,3,"Excellent","Excellent","Yes","Yes","Partially","Supports",2.3,"Yes - major barrier",43,13,4
"WGE-0401",2024-11-30,"Rangamati","Kaptai","Household (Parent/Guardian)",60,"Male","Chakma","Government Secondary School","Yes","Yes","No","No",2,85.1,88.1,16,17,11.7,2.9,60,58,2.8,3.8,42,28.1,1,5,"Excellent","Good","No","Yes","Partially","Neutral",1.5,"No barrier",64,10,3
"WGE-0402",2024-10-21,"Khagrachari","Dighinala","School Student (Girl)",18,"Female","Chakma","Government Secondary School","Yes","No","No","No",3,79.9,82.6,15,18,21.3,21.7,19,28,8,10,51,46.5,2,4,"Excellent","Moderate","Yes","No","Partially","Does not support",6.7,"No barrier",92,9,3
"WGE-0403",2024-09-15,"Khagrachari","Dighinala","School Student (Girl)",13,"Female","Khumi","NGO-run School","Yes","Yes","Yes","No",2,81.4,81.8,13,16,23,17.5,58,62,5.8,6.5,36.5,26.6,1,1,"Good","Good","Yes","Yes","Partially","Neutral",4.9,"No barrier",45,9,5
"WGE-0404",2024-09-29,"Rangamati","Rajasthali","Household (Parent/Guardian)",48,"Female","Chakma","Madrasa","No","No","Yes","No",4,86.2,95.7,16,18,22.7,18.9,49,54,4.9,7.9,59,56.5,1,4,"Excellent","Moderate","No","Yes","Partially","Supports",5,"No barrier",23,5,4
"WGE-0405",2024-12-05,"Khagrachari","Khagrachari Sadar","Household (Parent/Guardian)",27,"Male","Murung","NGO-run School","No","Yes","No","No",3,81.9,97.1,11,13,20.9,12.5,63,78,3,5.5,40,28.2,1,2,"Poor","Moderate","Yes","No","Yes","Neutral",5.3,"No barrier",39,8,3
"WGE-0406",2024-09-20,"Rangamati","Rajasthali","Reproductive Health Community Worker (RHCW)",29,"Female","Chakma","NGO-run School","Yes","No","No","Partially",3,90.3,100,20,21,24.1,24.8,52,66,2,3.7,31.7,23.8,1,3,"Good","Excellent","No","No","Partially","Neutral",3.8,"Yes - major barrier",32,3,4
"WGE-0407",2024-09-10,"Rangamati","Naniarchar","Household (Parent/Guardian)",55,"Male","Marma","Government Primary School","Yes","Yes","Yes","Yes",1,86.6,86.6,22,22,21.9,15.8,35,39,2.7,3.4,46.2,36.6,1,3,"Moderate","Good","Yes","No","Yes","Supports",1.5,"No barrier",57,2,3
"WGE-0408",2024-09-11,"Khagrachari","Khagrachari Sadar","Reproductive Health Community Worker (RHCW)",39,"Female","Tanchangya","Community Learning Centre","Yes","No","Yes","Yes",2,85.3,94.9,14,17,28.2,22.8,21,30,4.2,5.8,46.1,38.2,3,4,"Moderate","Excellent","Yes","Yes","Yes","Neutral",4.6,"Yes - minor barrier",57,10,3
"WGE-0409",2024-11-27,"Khagrachari","Dighinala","School Student (Boy)",16,"Male","Tripura","Government Primary School","Yes","Yes","Yes","Yes",3,74.8,83.2,16,17,22.2,12.7,57,66,3.8,5.3,59.5,49.3,2,4,"Moderate","Good","No","Yes","No","Strongly supports",3.2,"Yes - minor barrier",32,10,5
"WGE-0410",2024-11-16,"Bandarban","Ruma","School Student (Girl)",15,"Female","Bengali","Government Secondary School","No","Yes","No","Partially",3,69.2,76.4,16,19,38.8,30.5,57,69,0,1.3,59.7,52.8,3,5,"Moderate","Excellent","Yes","No","Partially","Does not support",1.5,"Yes - minor barrier",60,7,2
"WGE-0411",2024-11-28,"Bandarban","Naikhongchhari","School Student (Girl)",10,"Female","Chakma","Government Secondary School","Yes","No","No","Yes",2,81.9,92,19,22,10,3,40,45,5.1,7.5,37.6,37.1,5,5,"Good","Excellent","Yes","Yes","Partially","Supports",3.1,"Yes - major barrier",54,2,4
"WGE-0412",2024-11-28,"Khagrachari","Khagrachari Sadar","School Student (Girl)",14,"Female","Murung","Government Primary School","Yes","No","No","Yes",3,49.2,62.3,21,22,29.4,26.2,32,44,3.4,5.6,45.9,43.6,1,3,"Good","Good","Yes","No","No","Does not support",7.6,"No barrier",59,9,4
"WGE-0413",2024-09-10,"Rangamati","Baghaichhari","School Student (Girl)",15,"Female","Chakma","Government Secondary School","No","Yes","Yes","Yes",1,74,85.7,20,22,28.4,25.1,40,44,4.7,5.1,34.6,24.5,2,3,"Moderate","Good","Yes","Yes","Yes","Supports",2.9,"No barrier",66,5,4
"WGE-0414",2024-11-24,"Khagrachari","Ramgarh","School Student (Boy)",15,"Male","Bengali","Government Secondary School","No","No","Yes","No",1,57,74.4,12,14,21.5,18.5,68,70,4,4.4,54.3,40.3,2,4,"Poor","Good","Yes","No","Partially","Does not support",1.8,"Yes - major barrier",26,10,4
"WGE-0415",2024-09-19,"Rangamati","Naniarchar","Household (Parent/Guardian)",56,"Male","Marma","Government Primary School","Yes","Yes","Yes","Partially",3,76.5,83,19,20,13,7.6,43,58,1.8,3.6,47.7,34.9,3,3,"Moderate","Excellent","Yes","Yes","No","Neutral",3.5,"Yes - minor barrier",46,7,3
"WGE-0416",2024-11-24,"Rangamati","Longadu","School Student (Girl)",11,"Female","Tanchangya","Government Primary School","Yes","Yes","Yes","Yes",1,63.4,71,15,15,4.5,0,43,46,2,2.5,29.4,15,2,4,"Moderate","Good","Yes","No","Yes","Supports",4.5,"Yes - minor barrier",59,12,2
"WGE-0417",2024-10-22,"Khagrachari","Mahalchhari","Household (Parent/Guardian)",42,"Female","Tripura","Community Learning Centre","Yes","No","No","No",3,81.5,89.7,20,22,13.3,8.8,51,66,3.6,4.9,13.6,2.8,5,4,"Moderate","Moderate","No","Yes","Partially","Supports",4.2,"Yes - major barrier",63,6,4
"WGE-0418",2024-10-10,"Rangamati","Longadu","School Student (Girl)",18,"Female","Chakma","Madrasa","No","Yes","No","Yes",3,71.6,86,16,17,18.8,10,35,45,4.7,6.2,47.1,31.5,4,4,"Moderate","Poor","No","Yes","No","Supports",3.3,"Yes - minor barrier",75,17,5
"WGE-0419",2024-09-28,"Bandarban","Ruma","School Student (Girl)",11,"Female","Chakma","NGO-run School","Yes","No","Yes","Yes",2,81.6,92.9,15,17,15.6,16.3,40,48,1.7,2.8,41.5,32.9,3,5,"Moderate","Moderate","Yes","Yes","Yes","Strongly supports",4,"Yes - minor barrier",65,5,4
"WGE-0420",2024-10-22,"Khagrachari","Panchhari","School Student (Girl)",11,"Female","Tanchangya","Community Learning Centre","No","Yes","No","Yes",2,76.5,89.4,16,20,24.4,19.7,47,57,3.9,5,32.8,26.3,4,5,"Good","Poor","No","No","No","Neutral",2.9,"Yes - major barrier",49,9,4
"WGE-0421",2024-10-22,"Rangamati","Baghaichhari","Household (Parent/Guardian)",27,"Male","Chak","Government Primary School","Yes","Yes","No","Yes",3,92.9,100,16,18,24.5,17.3,46,57,3.5,4.6,32.9,29.4,5,5,"Poor","Good","Yes","No","Partially","Strongly supports",7.4,"No barrier",46,9,5
"WGE-0422",2024-11-18,"Rangamati","Rajasthali","School Student (Boy)",10,"Male","Tanchangya","Government Primary School","No","No","No","Partially",3,56.1,71.6,14,18,20.5,11.8,46,59,6.8,8.4,31.8,28.5,4,5,"Excellent","Good","No","Yes","Yes","Does not support",3.7,"No barrier",44,11,4
"WGE-0423",2024-10-07,"Bandarban","Naikhongchhari","Community Stakeholder",55,"Male","Marma","Government Secondary School","Yes","Yes","No","Partially",2,73,74.1,13,14,12.2,5.2,51,56,1.9,2.8,59.9,51.8,4,5,"Moderate","Excellent","Yes","Yes","No","Neutral",3.8,"Yes - minor barrier",81,13,4
"WGE-0424",2024-11-24,"Khagrachari","Dighinala","Police/Law Enforcement",40,"Male","Marma","NGO-run School","Yes","Yes","Yes","Partially",2,61.7,75.8,10,13,8.4,1.5,47,55,1.9,2.3,57,44.2,3,4,"Poor","Excellent","Yes","Yes","Partially","Neutral",4.3,"No barrier",22,8,5
"WGE-0425",2024-11-06,"Rangamati","Kaptai","Household (Parent/Guardian)",47,"Male","Tanchangya","Government Secondary School","No","No","No","Yes",4,59.5,68.1,22,22,16.1,13.5,36,43,3.1,5.9,60.7,53.7,4,3,"Poor","Good","Yes","Yes","Yes","Neutral",2.9,"No barrier",58,14,3
"WGE-0426",2024-11-22,"Rangamati","Kaptai","School Management Committee (SMC)",57,"Female","Chakma","Government Primary School","Yes","No","Yes","Yes",1,74.9,90.9,10,11,20.7,16.9,33,36,7.9,8.8,14.5,4.2,3,2,"Good","Excellent","No","Yes","Yes","Supports",4.3,"No barrier",68,8,4
"WGE-0427",2024-11-03,"Khagrachari","Khagrachari Sadar","School Student (Girl)",11,"Female","Murung","Government Primary School","Yes","No","No","Yes",3,71,81,16,20,10.2,3.8,67,80,3.3,4.7,32.2,23.2,2,5,"Good","Moderate","No","Yes","No","Strongly supports",2.5,"No barrier",65,8,2
"WGE-0428",2024-09-27,"Khagrachari","Khagrachari Sadar","Reproductive Health Community Worker (RHCW)",24,"Female","Marma","Government Secondary School","Yes","Yes","Yes","Yes",2,85.2,98.4,14,16,22.8,17.2,42,47,2.7,3.7,57.1,48.3,2,3,"Moderate","Poor","Yes","No","Yes","Supports",3.4,"Yes - major barrier",51,8,4
"WGE-0429",2024-11-06,"Khagrachari","Mahalchhari","School Student (Girl)",13,"Female","Chakma","Government Primary School","Yes","No","No","No",3,76.8,93.6,18,21,14.1,5.4,58,67,4.9,7.6,38.6,33.5,2,5,"Moderate","Moderate","No","Yes","Partially","Does not support",0.2,"Yes - minor barrier",53,9,5
"WGE-0430",2024-11-16,"Bandarban","Naikhongchhari","Household (Parent/Guardian)",52,"Female","Marma","NGO-run School","No","Yes","Yes","Yes",4,78.6,82.9,13,15,25.7,24.1,42,60,6.3,7.1,17,11.6,3,5,"Poor","Good","Yes","No","Yes","Strongly supports",4,"Yes - minor barrier",54,13,4
"WGE-0431",2024-09-29,"Bandarban","Naikhongchhari","School Student (Boy)",17,"Male","Chakma","NGO-run School","Yes","Yes","Yes","Yes",1,57.2,66,18,22,27.6,24.5,38,41,1.7,2.4,32.3,22.6,3,5,"Excellent","Moderate","No","Yes","Partially","Neutral",4.3,"Yes - major barrier",53,9,5
"WGE-0432",2024-11-27,"Rangamati","Rajasthali","School Student (Girl)",10,"Female","Chakma","Community Learning Centre","Yes","Yes","Yes","Yes",3,68.2,69.3,14,17,9.5,6.2,65,80,2.8,4.6,40.7,31.1,4,3,"Good","Excellent","Yes","Yes","Partially","Strongly supports",4.6,"Yes - minor barrier",43,8,5
"WGE-0433",2024-10-07,"Bandarban","Ruma","Community Stakeholder",33,"Male","Marma","Government Secondary School","No","Yes","No","Yes",3,73.4,87.1,15,16,25.8,14.6,51,61,0.4,2.4,27.8,17.5,3,4,"Excellent","Good","Yes","Yes","Partially","Supports",3.5,"No barrier",44,7,2
"WGE-0434",2024-11-27,"Rangamati","Baghaichhari","Household (Parent/Guardian)",36,"Female","Chakma","Government Secondary School","No","No","Yes","No",1,78.9,91.9,21,22,19.9,6.7,31,35,2.2,2.8,51.7,43,1,4,"Good","Excellent","No","Yes","Yes","Does not support",2.5,"Yes - minor barrier",31,7,4
"WGE-0435",2024-09-03,"Bandarban","Rowangchhari","Teacher",37,"Female","Chak","Government Secondary School","No","No","No","Partially",4,66.8,76.3,16,18,18.1,14,50,52,3.6,5.6,58.5,45.8,3,1,"Excellent","Good","No","Yes","Yes","Neutral",4.6,"No barrier",50,8,2
"WGE-0436",2024-11-14,"Khagrachari","Panchhari","School Student (Boy)",14,"Male","Chakma","Government Primary School","Yes","Yes","No","No",4,75.2,85.1,22,22,16,5.5,54,64,4,6.2,20.5,14.1,1,1,"Good","Good","No","No","Partially","Supports",2.8,"No barrier",58,8,1
"WGE-0437",2024-10-09,"Bandarban","Naikhongchhari","School Student (Girl)",16,"Female","Tripura","NGO-run School","Yes","No","Yes","No",4,87.5,94.8,16,20,6.9,3.6,43,59,4.6,6.9,32.1,23.6,1,3,"Poor","Good","No","Yes","Partially","Strongly supports",0.9,"No barrier",36,8,5
"WGE-0438",2024-10-23,"Khagrachari","Mahalchhari","Mother Club Member",29,"Female","Chakma","Government Secondary School","No","No","Yes","No",3,79,87.5,15,18,11.2,2.3,61,77,5.3,7.2,52.4,39.8,4,2,"Good","Moderate","Yes","Yes","Partially","Strongly supports",3.6,"Yes - minor barrier",59,11,3
"WGE-0439",2024-11-11,"Bandarban","Rowangchhari","Household (Parent/Guardian)",28,"Female","Marma","NGO-run School","Yes","No","No","No",1,73,81.9,15,19,15.1,7.2,37,40,2.5,3.1,40.7,30.9,3,3,"Good","Excellent","Yes","No","Yes","Strongly supports",0.6,"Yes - major barrier",33,8,5
"WGE-0440",2024-09-29,"Rangamati","Kaptai","School Student (Girl)",14,"Female","Murung","Madrasa","Yes","Yes","No","No",1,75.7,89.5,21,22,13.3,13.6,55,61,3.7,4,64.5,56.9,2,5,"Poor","Good","Yes","No","Partially","Neutral",3.6,"Yes - minor barrier",39,3,5
"WGE-0441",2024-09-18,"Khagrachari","Ramgarh","School Student (Girl)",14,"Female","Tripura","Government Primary School","Yes","Yes","Yes","No",1,54.2,69.5,11,14,18.5,14.7,24,28,4.7,5.9,19.4,12.7,2,4,"Good","Excellent","Yes","No","No","Strongly supports",1.6,"No barrier",72,12,4
"WGE-0442",2024-11-18,"Rangamati","Rajasthali","Mother Club Member",34,"Female","Tripura","Madrasa","Yes","Yes","Yes","Yes",2,52.3,62.1,15,18,9.5,0,51,61,6,7.7,73.1,63.5,2,3,"Moderate","Good","Yes","Yes","Yes","Neutral",5.3,"Yes - minor barrier",48,5,5
"WGE-0443",2024-10-21,"Rangamati","Baghaichhari","School Student (Girl)",13,"Female","Marma","Government Primary School","No","No","Yes","Yes",1,68.2,83.1,22,22,16.6,5.5,44,48,3.4,4.1,32.7,18.2,2,2,"Moderate","Excellent","No","Yes","Yes","Supports",0.9,"Yes - minor barrier",40,6,5
"WGE-0444",2024-11-28,"Rangamati","Baghaichhari","School Student (Girl)",10,"Female","Bengali","Community Learning Centre","Yes","Yes","No","Partially",3,65.9,80.6,15,16,24.6,20.2,63,73,2.7,4.3,53.1,42.5,3,3,"Moderate","Excellent","Yes","Yes","No","Does not support",3.2,"Yes - minor barrier",53,6,3
"WGE-0445",2024-11-24,"Rangamati","Baghaichhari","School Student (Boy)",17,"Male","Tanchangya","Government Secondary School","No","Yes","No","Yes",2,81.6,90.9,16,20,22.3,14.9,55,57,5.8,7.2,38,27.4,2,5,"Good","Excellent","Yes","Yes","Partially","Does not support",2.3,"Yes - minor barrier",45,8,4
"WGE-0446",2024-10-10,"Khagrachari","Mahalchhari","Mother Club Member",35,"Female","Marma","Government Secondary School","No","Yes","No","Yes",2,77.6,84.8,15,17,28.1,22.8,26,28,6,7.4,46,39.6,2,4,"Poor","Good","Yes","Yes","Partially","Neutral",2,"No barrier",47,6,3
"WGE-0447",2024-11-29,"Rangamati","Naniarchar","Police/Law Enforcement",38,"Male","Chak","Government Primary School","No","No","No","Partially",3,60.4,66.1,20,21,11.3,0.5,21,32,4,5.8,71.3,62.5,3,5,"Moderate","Moderate","Yes","Yes","Partially","Neutral",3.7,"Yes - minor barrier",34,8,5
"WGE-0448",2024-10-07,"Khagrachari","Mahalchhari","Community Stakeholder",41,"Male","Marma","Madrasa","Yes","Yes","Yes","No",3,67.1,79.1,15,15,17.6,16.6,65,75,4.7,7.1,42,34.1,3,4,"Good","Good","No","Yes","Yes","Supports",1,"Yes - minor barrier",30,9,3
"WGE-0449",2024-09-16,"Khagrachari","Ramgarh","School Management Committee (SMC)",47,"Female","Murung","Madrasa","Yes","Yes","No","No",3,70.2,80.5,17,19,9.8,4.9,34,39,1.9,3.2,57.5,49,3,5,"Moderate","Good","Yes","Yes","Yes","Neutral",4.1,"Yes - minor barrier",14,5,5
"WGE-0450",2024-09-29,"Rangamati","Rajasthali","School Student (Girl)",13,"Female","Bengali","Government Secondary School","Yes","Yes","Yes","Yes",2,77.1,85,13,15,23.1,13,35,42,4.5,5.7,25.6,15.7,3,4,"Good","Good","No","Yes","Partially","Strongly supports",5.1,"Yes - minor barrier",54,9,4
"WGE-0451",2024-10-03,"Bandarban","Naikhongchhari","School Student (Girl)",14,"Female","Tanchangya","Government Primary School","Yes","No","No","Yes",1,68.4,80.7,12,13,22.7,11.5,66,67,3.9,4.2,10,4.6,3,3,"Moderate","Poor","Yes","No","Yes","Strongly supports",2.8,"No barrier",82,11,5
"WGE-0452",2024-10-20,"Khagrachari","Panchhari","Reproductive Health Community Worker (RHCW)",31,"Female","Tripura","Government Primary School","No","No","No","No",3,77.2,90.6,17,19,13.3,4.9,55,67,6.6,8.9,53.4,44.6,2,5,"Good","Poor","Yes","Yes","No","Does not support",5.3,"Yes - minor barrier",16,8,3
"WGE-0453",2024-11-29,"Rangamati","Longadu","Teacher",42,"Male","Chak","Government Primary School","Yes","Yes","No","Partially",1,58.5,62,18,20,23.2,17.9,51,54,3.2,3.7,45,31.2,2,4,"Moderate","Moderate","Yes","No","Yes","Supports",1,"Yes - minor barrier",64,8,4
"WGE-0454",2024-11-24,"Bandarban","Naikhongchhari","Household (Parent/Guardian)",35,"Male","Bengali","Government Secondary School","Yes","No","No","Yes",2,67.2,78,18,21,14,4.1,64,66,7.7,7.8,42.1,33.7,4,5,"Poor","Excellent","Yes","Yes","Partially","Does not support",2.4,"No barrier",58,1,5
"WGE-0455",2024-09-16,"Rangamati","Naniarchar","Teacher",34,"Female","Chakma","Government Primary School","Yes","No","Yes","Partially",2,88.8,95.6,14,16,32.2,27.8,58,64,2.9,3.2,55.7,48.6,3,4,"Moderate","Moderate","No","Yes","Yes","Supports",3.9,"No barrier",29,7,5
"WGE-0456",2024-10-13,"Khagrachari","Mahalchhari","Reproductive Health Community Worker (RHCW)",28,"Female","Tripura","Government Primary School","Yes","No","No","Partially",4,76,88.2,12,15,26.9,25.7,59,66,2.6,5.1,39.2,30.5,3,4,"Moderate","Excellent","No","No","Partially","Strongly supports",1.6,"No barrier",56,1,3
"WGE-0457",2024-10-05,"Khagrachari","Panchhari","Reproductive Health Community Worker (RHCW)",27,"Female","Chakma","Government Secondary School","Yes","No","No","No",2,71.9,84,14,16,17,13.3,68,73,2.9,3.7,51.7,44.2,2,3,"Moderate","Excellent","Yes","Yes","Partially","Supports",3.8,"Yes - minor barrier",49,9,4
"WGE-0458",2024-11-28,"Bandarban","Rowangchhari","Police/Law Enforcement",41,"Female","Chakma","Government Secondary School","No","Yes","No","Yes",3,56.7,61.5,14,17,10.5,2.1,60,68,4.3,5.6,34.3,30.3,4,4,"Good","Moderate","Yes","No","Yes","Supports",2.6,"Yes - major barrier",48,8,4
"WGE-0459",2024-10-13,"Bandarban","Lama","Teacher",24,"Female","Chakma","NGO-run School","Yes","No","No","No",2,62.2,66.7,17,18,19.3,16.6,45,53,4,5.2,31.9,23.5,2,4,"Poor","Excellent","No","No","Yes","Strongly supports",3,"No barrier",36,7,4
"WGE-0460",2024-09-25,"Bandarban","Rowangchhari","School Management Committee (SMC)",64,"Female","Bawm","Government Primary School","No","No","No","Partially",2,63.7,71.5,13,16,7.8,4.4,42,45,3.9,4.9,42,33.1,4,4,"Moderate","Moderate","Yes","No","Partially","Supports",2.9,"Yes - major barrier",33,6,5
"WGE-0461",2024-11-08,"Khagrachari","Khagrachari Sadar","School Management Committee (SMC)",34,"Male","Marma","Government Primary School","Yes","No","Yes","Yes",4,67.5,83.9,14,18,22.5,15.4,43,53,2.6,3.2,19,11.8,4,5,"Good","Excellent","Yes","Yes","Partially","Supports",1.3,"Yes - minor barrier",53,5,5
"WGE-0462",2024-10-13,"Bandarban","Bandarban Sadar","School Student (Boy)",14,"Male","Chakma","Madrasa","Yes","No","No","Partially",3,70.7,81.2,20,22,25.6,18.9,63,77,1.4,5.3,39,30,2,4,"Good","Good","Yes","Yes","Yes","Supports",2.1,"No barrier",77,9,4
"WGE-0463",2024-10-11,"Khagrachari","Mahalchhari","School Student (Girl)",10,"Female","Marma","Community Learning Centre","Yes","No","No","No",4,72.4,73.5,17,18,12.2,7.5,84,96,6.2,7.4,20.2,22.2,4,2,"Moderate","Excellent","Yes","Yes","No","Supports",3.8,"No barrier",62,12,5
"WGE-0464",2024-10-08,"Rangamati","Longadu","Police/Law Enforcement",26,"Female","Chakma","Government Primary School","No","Yes","Yes","Partially",2,72.3,78.9,14,18,16.5,17.6,34,39,5.9,6.3,38.4,27.9,4,4,"Poor","Excellent","No","Yes","Yes","Supports",2.4,"No barrier",57,4,4
"WGE-0465",2024-09-14,"Khagrachari","Dighinala","Reproductive Health Community Worker (RHCW)",29,"Female","Tanchangya","Community Learning Centre","No","Yes","No","Yes",4,77.3,89.8,19,22,14.9,6.9,46,48,4.8,6.4,35.7,31.1,4,3,"Good","Good","No","No","Yes","Strongly supports",0.2,"Yes - minor barrier",52,13,5
"WGE-0466",2024-12-03,"Khagrachari","Mahalchhari","School Student (Girl)",14,"Female","Chakma","Community Learning Centre","No","Yes","Yes","Partially",2,83.4,89.1,17,20,15.8,14.7,49,51,3,3.9,34.2,25.1,2,4,"Poor","Good","No","No","Yes","Supports",0.2,"Yes - minor barrier",54,5,2
"WGE-0467",2024-10-29,"Khagrachari","Mahalchhari","Household (Parent/Guardian)",35,"Female","Marma","Government Primary School","Yes","No","No","No",3,99.7,100,16,19,25.8,22.7,56,63,6.4,8.1,23.8,8.8,2,5,"Excellent","Good","Yes","Yes","No","Strongly supports",2,"Yes - minor barrier",41,8,1
"WGE-0468",2024-10-22,"Rangamati","Rajasthali","Reproductive Health Community Worker (RHCW)",35,"Female","Pangkhua","Community Learning Centre","No","Yes","Yes","No",2,79.8,86.5,15,18,18.8,7.6,25,33,3.9,4.6,34.4,27.6,2,2,"Good","Excellent","Yes","Yes","No","Supports",5.8,"Yes - major barrier",58,13,4
"WGE-0469",2024-09-28,"Rangamati","Longadu","Household (Parent/Guardian)",51,"Female","Marma","Community Learning Centre","Yes","No","Yes","Partially",3,71.4,75.8,19,22,13.3,10.9,52,63,4.1,4.9,51.8,41.2,1,4,"Excellent","Good","No","Yes","Yes","Neutral",5.1,"Yes - major barrier",70,8,5
"WGE-0470",2024-12-01,"Khagrachari","Khagrachari Sadar","Household (Parent/Guardian)",65,"Male","Marma","NGO-run School","No","No","No","Yes",3,52.8,63.8,18,19,7.9,0,49,59,5.7,8.6,36.2,31.6,2,4,"Poor","Good","Yes","No","No","Strongly supports",5.2,"Yes - minor barrier",10,6,5
"WGE-0471",2024-09-26,"Bandarban","Naikhongchhari","Mother Club Member",32,"Female","Marma","Government Primary School","Yes","Yes","No","No",3,79.9,85.7,18,22,21.4,11.5,29,46,5.7,7.9,45.9,32.8,3,3,"Moderate","Moderate","Yes","Yes","No","Strongly supports",1.8,"Yes - major barrier",62,10,5
"WGE-0472",2024-11-08,"Khagrachari","Ramgarh","Teacher",39,"Male","Tripura","Government Secondary School","No","No","Yes","Yes",2,92.6,100,14,18,27.8,23.3,48,59,4.2,5.7,37.2,22.4,5,3,"Poor","Moderate","Yes","Yes","No","Supports",3.5,"No barrier",73,5,4
"WGE-0473",2024-12-03,"Rangamati","Baghaichhari","Police/Law Enforcement",46,"Male","Tripura","Government Secondary School","Yes","No","Yes","No",2,84.1,95.4,18,22,3.8,2.2,65,71,2.2,3.4,39.8,30.3,4,5,"Good","Excellent","Yes","No","Yes","Does not support",3.6,"Yes - minor barrier",78,7,3
"WGE-0474",2024-11-15,"Rangamati","Naniarchar","School Student (Girl)",15,"Female","Chakma","Government Secondary School","Yes","No","No","Yes",2,77.5,91.7,11,14,9.1,5.1,52,61,5.4,7.2,28.5,25.3,2,4,"Good","Excellent","Yes","Yes","Yes","Strongly supports",1.9,"Yes - major barrier",67,11,4
"WGE-0475",2024-09-15,"Bandarban","Lama","Teacher",54,"Female","Tripura","Government Secondary School","No","No","Yes","Yes",2,87.3,90.5,15,17,20.9,20.4,52,58,5.8,7.1,49,43.5,1,3,"Moderate","Excellent","No","Yes","Yes","Does not support",2.7,"No barrier",42,5,4
"WGE-0476",2024-09-18,"Bandarban","Bandarban Sadar","Police/Law Enforcement",25,"Male","Bawm","Government Secondary School","Yes","Yes","Yes","Yes",3,76,84.8,19,22,25.5,19.4,39,51,3,4,43.5,32.3,2,3,"Good","Moderate","Yes","No","No","Strongly supports",6.7,"Yes - major barrier",33,14,4
"WGE-0477",2024-10-18,"Khagrachari","Khagrachari Sadar","Reproductive Health Community Worker (RHCW)",31,"Female","Chakma","Government Primary School","Yes","No","Yes","Partially",3,66.7,74.1,21,22,22.5,19.4,18,25,3.5,5.2,43.8,35.1,5,4,"Moderate","Good","No","No","Yes","Supports",4.9,"Yes - minor barrier",64,8,4
"WGE-0478",2024-10-31,"Rangamati","Naniarchar","School Student (Girl)",16,"Female","Chakma","Government Secondary School","No","No","Yes","Yes",2,58,68.8,18,20,31.4,26.1,39,48,4.2,5,22.7,7.8,3,5,"Good","Excellent","Yes","No","Yes","Strongly supports",2.9,"No barrier",61,12,4
"WGE-0479",2024-10-03,"Bandarban","Rowangchhari","Household (Parent/Guardian)",33,"Female","Marma","Government Secondary School","No","Yes","Yes","Yes",1,57.5,77.1,10,14,12.5,8.7,47,48,4.5,5.4,43.7,35.8,2,2,"Poor","Good","No","Yes","Yes","Does not support",4.5,"Yes - minor barrier",69,8,4
"WGE-0480",2024-11-24,"Bandarban","Rowangchhari","Teacher",37,"Male","Chakma","NGO-run School","Yes","Yes","No","Partially",4,64.9,75,14,18,20.3,10.6,15,36,3.8,7.5,49.6,39,1,3,"Moderate","Good","Yes","Yes","Partially","Supports",2.5,"No barrier",75,10,3
"WGE-0481",2024-12-02,"Khagrachari","Dighinala","School Student (Boy)",15,"Male","Tanchangya","Government Primary School","Yes","Yes","No","No",4,83.3,93.1,8,13,40.2,29.7,50,56,3,7.2,18.7,18.4,2,4,"Good","Moderate","Yes","Yes","Yes","Neutral",2.7,"No barrier",10,6,5
"WGE-0482",2024-09-21,"Khagrachari","Dighinala","School Student (Girl)",14,"Female","Chakma","Government Secondary School","Yes","No","No","Partially",4,68.1,72.4,17,21,20.9,13.6,60,75,2.4,3.5,52.7,39,4,5,"Excellent","Excellent","No","No","Partially","Supports",1.8,"Yes - major barrier",69,5,4
"WGE-0483",2024-09-25,"Khagrachari","Dighinala","School Student (Girl)",19,"Female","Khumi","NGO-run School","No","Yes","No","Yes",3,72.4,81.1,22,22,27.3,16,56,54,4.9,5.3,60.3,51.2,1,5,"Good","Good","Yes","Yes","Partially","Strongly supports",3.4,"Yes - minor barrier",49,12,5
"WGE-0484",2024-11-19,"Khagrachari","Khagrachari Sadar","Household (Parent/Guardian)",29,"Female","Bengali","Madrasa","Yes","Yes","No","Yes",3,64.7,71.4,18,21,8,3,37,52,3.4,4.5,43.2,31.9,3,4,"Excellent","Excellent","No","Yes","Partially","Neutral",3.4,"Yes - minor barrier",75,9,4
"WGE-0485",2024-10-19,"Bandarban","Bandarban Sadar","School Student (Boy)",14,"Male","Chakma","NGO-run School","Yes","Yes","Yes","Yes",1,87.4,100,11,13,5.6,0.5,79,80,2.3,2.5,25,20.6,4,5,"Moderate","Good","Yes","Yes","Partially","Neutral",2,"Yes - minor barrier",55,11,5
"WGE-0486",2024-09-17,"Bandarban","Ruma","School Management Committee (SMC)",51,"Female","Chakma","Government Secondary School","Yes","No","Yes","Yes",4,56.5,61.5,17,19,12.2,7,60,64,3.2,6.1,76.3,65.7,5,2,"Good","Excellent","Yes","Yes","No","Supports",3.6,"Yes - minor barrier",42,8,4
"WGE-0487",2024-10-14,"Bandarban","Ruma","School Management Committee (SMC)",40,"Female","Marma","Government Secondary School","Yes","Yes","No","Partially",2,66.4,77.1,12,16,21.4,18.4,62,66,1.6,3.3,41.7,26.4,2,4,"Excellent","Good","No","No","Partially","Supports",2.2,"Yes - major barrier",41,6,4
"WGE-0488",2024-11-30,"Khagrachari","Ramgarh","Household (Parent/Guardian)",35,"Female","Marma","NGO-run School","Yes","Yes","No","Partially",4,71.4,83,19,21,14.8,4.1,41,56,4.6,8.1,22.9,14.1,2,5,"Moderate","Moderate","No","Yes","Yes","Strongly supports",2.9,"Yes - major barrier",60,4,3
"WGE-0489",2024-11-25,"Khagrachari","Khagrachari Sadar","School Management Committee (SMC)",38,"Male","Chakma","Madrasa","Yes","Yes","No","No",3,62.2,72.5,12,15,17.1,7.6,51,59,2.6,3.3,47,32.1,1,3,"Moderate","Moderate","No","No","Yes","Does not support",3.7,"Yes - major barrier",14,7,3
"WGE-0490",2024-09-05,"Bandarban","Ruma","Teacher",42,"Female","Tripura","Government Primary School","Yes","Yes","Yes","Partially",3,60,66.5,19,20,21.7,15.9,80,87,5.4,6.5,63.5,53.6,3,3,"Good","Excellent","Yes","No","Yes","Supports",4.9,"No barrier",67,10,5
"WGE-0491",2024-11-29,"Khagrachari","Panchhari","Household (Parent/Guardian)",41,"Female","Chakma","Community Learning Centre","No","Yes","Yes","Yes",3,69,76,16,19,17.3,11.8,41,52,1.9,2.8,43.3,32.9,2,4,"Moderate","Moderate","No","Yes","No","Strongly supports",1.2,"Yes - major barrier",35,12,3
"WGE-0492",2024-11-05,"Khagrachari","Khagrachari Sadar","School Student (Girl)",14,"Female","Marma","Government Primary School","Yes","No","No","Yes",3,75.1,82.9,15,17,0.2,0,35,47,4.8,7.5,50.9,36.4,1,3,"Good","Poor","No","No","No","Supports",3.1,"No barrier",50,11,3
"WGE-0493",2024-12-05,"Khagrachari","Ramgarh","School Student (Boy)",11,"Male","Chak","Government Secondary School","No","Yes","Yes","Partially",4,75.8,77.6,13,13,17.8,6.8,60,75,4.8,6.8,31.5,21.2,2,3,"Poor","Good","No","Yes","Partially","Strongly supports",3.7,"Yes - minor barrier",56,7,3
"WGE-0494",2024-10-18,"Bandarban","Ruma","School Student (Girl)",14,"Female","Chakma","Government Primary School","Yes","No","No","Yes",1,75.5,83.9,17,19,23.4,16.2,32,35,5.6,6.1,31.2,19.3,5,4,"Moderate","Excellent","Yes","Yes","Yes","Strongly supports",1.2,"No barrier",47,9,3
"WGE-0495",2024-09-06,"Rangamati","Naniarchar","School Student (Girl)",10,"Female","Tanchangya","Government Primary School","No","No","No","Yes",2,61.3,75.1,17,19,23.5,18.1,41,47,5.4,6.2,20.2,13.1,5,4,"Poor","Excellent","No","Yes","Yes","Does not support",3.3,"Yes - minor barrier",34,9,3
"WGE-0496",2024-11-30,"Rangamati","Longadu","School Student (Girl)",16,"Female","Marma","Government Secondary School","No","No","No","No",2,71,75.8,18,21,19.9,14,38,48,2.7,3,50.4,34,2,3,"Excellent","Good","Yes","No","Partially","Supports",4.6,"Yes - major barrier",51,10,4
"WGE-0497",2024-09-17,"Bandarban","Naikhongchhari","School Student (Girl)",18,"Female","Chak","Government Primary School","Yes","Yes","No","No",4,53.5,65.5,16,19,22.2,14.2,46,59,4.4,6.5,27.9,14.8,3,5,"Good","Excellent","No","No","Yes","Neutral",5.1,"No barrier",60,13,4
"WGE-0498",2024-10-30,"Bandarban","Bandarban Sadar","Reproductive Health Community Worker (RHCW)",24,"Female","Chakma","Government Primary School","Yes","Yes","Yes","Partially",2,77,88.3,12,16,21.7,13.6,37,45,5.1,5.9,46.1,38.8,2,4,"Good","Excellent","Yes","No","Yes","Supports",4.2,"No barrier",73,6,4
"WGE-0499",2024-09-27,"Rangamati","Longadu","Teacher",28,"Male","Tripura","Government Secondary School","Yes","No","No","Yes",1,71.4,85,15,17,19.1,15.8,31,32,5.9,6.4,43.5,28.9,4,3,"Poor","Good","Yes","Yes","Partially","Does not support",2.6,"Yes - minor barrier",14,11,3
"WGE-0500",2024-11-29,"Bandarban","Bandarban Sadar","School Student (Girl)",12,"Female","Chakma","Government Secondary School","Yes","Yes","Yes","Partially",2,82.4,91.4,17,20,9.5,3.6,52,53,2.8,4.3,52.1,48.9,3,5,"Poor","Good","No","Yes","Partially","Supports",3.6,"No barrier",27,10,4
"WGE-0501",2024-10-02,"Khagrachari","Khagrachari Sadar","School Student (Girl)",13,"Female","Tanchangya","Government Primary School","No","No","No","Partially",3,85.6,96.9,15,18,25.9,19.7,43,60,3.9,6.1,43,37.2,3,4,"Good","Moderate","Yes","No","Partially","Neutral",1.9,"Yes - minor barrier",72,8,1
"WGE-0502",2024-10-15,"Khagrachari","Khagrachari Sadar","School Student (Boy)",15,"Male","Marma","Government Secondary School","Yes","Yes","No","Yes",1,81.4,100,15,17,10,1.5,33,37,5,5.7,42.3,33.6,1,3,"Good","Excellent","Yes","Yes","Partially","Does not support",3.5,"Yes - minor barrier",60,9,3
"WGE-0503",2024-10-19,"Bandarban","Bandarban Sadar","School Student (Boy)",14,"Male","Tanchangya","Government Secondary School","Yes","Yes","No","Yes",3,75.7,86.6,17,19,17.5,12.2,41,45,4.6,6.3,47.1,40.9,2,5,"Good","Good","Yes","No","No","Does not support",3.7,"No barrier",33,5,5
"WGE-0504",2024-10-05,"Rangamati","Rajasthali","Reproductive Health Community Worker (RHCW)",36,"Female","Tanchangya","NGO-run School","Yes","Yes","No","Yes",3,60.8,64.3,21,22,12.6,4.5,53,63,3,4.6,25.2,21.4,2,4,"Poor","Good","No","Yes","Partially","Supports",2.8,"No barrier",69,8,2
"WGE-0505",2024-11-03,"Rangamati","Naniarchar","Teacher",26,"Female","Chakma","Government Secondary School","Yes","No","Yes","Yes",3,74.8,85.5,14,16,10.1,3.7,42,61,3.6,5.2,39.6,35,1,2,"Good","Moderate","Yes","Yes","Partially","Strongly supports",1.6,"Yes - major barrier",53,13,1
"WGE-0506",2024-11-10,"Rangamati","Kaptai","School Student (Girl)",13,"Female","Marma","Government Primary School","No","Yes","Yes","Yes",1,90.7,100,15,18,14.6,12.4,42,44,4.4,5,24.1,24.4,3,5,"Moderate","Poor","Yes","Yes","Partially","Supports",1.4,"No barrier",73,8,5
"WGE-0507",2024-11-16,"Khagrachari","Khagrachari Sadar","School Management Committee (SMC)",25,"Female","Chakma","Government Primary School","Yes","Yes","No","Partially",1,88.8,99.8,12,15,13.4,9.7,52,55,4.2,4.8,37.6,29.9,1,3,"Good","Good","No","Yes","Yes","Strongly supports",3.3,"No barrier",62,4,3
"WGE-0508",2024-11-11,"Khagrachari","Panchhari","School Student (Girl)",15,"Female","Chakma","NGO-run School","No","Yes","No","No",2,82.8,100,16,18,22.3,17.5,43,55,2.8,4.1,48.4,41.8,1,4,"Poor","Moderate","No","Yes","No","Supports",1.3,"Yes - minor barrier",49,11,3
"WGE-0509",2024-11-27,"Bandarban","Bandarban Sadar","School Management Committee (SMC)",44,"Female","Marma","NGO-run School","Yes","No","No","No",2,79.1,91.7,13,15,14.4,4.5,31,37,3.8,5,49.6,41.3,4,4,"Moderate","Good","No","No","Partially","Strongly supports",1.7,"No barrier",71,8,4
"WGE-0510",2024-11-25,"Khagrachari","Dighinala","Police/Law Enforcement",53,"Female","Pangkhua","Government Primary School","Yes","Yes","No","Yes",3,87.4,97.3,18,22,16.7,14.2,34,43,4.9,7.4,71.5,66.1,3,5,"Poor","Moderate","No","Yes","Yes","Supports",2.5,"Yes - minor barrier",72,6,4
"WGE-0511",2024-10-19,"Rangamati","Baghaichhari","Mother Club Member",19,"Female","Bengali","Government Primary School","Yes","Yes","No","Partially",3,48.3,66.6,16,19,7.2,0,29,45,5,6.2,47.9,38,1,5,"Poor","Good","No","No","Yes","Strongly supports",5.7,"No barrier",50,8,4
"WGE-0512",2024-10-11,"Khagrachari","Ramgarh","School Student (Boy)",15,"Male","Marma","Government Secondary School","No","No","No","Partially",1,78.9,85.7,15,17,29.1,21.1,56,58,5.2,5.7,50,39.7,1,2,"Moderate","Good","Yes","Yes","Partially","Neutral",3.8,"Yes - minor barrier",31,8,4
"WGE-0513",2024-09-05,"Khagrachari","Ramgarh","Household (Parent/Guardian)",31,"Female","Tripura","NGO-run School","No","Yes","Yes","No",1,75.4,89.2,16,18,25.1,17.9,66,73,5.6,6.3,54.6,46.4,4,5,"Moderate","Excellent","Yes","Yes","Partially","Supports",3.6,"Yes - minor barrier",55,7,5
"WGE-0514",2024-09-12,"Khagrachari","Panchhari","Household (Parent/Guardian)",31,"Female","Chakma","Government Primary School","No","No","Yes","No",4,73.3,82.8,12,14,28.6,22.9,36,51,2.5,4.4,32.5,21,4,2,"Moderate","Moderate","Yes","Yes","Partially","Neutral",0.2,"Yes - minor barrier",57,12,4
"WGE-0515",2024-11-08,"Bandarban","Bandarban Sadar","Mother Club Member",39,"Female","Marma","Government Primary School","Yes","Yes","Yes","No",2,65,71.7,17,19,27.4,19.3,61,68,4.8,6.7,44,35.2,2,3,"Good","Excellent","Yes","No","Yes","Supports",4.2,"Yes - minor barrier",60,9,4
"WGE-0516",2024-10-16,"Rangamati","Longadu","School Student (Girl)",14,"Female","Tanchangya","Government Primary School","No","No","No","Yes",3,90,100,18,22,19.1,7.8,52,60,2.9,4,35.2,23,4,4,"Moderate","Moderate","No","Yes","Yes","Neutral",2.7,"No barrier",85,9,4
"WGE-0517",2024-10-10,"Khagrachari","Dighinala","School Student (Girl)",17,"Female","Murung","Government Secondary School","Yes","Yes","Yes","No",4,51.9,59.8,20,19,21.4,16.6,61,65,2.8,4.9,54.9,42.2,1,3,"Good","Excellent","No","Yes","No","Supports",3.7,"Yes - minor barrier",48,8,5
"WGE-0518",2024-09-15,"Bandarban","Naikhongchhari","Household (Parent/Guardian)",63,"Male","Tripura","Government Secondary School","Yes","No","Yes","Partially",1,78,83.2,18,19,11.7,4.9,21,22,4.4,4.7,50.7,38.7,5,5,"Good","Excellent","Yes","Yes","Partially","Supports",0.5,"Yes - minor barrier",84,16,2
"WGE-0519",2024-10-27,"Rangamati","Kaptai","School Student (Girl)",15,"Female","Chakma","Government Primary School","Yes","No","Yes","No",3,72.4,79.9,20,22,16.5,16.3,31,36,3.7,6.3,48.7,38.9,3,4,"Good","Good","No","Yes","No","Strongly supports",3.2,"No barrier",76,9,5
"WGE-0520",2024-11-27,"Khagrachari","Khagrachari Sadar","Household (Parent/Guardian)",51,"Male","Chakma","NGO-run School","Yes","No","No","Partially",1,76.9,82.7,11,12,10.8,0,76,78,5.8,6.4,49.1,43.2,4,5,"Poor","Poor","No","Yes","Yes","Strongly supports",3.5,"Yes - minor barrier",45,7,4
"WGE-0521",2024-11-03,"Khagrachari","Khagrachari Sadar","School Student (Girl)",12,"Female","Tripura","NGO-run School","No","Yes","No","No",2,89.7,92.1,21,21,27.3,17.8,37,46,3.2,4.6,23,15.8,5,4,"Good","Good","No","Yes","Yes","Supports",4.1,"Yes - major barrier",111,7,4
"WGE-0522",2024-09-11,"Bandarban","Lama","Teacher",34,"Female","Tanchangya","Government Primary School","No","Yes","No","Yes",3,68,74.5,11,12,21.2,14,33,44,4,6.6,59.7,49,3,4,"Moderate","Moderate","No","Yes","Yes","Neutral",2.5,"Yes - major barrier",56,9,5
"WGE-0523",2024-09-27,"Bandarban","Ruma","School Student (Boy)",19,"Male","Bawm","Government Primary School","Yes","Yes","No","Partially",1,67.1,75.8,17,21,31.5,19.6,72,76,0.8,1,43.3,37.3,4,3,"Good","Good","Yes","No","Partially","Strongly supports",1.8,"Yes - major barrier",45,11,3
"WGE-0524",2024-11-13,"Bandarban","Naikhongchhari","School Student (Boy)",14,"Male","Marma","NGO-run School","No","No","Yes","Partially",4,77.5,89,19,20,17.4,12.6,24,29,4.4,6,36.4,27.8,4,3,"Good","Excellent","No","Yes","Partially","Supports",4.8,"No barrier",54,3,4
"WGE-0525",2024-09-23,"Rangamati","Baghaichhari","Teacher",37,"Female","Chakma","NGO-run School","No","Yes","No","Yes",3,61.4,69.2,19,21,18,13.1,29,46,1.6,3.6,11,5.7,1,3,"Poor","Good","Yes","No","Partially","Does not support",1.8,"No barrier",74,11,4
"WGE-0526",2024-10-20,"Bandarban","Bandarban Sadar","Household (Parent/Guardian)",31,"Female","Tanchangya","NGO-run School","Yes","No","Yes","Partially",1,62.2,69.8,14,17,20.1,11.3,26,31,2.4,2.9,45.8,29.3,3,3,"Moderate","Excellent","Yes","Yes","Yes","Supports",7.9,"Yes - minor barrier",12,5,4
"WGE-0527",2024-09-07,"Khagrachari","Panchhari","Mother Club Member",47,"Female","Murung","NGO-run School","No","No","Yes","Partially",3,98.8,100,12,16,6.7,0,31,42,2,3,24.2,13.7,2,3,"Excellent","Excellent","No","Yes","No","Neutral",4.7,"No barrier",19,9,5
"WGE-0528",2024-09-30,"Rangamati","Baghaichhari","Household (Parent/Guardian)",45,"Male","Bengali","NGO-run School","Yes","No","No","No",4,74,95.6,16,17,13.7,8.3,61,83,0,0.9,37.1,29.8,5,2,"Good","Good","Yes","Yes","Yes","Supports",5.6,"No barrier",20,7,4
"WGE-0529",2024-09-23,"Khagrachari","Dighinala","Mother Club Member",49,"Female","Bawm","Government Secondary School","No","Yes","No","Partially",4,78.3,83.5,8,9,11.5,6.9,50,65,0.2,2.5,61.4,42.5,2,3,"Good","Good","Yes","No","Yes","Neutral",1.5,"No barrier",26,5,5
"WGE-0530",2024-09-29,"Khagrachari","Khagrachari Sadar","Household (Parent/Guardian)",49,"Female","Tripura","Government Primary School","Yes","No","Yes","No",3,60.7,74.8,15,15,0.1,0,57,81,3.3,6.3,47.8,45.3,1,2,"Moderate","Moderate","Yes","Yes","Yes","Strongly supports",5.2,"Yes - minor barrier",60,8,5
"WGE-0531",2024-11-15,"Rangamati","Rajasthali","School Student (Boy)",15,"Male","Marma","Government Primary School","Yes","Yes","No","Partially",4,65.3,69.5,20,22,16.5,16.6,37,43,3.8,8,43.4,30.2,3,5,"Good","Good","Yes","Yes","No","Strongly supports",2.5,"No barrier",34,12,5
"WGE-0532",2024-11-05,"Rangamati","Rajasthali","Household (Parent/Guardian)",42,"Male","Pangkhua","Government Primary School","No","No","Yes","Yes",2,62.1,69.1,13,15,23.2,17.4,42,52,4.8,6.3,28.3,19.6,5,5,"Poor","Excellent","Yes","Yes","No","Neutral",1.1,"No barrier",66,6,4
"WGE-0533",2024-11-13,"Khagrachari","Panchhari","Household (Parent/Guardian)",64,"Male","Bengali","Government Primary School","No","Yes","No","No",1,63.3,77.3,11,13,25.3,20,59,63,1.6,2.5,16.4,6.8,3,2,"Good","Excellent","No","No","Yes","Neutral",2.9,"No barrier",40,8,2
"WGE-0534",2024-10-15,"Rangamati","Naniarchar","School Student (Girl)",11,"Female","Bengali","Madrasa","Yes","Yes","No","Partially",4,63.5,70.8,16,20,19.1,12.6,58,76,4.4,6.9,58.4,52,3,4,"Good","Good","No","No","Yes","Does not support",2.7,"No barrier",43,9,1
"WGE-0535",2024-11-10,"Bandarban","Rowangchhari","School Student (Boy)",14,"Male","Tanchangya","NGO-run School","No","No","No","Yes",3,69.9,75,19,20,12.9,8.2,51,62,3.3,5.7,63.4,54.1,1,4,"Moderate","Poor","No","No","No","Strongly supports",3.9,"Yes - major barrier",63,10,2
"WGE-0536",2024-10-17,"Rangamati","Rajasthali","Household (Parent/Guardian)",49,"Male","Marma","Community Learning Centre","Yes","No","Yes","Yes",3,59.6,66.2,17,22,24.3,15.4,21,25,1.1,2.6,46.5,40.9,4,4,"Poor","Excellent","Yes","Yes","No","Supports",3.6,"Yes - minor barrier",51,13,5
"WGE-0537",2024-11-03,"Bandarban","Bandarban Sadar","Teacher",43,"Female","Chakma","Government Primary School","No","Yes","No","No",3,79.2,92.8,15,21,27.5,25.1,56,75,3.5,5.6,49.3,41.5,4,3,"Good","Good","Yes","Yes","Partially","Does not support",8,"Yes - minor barrier",62,12,3
"WGE-0538",2024-09-15,"Khagrachari","Mahalchhari","Teacher",34,"Female","Chakma","Government Primary School","Yes","No","Yes","Partially",3,70.5,83.8,18,20,12.5,11.1,39,48,3.2,3.5,39.7,33,5,3,"Poor","Moderate","No","No","Yes","Supports",2.1,"No barrier",60,11,3
"WGE-0539",2024-09-22,"Rangamati","Rajasthali","Mother Club Member",32,"Female","Tripura","Government Secondary School","Yes","Yes","No","Partially",3,77.2,83.4,16,17,39.5,34.1,43,47,3.4,4.6,26.2,10.1,5,5,"Poor","Moderate","No","Yes","Partially","Neutral",1.6,"No barrier",10,10,4
"WGE-0540",2024-09-15,"Rangamati","Baghaichhari","Reproductive Health Community Worker (RHCW)",31,"Female","Chak","NGO-run School","No","No","No","Yes",2,80.6,97,16,19,30.1,25,37,44,3.9,5.8,22,11,3,3,"Good","Good","Yes","Yes","Partially","Supports",3.7,"Yes - major barrier",66,9,3
"WGE-0541",2024-10-04,"Khagrachari","Khagrachari Sadar","School Student (Girl)",13,"Female","Tripura","NGO-run School","Yes","Yes","Yes","Partially",3,89.5,100,13,16,16.2,10.6,58,72,4.9,6.4,30.3,15.6,1,4,"Good","Good","Yes","Yes","Partially","Strongly supports",3.8,"Yes - minor barrier",21,9,4
"WGE-0542",2024-09-15,"Bandarban","Rowangchhari","School Student (Boy)",14,"Male","Chak","Government Primary School","Yes","Yes","No","Yes",2,72.4,80.5,14,18,15.7,8.6,44,53,4.9,5.7,45.9,43,3,5,"Moderate","Excellent","No","No","Yes","Neutral",2.5,"No barrier",41,13,4
"WGE-0543",2024-09-05,"Khagrachari","Panchhari","School Student (Girl)",15,"Female","Marma","NGO-run School","No","Yes","No","Partially",2,79.6,94.8,15,18,26.3,19.9,54,59,2,4.1,40.9,36.1,3,4,"Moderate","Poor","Yes","No","Yes","Strongly supports",1.4,"Yes - major barrier",93,9,5
"WGE-0544",2024-09-19,"Bandarban","Bandarban Sadar","School Management Committee (SMC)",29,"Female","Chakma","Government Secondary School","Yes","No","Yes","No",1,77.5,80.7,15,15,17.8,8.6,61,64,3.8,4.2,68.6,64.3,2,5,"Moderate","Good","Yes","Yes","Yes","Does not support",4,"No barrier",43,7,1
"WGE-0545",2024-12-01,"Khagrachari","Mahalchhari","School Student (Girl)",11,"Female","Chakma","Government Secondary School","Yes","No","Yes","No",3,71.7,86.4,8,10,25.4,17.2,49,65,3.7,6.9,46.2,39.1,3,3,"Excellent","Excellent","Yes","No","Yes","Supports",2.6,"Yes - minor barrier",42,10,5
"WGE-0546",2024-09-17,"Rangamati","Longadu","School Student (Girl)",11,"Female","Bawm","Government Secondary School","No","No","Yes","Yes",3,78.9,88.2,15,15,20,10.6,56,66,5.3,8.1,35.2,25.2,1,5,"Moderate","Excellent","Yes","Yes","Yes","Supports",1.6,"Yes - major barrier",77,7,3
"WGE-0547",2024-09-03,"Bandarban","Ruma","School Student (Girl)",10,"Female","Chakma","Government Primary School","Yes","No","No","Yes",2,72.1,88.2,18,21,14.6,9.6,31,31,2.2,3.6,55.8,49.7,3,4,"Poor","Excellent","No","Yes","Partially","Supports",0.2,"No barrier",49,5,4
"WGE-0548",2024-10-01,"Rangamati","Kaptai","Household (Parent/Guardian)",37,"Female","Murung","Government Primary School","Yes","No","No","Partially",1,64.1,77.3,15,17,8.3,6.8,43,44,1.4,2.1,44.8,36,2,4,"Poor","Moderate","Yes","No","Partially","Strongly supports",3,"No barrier",25,5,3
"WGE-0549",2024-11-14,"Bandarban","Bandarban Sadar","School Student (Girl)",14,"Female","Chak","Government Primary School","Yes","No","No","No",2,72.5,82.2,16,17,22,12.8,42,49,2.8,3.4,54.8,48.6,4,3,"Moderate","Good","Yes","Yes","Yes","Strongly supports",3.6,"Yes - minor barrier",63,8,2
"WGE-0550",2024-11-21,"Rangamati","Baghaichhari","Reproductive Health Community Worker (RHCW)",20,"Female","Bengali","Government Secondary School","Yes","Yes","No","No",1,79.7,89.6,22,22,20.2,15.5,53,59,3.4,4,62.9,52.4,1,2,"Excellent","Excellent","Yes","Yes","Partially","Neutral",1.5,"Yes - major barrier",28,11,3
"WGE-0551",2024-11-05,"Bandarban","Naikhongchhari","Household (Parent/Guardian)",37,"Female","Tripura","NGO-run School","Yes","Yes","No","No",4,67.1,75.2,15,19,21.8,15,45,59,3.4,7.4,60.1,46.6,4,4,"Moderate","Good","Yes","Yes","Yes","Does not support",3.6,"Yes - minor barrier",45,9,4
"WGE-0552",2024-09-11,"Rangamati","Naniarchar","Household (Parent/Guardian)",36,"Male","Tanchangya","Government Primary School","Yes","Yes","No","Partially",3,86.1,94,19,22,28.1,24.2,47,54,4.3,7,50.4,39.6,1,5,"Poor","Good","No","Yes","Yes","Strongly supports",2.4,"Yes - major barrier",47,8,3
"WGE-0553",2024-09-27,"Khagrachari","Mahalchhari","School Student (Boy)",14,"Male","Tripura","Government Primary School","No","Yes","No","Partially",2,88.4,96.4,19,19,7.7,0,59,61,2.4,3.5,20.9,11.8,4,4,"Good","Good","Yes","Yes","Yes","Supports",2.8,"Yes - major barrier",36,7,3
"WGE-0554",2024-11-17,"Rangamati","Baghaichhari","Household (Parent/Guardian)",39,"Male","Chakma","Government Primary School","Yes","No","Yes","Partially",4,68.3,77.5,12,14,22.4,17.7,49,58,3.9,8,41,29.2,3,2,"Good","Good","Yes","Yes","No","Supports",1.2,"No barrier",78,8,4
"WGE-0555",2024-10-17,"Rangamati","Longadu","School Student (Girl)",15,"Female","Tanchangya","Government Secondary School","Yes","No","No","Partially",1,70.7,79.9,12,16,18,12.9,70,75,1.2,1.7,20.5,14,5,1,"Moderate","Good","Yes","No","Partially","Strongly supports",6.5,"Yes - minor barrier",60,8,4
"WGE-0556",2024-09-18,"Khagrachari","Dighinala","School Management Committee (SMC)",39,"Female","Bengali","Government Primary School","Yes","Yes","Yes","Partially",2,69,70.6,17,20,21.5,18.4,38,45,6.1,7.1,47.8,43.6,2,3,"Good","Excellent","Yes","Yes","Yes","Supports",1,"Yes - minor barrier",81,9,5
"WGE-0557",2024-10-26,"Rangamati","Rajasthali","Household (Parent/Guardian)",56,"Female","Murung","Government Primary School","No","Yes","No","No",4,76.2,83.1,12,16,35.9,33.1,62,65,6,6.9,41.3,41.1,4,5,"Excellent","Good","Yes","Yes","Partially","Supports",4.3,"No barrier",48,8,3
"WGE-0558",2024-11-03,"Bandarban","Naikhongchhari","School Student (Boy)",14,"Male","Tripura","Government Primary School","Yes","Yes","Yes","No",2,78,94.4,22,22,17.1,13.3,27,33,5.1,6.4,69.1,60.3,3,1,"Poor","Moderate","No","Yes","Yes","Strongly supports",2.4,"Yes - major barrier",55,8,3
"WGE-0559",2024-10-20,"Rangamati","Baghaichhari","School Student (Girl)",15,"Female","Marma","Government Primary School","No","No","No","No",2,63.8,75.5,16,19,9.2,4.4,53,58,5.4,6.8,85,76.1,5,5,"Poor","Excellent","No","Yes","Partially","Supports",0.6,"Yes - minor barrier",61,8,3
"WGE-0560",2024-12-05,"Rangamati","Naniarchar","School Student (Boy)",16,"Male","Bengali","NGO-run School","No","Yes","No","Partially",2,76.9,87.5,14,17,16.2,9,69,70,4,5.8,58.7,51.7,4,4,"Good","Excellent","No","Yes","Yes","Strongly supports",3.7,"No barrier",74,11,4
"WGE-0561",2024-10-02,"Bandarban","Lama","School Student (Girl)",17,"Female","Marma","Government Secondary School","No","No","Yes","Partially",1,68.5,70.4,22,22,24.7,14.4,50,53,4.3,4.7,54.4,49.4,3,5,"Good","Excellent","Yes","No","Yes","Strongly supports",3.1,"Yes - minor barrier",26,10,4
"WGE-0562",2024-10-04,"Bandarban","Naikhongchhari","School Student (Boy)",14,"Male","Chakma","Government Primary School","Yes","Yes","No","Yes",3,95.2,100,14,16,12,2.7,37,44,2.5,4.2,49.7,43,3,4,"Good","Excellent","No","No","No","Supports",1.7,"Yes - major barrier",27,6,4
"WGE-0563",2024-10-25,"Bandarban","Naikhongchhari","Household (Parent/Guardian)",25,"Male","Chakma","Government Secondary School","Yes","No","No","No",4,83.1,87.4,14,17,14.8,8.8,66,86,4.7,7.3,40.5,29.6,3,5,"Good","Good","No","No","Partially","Supports",3.1,"Yes - minor barrier",39,11,5
"WGE-0564",2024-10-30,"Khagrachari","Dighinala","School Student (Girl)",15,"Female","Chakma","Government Primary School","No","No","No","Yes",1,83.4,91.2,13,17,17,11.5,39,44,0.4,0.9,45.5,37.6,3,1,"Good","Good","No","Yes","Yes","Strongly supports",1.9,"Yes - minor barrier",36,4,4
"WGE-0565",2024-11-14,"Rangamati","Baghaichhari","School Student (Girl)",12,"Female","Pangkhua","Government Secondary School","Yes","Yes","No","No",2,50.2,56.1,15,18,17.2,8.1,41,46,6.1,6.6,28.9,25.7,1,3,"Excellent","Good","No","Yes","Yes","Neutral",3.7,"Yes - minor barrier",31,9,4
"WGE-0566",2024-10-25,"Khagrachari","Khagrachari Sadar","Mother Club Member",32,"Female","Bawm","Government Primary School","No","Yes","Yes","No",3,91.5,100,12,16,22.7,17,50,67,3.6,4.3,51.9,46.9,2,2,"Moderate","Good","No","Yes","Partially","Supports",1.3,"No barrier",90,10,5
"WGE-0567",2024-11-30,"Khagrachari","Mahalchhari","School Student (Girl)",15,"Female","Murung","Madrasa","Yes","Yes","Yes","Partially",4,75.3,82,17,22,25.4,18.9,55,66,5,6.4,41.9,36.4,2,1,"Good","Poor","Yes","Yes","Partially","Supports",6.7,"Yes - minor barrier",57,6,2
"WGE-0568",2024-09-10,"Khagrachari","Khagrachari Sadar","Teacher",39,"Male","Marma","Community Learning Centre","No","No","Yes","No",3,67.8,76.4,15,18,16.3,9.7,74,80,4.4,6.5,65.5,59.8,3,2,"Excellent","Moderate","No","Yes","Yes","Supports",2.3,"Yes - minor barrier",23,12,3
"WGE-0569",2024-12-01,"Khagrachari","Khagrachari Sadar","Police/Law Enforcement",43,"Male","Murung","Madrasa","No","No","Yes","Partially",3,61.2,74.2,13,15,16.4,4.5,37,42,4.6,5,51.7,39.7,1,4,"Excellent","Poor","No","No","Yes","Neutral",1.3,"No barrier",18,9,4
"WGE-0570",2024-09-05,"Rangamati","Baghaichhari","School Student (Girl)",14,"Female","Bawm","NGO-run School","No","No","No","Yes",1,82.7,89.4,15,17,12.8,7.2,33,37,1,1.5,41.3,36.5,3,4,"Good","Good","Yes","Yes","Yes","Supports",2.4,"Yes - minor barrier",42,16,4
"WGE-0571",2024-09-27,"Khagrachari","Dighinala","School Student (Boy)",16,"Male","Marma","Government Primary School","Yes","Yes","No","Partially",4,79.6,91.6,19,20,21,11.2,58,68,4.9,6.1,32.6,27.3,3,2,"Moderate","Poor","Yes","Yes","Partially","Strongly supports",5.2,"No barrier",52,7,4
"WGE-0572",2024-12-02,"Bandarban","Ruma","School Student (Girl)",16,"Female","Chakma","Government Primary School","Yes","No","No","Partially",3,86.1,99.3,17,21,21.8,15.7,71,76,5.9,6.5,63.3,57,3,4,"Good","Excellent","No","Yes","Partially","Does not support",6.2,"Yes - minor barrier",68,6,3
"WGE-0573",2024-11-02,"Rangamati","Longadu","School Student (Girl)",16,"Female","Murung","NGO-run School","No","Yes","Yes","Yes",4,70.5,72.5,16,19,14.6,7.1,32,49,0.2,1.2,30,24.4,2,3,"Poor","Good","Yes","Yes","No","Supports",3.1,"Yes - major barrier",41,8,1
"WGE-0574",2024-09-28,"Rangamati","Kaptai","Household (Parent/Guardian)",31,"Female","Chakma","Government Secondary School","Yes","Yes","Yes","No",4,78.9,85.3,18,19,28.8,26,69,74,3.5,4.1,50.2,45.6,3,4,"Moderate","Excellent","No","Yes","Yes","Supports",3.5,"No barrier",56,7,1
"WGE-0575",2024-09-27,"Rangamati","Longadu","Household (Parent/Guardian)",33,"Male","Chakma","Government Secondary School","No","No","Yes","Yes",1,73.8,83.6,14,18,24.2,20.5,40,44,1.5,2.1,28.6,25,1,5,"Good","Good","No","Yes","Yes","Supports",6,"No barrier",50,5,4
"WGE-0576",2024-09-24,"Rangamati","Naniarchar","Household (Parent/Guardian)",39,"Female","Marma","NGO-run School","No","No","Yes","No",4,77.3,90.8,18,22,17.8,11.2,45,58,1.2,3.6,28.6,17.9,4,3,"Moderate","Good","Yes","Yes","Yes","Does not support",6.9,"Yes - minor barrier",56,7,4
"WGE-0577",2024-10-06,"Bandarban","Naikhongchhari","Reproductive Health Community Worker (RHCW)",29,"Female","Chakma","Government Secondary School","No","Yes","Yes","No",3,71.5,77.8,12,17,23.8,16.8,64,80,3.9,5.3,59.5,45.9,3,3,"Moderate","Good","Yes","Yes","Yes","Supports",3.5,"No barrier",62,4,5
"WGE-0578",2024-10-28,"Khagrachari","Ramgarh","Mother Club Member",41,"Female","Bengali","Government Secondary School","Yes","No","Yes","Yes",3,66.1,81.5,14,15,28.7,22.1,74,78,0.3,3.5,39.6,36.9,2,1,"Moderate","Good","Yes","Yes","Partially","Strongly supports",6.7,"No barrier",60,9,3
"WGE-0579",2024-10-05,"Khagrachari","Mahalchhari","School Student (Boy)",17,"Male","Marma","Madrasa","No","No","No","No",2,59.2,64.3,12,15,20.7,17,51,59,0.9,1.7,40.4,29.4,2,3,"Good","Poor","No","No","Partially","Strongly supports",2.7,"Yes - minor barrier",44,6,2
"WGE-0580",2024-11-08,"Khagrachari","Ramgarh","Household (Parent/Guardian)",36,"Female","Marma","NGO-run School","Yes","No","No","Partially",3,68.2,80.7,13,17,25,19.3,21,32,3.9,5.8,76.2,65.3,2,1,"Moderate","Excellent","Yes","Yes","Yes","Supports",1.6,"No barrier",31,8,4
"WGE-0581",2024-10-18,"Bandarban","Rowangchhari","Household (Parent/Guardian)",57,"Male","Chakma","Government Primary School","Yes","No","No","Yes",2,78.4,95.8,13,15,20.9,13.4,58,67,0.6,2.2,10,0,2,5,"Good","Excellent","No","Yes","Partially","Supports",2.7,"Yes - minor barrier",59,10,4
"WGE-0582",2024-09-20,"Khagrachari","Mahalchhari","Teacher",36,"Male","Chakma","NGO-run School","Yes","No","Yes","Yes",3,63.5,67.9,17,21,26.4,24.1,44,57,2.9,4,50.1,39.8,4,4,"Moderate","Good","Yes","No","Partially","Does not support",0.7,"No barrier",58,8,5
"WGE-0583",2024-10-26,"Rangamati","Baghaichhari","School Student (Girl)",18,"Female","Tanchangya","Community Learning Centre","No","Yes","No","Yes",3,78.7,88.5,20,22,13.6,6.4,29,42,3.3,5.5,45.7,37.8,4,3,"Poor","Good","No","No","Yes","Strongly supports",2.3,"No barrier",45,5,3
"WGE-0584",2024-11-04,"Rangamati","Rajasthali","Teacher",41,"Female","Bengali","Government Primary School","Yes","No","No","Partially",2,54.3,68.3,18,19,16.9,10.6,63,62,5.8,7.4,19,12.2,2,3,"Good","Moderate","No","No","Yes","Does not support",0.5,"Yes - minor barrier",71,6,2
"WGE-0585",2024-11-16,"Bandarban","Naikhongchhari","Household (Parent/Guardian)",28,"Female","Tanchangya","Madrasa","Yes","No","Yes","Yes",1,60.7,62.5,13,15,22.1,14.3,40,42,4.3,4.9,55.5,46.9,3,4,"Moderate","Excellent","Yes","Yes","Partially","Supports",3.9,"Yes - minor barrier",78,9,5
"WGE-0586",2024-12-05,"Rangamati","Kaptai","School Student (Girl)",10,"Female","Khumi","Government Secondary School","Yes","Yes","No","Partially",3,59.8,71.8,20,20,23,18.3,75,85,3.5,6.2,31.6,22.2,2,4,"Good","Good","Yes","No","Yes","Does not support",5.6,"No barrier",45,8,3
"WGE-0587",2024-09-17,"Bandarban","Naikhongchhari","Mother Club Member",31,"Female","Tripura","Government Primary School","Yes","Yes","No","Yes",2,84.3,93.3,15,16,24.8,20.5,18,25,5.8,7.5,10,5.9,3,3,"Good","Excellent","Yes","Yes","Partially","Supports",2.7,"Yes - major barrier",53,8,5
"WGE-0588",2024-11-10,"Bandarban","Rowangchhari","School Student (Girl)",13,"Female","Tanchangya","NGO-run School","No","Yes","No","No",2,80.5,91,16,16,18,11.4,74,89,3.9,5.8,34.6,35.1,3,3,"Good","Excellent","No","No","Yes","Supports",4.9,"Yes - major barrier",53,8,4
"WGE-0589",2024-11-04,"Khagrachari","Dighinala","School Student (Boy)",13,"Male","Marma","Government Secondary School","Yes","No","No","No",1,77.7,80.9,13,14,28.1,27.4,50,53,1.3,2.1,28,16.1,3,5,"Good","Excellent","Yes","No","Partially","Strongly supports",4,"No barrier",68,4,3
"WGE-0590",2024-09-08,"Khagrachari","Panchhari","Teacher",29,"Male","Tanchangya","Government Primary School","No","No","No","No",3,98,100,15,18,23.7,17.3,60,66,3.2,4.4,52.6,48.9,4,3,"Poor","Good","Yes","No","Partially","Strongly supports",5.6,"Yes - minor barrier",10,5,4
"WGE-0591",2024-09-27,"Bandarban","Ruma","Teacher",35,"Female","Marma","NGO-run School","Yes","Yes","Yes","No",2,78.6,90.6,13,16,28,24.5,47,51,4.5,6.1,14.1,9.9,1,5,"Good","Good","Yes","No","Partially","Supports",4.1,"Yes - major barrier",57,7,4
"WGE-0592",2024-09-18,"Rangamati","Naniarchar","Reproductive Health Community Worker (RHCW)",42,"Female","Marma","Government Secondary School","Yes","No","No","Partially",2,62.5,75.9,18,20,8.1,7.1,40,40,0,0.5,57.6,46.5,3,3,"Good","Excellent","No","Yes","Partially","Neutral",4.6,"Yes - minor barrier",48,5,4
"WGE-0593",2024-11-15,"Rangamati","Rajasthali","School Student (Boy)",16,"Male","Chak","Government Primary School","Yes","No","No","No",3,72.8,76.5,17,20,13.8,9.9,75,88,5.3,7.3,46.3,37.5,3,4,"Moderate","Excellent","Yes","Yes","Yes","Neutral",1.5,"No barrier",46,6,4
"WGE-0594",2024-11-12,"Khagrachari","Ramgarh","School Student (Boy)",12,"Male","Tripura","NGO-run School","Yes","No","No","No",2,87.3,99,17,20,26.4,21.9,15,19,4.7,6.3,28.4,17,2,4,"Good","Poor","Yes","Yes","No","Strongly supports",4.2,"Yes - minor barrier",49,12,5
"WGE-0595",2024-12-04,"Rangamati","Rajasthali","Teacher",36,"Male","Chakma","Government Secondary School","No","Yes","Yes","Partially",2,68.3,74.2,17,22,19.5,14.7,32,38,5.2,6.5,11.8,5.8,3,5,"Good","Good","Yes","No","Partially","Neutral",3.3,"Yes - major barrier",35,7,5
"WGE-0596",2024-09-14,"Rangamati","Baghaichhari","School Student (Boy)",12,"Male","Tripura","Government Primary School","No","Yes","Yes","Partially",1,74.1,81.9,18,19,10.7,7.1,35,37,3.8,4.4,49.9,42.7,2,4,"Good","Excellent","No","No","Yes","Supports",3,"Yes - major barrier",58,6,3
"WGE-0597",2024-10-05,"Khagrachari","Panchhari","Community Stakeholder",45,"Male","Pangkhua","Government Primary School","Yes","No","Yes","Partially",2,82.2,100,16,17,23.2,14.3,46,50,5.4,7.5,38.2,27.3,3,5,"Good","Excellent","No","No","Yes","Strongly supports",4,"Yes - major barrier",48,8,5
"WGE-0598",2024-12-01,"Bandarban","Rowangchhari","Household (Parent/Guardian)",65,"Female","Marma","Government Secondary School","Yes","Yes","No","Yes",4,97,100,10,11,21.7,19.6,59,80,5.4,8.3,29.6,19.2,3,3,"Moderate","Excellent","No","Yes","No","Supports",5.2,"Yes - major barrier",41,8,5
"WGE-0599",2024-12-03,"Khagrachari","Dighinala","Teacher",40,"Male","Bengali","Government Primary School","No","Yes","Yes","No",4,79.7,86.9,20,21,23.5,17.2,60,78,5.2,8.6,36.5,30.7,2,5,"Moderate","Moderate","Yes","No","No","Neutral",3.7,"No barrier",66,10,4
"WGE-0600",2024-11-22,"Bandarban","Rowangchhari","School Student (Girl)",12,"Female","Marma","Government Primary School","Yes","Yes","No","Yes",3,89.7,99.9,12,15,12.3,5.8,33,40,5.1,7.5,48,37.5,3,4,"Excellent","Good","Yes","No","Yes","Supports",0.5,"Yes - major barrier",22,3,3
"WGE-0601",2024-10-27,"Khagrachari","Dighinala","School Student (Girl)",17,"Female","Tanchangya","Community Learning Centre","No","Yes","No","Partially",2,73.7,79.5,13,16,30.7,29.2,51,56,2.7,4,32.8,23.6,4,3,"Moderate","Good","No","Yes","Yes","Does not support",0.9,"Yes - major barrier",36,11,2
"WGE-0602",2024-10-10,"Khagrachari","Mahalchhari","Teacher",48,"Male","Pangkhua","NGO-run School","Yes","No","Yes","Partially",3,70.9,77.5,14,16,27.9,20.3,61,68,6.7,9.4,44.2,38.8,5,3,"Good","Moderate","No","Yes","Yes","Neutral",1.8,"Yes - major barrier",34,10,4
"WGE-0603",2024-10-10,"Khagrachari","Ramgarh","School Student (Boy)",10,"Male","Tripura","Government Secondary School","No","Yes","Yes","Partially",2,67.6,80.5,22,22,21,14.4,60,66,5.3,6.9,54.2,44.2,5,5,"Good","Good","Yes","Yes","Yes","Does not support",4,"No barrier",56,10,4
"WGE-0604",2024-10-26,"Khagrachari","Ramgarh","School Student (Girl)",16,"Female","Chakma","Government Primary School","Yes","No","No","Yes",3,71.5,79.7,17,20,16.2,10.1,57,82,4,6.9,53.7,44.8,4,4,"Good","Good","Yes","No","Partially","Supports",5.9,"Yes - major barrier",39,13,5
"WGE-0605",2024-10-30,"Rangamati","Kaptai","Household (Parent/Guardian)",31,"Female","Chakma","Government Primary School","No","Yes","Yes","Partially",3,80.8,89.9,16,17,19.7,14.6,34,39,4.5,6.8,28,11.5,2,5,"Moderate","Poor","Yes","No","Yes","Supports",0.5,"Yes - major barrier",19,8,5
"WGE-0606",2024-10-08,"Rangamati","Rajasthali","School Student (Boy)",12,"Male","Tripura","Government Primary School","No","Yes","No","Yes",3,84.7,96.3,14,18,28.7,19.9,18,24,5.6,7.5,30,19.4,4,5,"Good","Good","No","Yes","No","Strongly supports",3.7,"No barrier",37,6,4
"WGE-0607",2024-09-06,"Bandarban","Rowangchhari","School Student (Boy)",11,"Male","Khumi","Madrasa","Yes","Yes","No","No",2,83.3,91.7,20,22,18.2,10.9,59,69,4.8,5.1,60.8,56.2,2,4,"Excellent","Excellent","Yes","Yes","Yes","Does not support",4.1,"Yes - major barrier",57,7,4
"WGE-0608",2024-10-13,"Khagrachari","Mahalchhari","School Student (Girl)",14,"Female","Bengali","Government Primary School","Yes","Yes","No","No",3,57.9,67.4,19,21,26.3,19,36,47,2.9,5.2,26,18.2,1,3,"Good","Excellent","Yes","Yes","Yes","Neutral",3,"No barrier",32,9,4
"WGE-0609",2024-11-14,"Rangamati","Kaptai","School Student (Girl)",14,"Female","Tripura","Government Primary School","No","Yes","No","No",1,61.5,67.7,11,13,19.3,12.3,68,71,2.1,3,46.4,41.7,1,4,"Moderate","Moderate","No","Yes","Partially","Strongly supports",3.6,"Yes - major barrier",32,6,4
"WGE-0610",2024-09-11,"Bandarban","Ruma","School Student (Girl)",13,"Female","Marma","Government Secondary School","No","Yes","No","Partially",3,66.3,77.4,12,12,22,18.3,75,83,5.3,6.4,52.6,45.6,4,5,"Moderate","Good","No","Yes","No","Supports",2.5,"No barrier",40,12,5
"WGE-0611",2024-10-06,"Rangamati","Longadu","School Management Committee (SMC)",50,"Female","Pangkhua","Government Primary School","No","Yes","Yes","Yes",1,67.5,74.8,18,22,22.2,13.9,50,53,6.8,7.6,58.9,49.8,4,4,"Excellent","Moderate","No","Yes","Partially","Strongly supports",2.1,"Yes - minor barrier",47,5,4
"WGE-0612",2024-10-20,"Khagrachari","Ramgarh","School Student (Boy)",13,"Male","Pangkhua","Government Primary School","Yes","No","No","Yes",4,71.4,86.5,19,22,15.6,10.7,50,56,2.5,3.9,28.9,23.9,4,4,"Moderate","Moderate","No","Yes","Partially","Strongly supports",0.2,"No barrier",74,6,5
"WGE-0613",2024-11-01,"Rangamati","Naniarchar","Household (Parent/Guardian)",48,"Male","Bengali","Community Learning Centre","Yes","No","Yes","Partially",4,59,69.7,19,22,11.7,4.8,31,30,3.3,6.3,49.4,48.6,4,3,"Excellent","Good","No","No","Partially","Does not support",3.9,"Yes - minor barrier",21,5,2
"WGE-0614",2024-12-01,"Khagrachari","Khagrachari Sadar","Community Stakeholder",60,"Female","Tanchangya","Government Primary School","Yes","No","No","Partially",3,66.7,74.9,11,15,17.3,11.6,68,78,3.7,4.5,51.2,49.4,4,4,"Good","Moderate","Yes","Yes","Yes","Supports",2.3,"Yes - major barrier",85,8,5
"WGE-0615",2024-11-17,"Bandarban","Ruma","Teacher",46,"Male","Chakma","Government Secondary School","Yes","Yes","Yes","Partially",4,66.4,76.1,15,18,25,19.9,46,63,2.9,6.3,39.8,31.1,4,5,"Moderate","Good","Yes","No","Yes","Neutral",8.3,"Yes - minor barrier",59,12,4
"WGE-0616",2024-11-12,"Khagrachari","Dighinala","Household (Parent/Guardian)",30,"Male","Chakma","NGO-run School","Yes","No","No","No",3,70.6,81.8,17,19,24.1,18.5,47,62,4.3,6.3,66.9,58.9,4,4,"Poor","Good","No","Yes","Yes","Strongly supports",3.8,"Yes - major barrier",34,7,4
"WGE-0617",2024-11-09,"Bandarban","Bandarban Sadar","Household (Parent/Guardian)",41,"Female","Marma","Government Primary School","No","Yes","No","Partially",1,77,84.6,7,9,24.1,17.7,63,67,2.2,2.7,49,42.1,1,4,"Moderate","Excellent","No","Yes","Yes","Supports",3.5,"Yes - major barrier",14,1,4
"WGE-0618",2024-10-22,"Khagrachari","Dighinala","School Student (Girl)",14,"Female","Bawm","Madrasa","No","No","No","Yes",2,63.4,77,10,13,17.6,10.6,56,61,4.8,5.7,52.3,44.8,1,4,"Good","Moderate","Yes","No","No","Supports",6.5,"Yes - minor barrier",47,9,3
"WGE-0619",2024-10-04,"Bandarban","Ruma","Police/Law Enforcement",38,"Female","Bengali","Government Primary School","Yes","Yes","No","No",2,64.8,70.2,14,15,16,12.2,53,63,2.4,3.3,43.9,35.4,4,5,"Moderate","Excellent","Yes","Yes","Partially","Strongly supports",1.6,"Yes - minor barrier",28,7,4
"WGE-0620",2024-10-13,"Rangamati","Kaptai","School Student (Girl)",16,"Female","Bengali","Madrasa","Yes","No","Yes","Yes",2,88.4,99.6,16,18,18.1,10,60,65,3.4,5.3,38.5,33.6,4,1,"Poor","Excellent","No","Yes","Yes","Supports",3.8,"Yes - minor barrier",10,3,5
"WGE-0621",2024-10-05,"Rangamati","Naniarchar","Household (Parent/Guardian)",54,"Female","Chakma","Government Secondary School","No","Yes","No","No",2,71.2,85.6,14,14,1.8,0,64,71,4.5,5.9,62.5,56.2,3,3,"Excellent","Excellent","Yes","Yes","Partially","Supports",6.3,"No barrier",62,5,3
"WGE-0622",2024-10-02,"Khagrachari","Khagrachari Sadar","Household (Parent/Guardian)",40,"Female","Chakma","Government Primary School","No","Yes","No","Yes",3,57.4,66.6,16,18,21.3,16.9,57,64,4.5,5.1,17,6.4,4,4,"Moderate","Good","No","No","Yes","Supports",0.3,"Yes - minor barrier",47,18,3
"WGE-0623",2024-11-08,"Rangamati","Longadu","Teacher",36,"Male","Marma","NGO-run School","Yes","No","No","Yes",3,60.9,72.4,15,17,22.6,17.5,39,50,4.7,6.1,36.8,38.7,2,5,"Excellent","Excellent","Yes","No","No","Neutral",2.7,"Yes - minor barrier",20,10,3
"WGE-0624",2024-11-11,"Khagrachari","Dighinala","Household (Parent/Guardian)",45,"Female","Chakma","Government Primary School","Yes","Yes","No","No",1,68.5,84.2,17,20,26.1,20.9,54,58,4.4,4.8,43.2,36.1,2,5,"Excellent","Good","Yes","Yes","Yes","Strongly supports",7.1,"No barrier",26,11,3
"WGE-0625",2024-11-13,"Bandarban","Lama","Household (Parent/Guardian)",43,"Female","Tripura","Government Primary School","Yes","No","No","Yes",2,61.8,67.6,17,21,16.1,5.3,28,34,5.5,6.5,34.1,31.1,2,3,"Poor","Good","No","Yes","Partially","Supports",1.4,"Yes - minor barrier",32,7,1
"WGE-0626",2024-09-16,"Rangamati","Baghaichhari","School Student (Boy)",14,"Male","Marma","NGO-run School","No","No","No","Yes",1,80.3,92.9,16,18,11,8,37,39,2.2,2.8,50.8,41.8,3,5,"Poor","Good","Yes","Yes","Partially","Strongly supports",0.2,"Yes - major barrier",34,9,3
"WGE-0627",2024-09-06,"Bandarban","Lama","Household (Parent/Guardian)",36,"Female","Tanchangya","Madrasa","Yes","Yes","Yes","No",3,68.4,84.5,19,22,23.4,15.3,57,66,3.5,7.3,65.9,52.7,4,4,"Moderate","Moderate","No","No","Yes","Strongly supports",5.9,"Yes - minor barrier",46,12,5
"WGE-0628",2024-10-25,"Bandarban","Naikhongchhari","School Student (Boy)",13,"Male","Bawm","Madrasa","Yes","No","No","Partially",4,81.6,93.4,11,14,14.8,8.4,47,71,3.5,2.9,60.2,47.7,1,4,"Poor","Excellent","Yes","Yes","No","Strongly supports",3.7,"Yes - minor barrier",63,7,4
"WGE-0629",2024-09-25,"Rangamati","Baghaichhari","School Student (Boy)",14,"Male","Marma","NGO-run School","Yes","No","Yes","Yes",4,63.2,80.1,17,20,25.2,20.7,66,71,6.5,9.6,38.5,33.2,1,5,"Moderate","Excellent","No","No","Yes","Supports",3.7,"Yes - minor barrier",38,13,2
"WGE-0630",2024-10-10,"Bandarban","Rowangchhari","Teacher",33,"Male","Chakma","Government Secondary School","Yes","No","No","Yes",4,68.1,77.9,18,20,25.9,22,21,34,1,3,10.1,0,3,5,"Good","Excellent","Yes","Yes","Yes","Supports",2.4,"No barrier",45,9,4
"WGE-0631",2024-09-05,"Rangamati","Kaptai","School Management Committee (SMC)",21,"Male","Marma","Government Primary School","Yes","No","Yes","Partially",2,68.8,76.7,20,22,18.5,4,25,37,4.6,5.8,34.5,26.9,2,4,"Poor","Moderate","Yes","No","No","Neutral",0.2,"Yes - major barrier",41,12,4
"WGE-0632",2024-09-23,"Khagrachari","Panchhari","School Student (Girl)",14,"Female","Chak","Government Primary School","No","Yes","Yes","Yes",1,57.8,59.2,19,22,10.6,8.1,46,49,3.5,3.8,10,0,4,5,"Excellent","Good","Yes","Yes","Partially","Neutral",1.6,"Yes - major barrier",39,20,4
"WGE-0633",2024-11-23,"Rangamati","Naniarchar","Community Stakeholder",51,"Female","Murung","Government Primary School","Yes","Yes","Yes","No",4,65.4,73.6,21,22,22.2,11.5,31,50,1.1,1.7,54.3,36.2,2,5,"Moderate","Moderate","Yes","Yes","Yes","Supports",2.9,"Yes - major barrier",60,6,4
"WGE-0634",2024-09-25,"Bandarban","Lama","School Student (Boy)",19,"Male","Marma","Community Learning Centre","Yes","No","No","No",4,67.5,76.3,16,19,10.3,7.1,15,36,3.1,4.9,58.7,46.4,2,2,"Moderate","Excellent","Yes","Yes","Yes","Supports",0.2,"Yes - major barrier",50,10,4
"WGE-0635",2024-11-14,"Rangamati","Baghaichhari","Household (Parent/Guardian)",41,"Male","Chakma","Government Secondary School","No","Yes","No","No",2,59.3,60.8,18,20,34.1,22.8,66,78,3.7,3.9,40.9,32.4,4,4,"Poor","Good","Yes","No","Yes","Supports",1.7,"Yes - minor barrier",62,11,4
"WGE-0636",2024-11-02,"Bandarban","Naikhongchhari","Household (Parent/Guardian)",36,"Female","Chakma","Madrasa","Yes","Yes","Yes","Yes",2,85.9,96.2,22,22,14,10.1,35,46,4.5,5.4,38.5,30.4,1,3,"Moderate","Good","Yes","No","Yes","Strongly supports",3,"Yes - minor barrier",34,8,2
"WGE-0637",2024-09-10,"Bandarban","Lama","School Student (Boy)",14,"Male","Bengali","Government Primary School","Yes","No","Yes","No",4,75.9,90.8,18,18,11,11.3,59,70,4.4,6.6,54.6,47.4,3,2,"Good","Excellent","No","No","Yes","Strongly supports",3.8,"No barrier",60,6,5
"WGE-0638",2024-11-24,"Khagrachari","Ramgarh","Household (Parent/Guardian)",49,"Female","Marma","Government Secondary School","No","Yes","No","No",4,71.8,80.9,21,22,17,10.1,55,62,3.9,5.9,36.3,32.9,4,2,"Poor","Excellent","Yes","Yes","Partially","Strongly supports",0.2,"No barrier",56,8,4
"WGE-0639",2024-11-23,"Khagrachari","Khagrachari Sadar","Mother Club Member",19,"Female","Marma","NGO-run School","Yes","No","Yes","Yes",2,55.5,68.5,13,15,7.1,0.3,73,80,5.1,6.5,31.2,25.7,2,2,"Good","Excellent","No","Yes","Yes","Does not support",3.2,"Yes - major barrier",72,1,4
"WGE-0640",2024-09-19,"Khagrachari","Dighinala","Reproductive Health Community Worker (RHCW)",30,"Female","Tripura","Government Secondary School","Yes","No","No","No",1,61,74.2,12,15,18.3,14.7,55,56,3,3.3,55.9,50.1,4,4,"Moderate","Excellent","Yes","Yes","Yes","Neutral",3.9,"No barrier",54,6,5
"WGE-0641",2024-09-08,"Bandarban","Lama","School Management Committee (SMC)",50,"Male","Tripura","NGO-run School","Yes","Yes","No","Partially",2,80.4,91.8,19,21,21.3,14.6,46,47,4.7,5.3,42.1,35.4,5,2,"Moderate","Excellent","Yes","Yes","Partially","Supports",3.5,"No barrier",47,5,3
"WGE-0642",2024-10-16,"Khagrachari","Panchhari","Household (Parent/Guardian)",35,"Female","Murung","NGO-run School","Yes","No","Yes","Yes",2,100,100,15,15,27.6,18.5,44,56,6.1,7.6,57.3,46.6,5,5,"Poor","Good","Yes","Yes","Partially","Strongly supports",1.4,"Yes - major barrier",50,12,4
"WGE-0643",2024-11-20,"Khagrachari","Mahalchhari","Household (Parent/Guardian)",42,"Female","Marma","Government Secondary School","No","Yes","Yes","No",3,53.4,67.4,14,17,19.5,7.6,22,27,5.6,6.6,39.4,32.2,2,5,"Good","Excellent","Yes","No","Partially","Strongly supports",3.3,"Yes - minor barrier",40,14,4
"WGE-0644",2024-11-05,"Khagrachari","Mahalchhari","Community Stakeholder",40,"Male","Bengali","Government Primary School","Yes","No","No","Yes",4,53.9,61.8,11,11,22.3,11.4,30,48,4,5.8,38.6,28.9,2,4,"Poor","Good","Yes","Yes","Partially","Neutral",0.3,"No barrier",14,4,2
"WGE-0645",2024-09-24,"Khagrachari","Khagrachari Sadar","Household (Parent/Guardian)",52,"Male","Pangkhua","Madrasa","No","Yes","No","Yes",3,72.9,80.8,14,17,24.2,20.4,61,66,4.1,6,23.1,19.8,2,4,"Excellent","Moderate","No","Yes","Partially","Supports",3.5,"Yes - minor barrier",49,10,2
"WGE-0646",2024-11-19,"Bandarban","Ruma","School Student (Girl)",13,"Female","Chakma","NGO-run School","Yes","No","No","No",3,73.7,84.6,12,14,25,16.7,62,76,3.8,4,35.9,27.3,5,4,"Good","Good","No","No","Partially","Does not support",5,"Yes - major barrier",27,12,2
"WGE-0647",2024-09-29,"Bandarban","Lama","School Management Committee (SMC)",38,"Male","Tripura","Government Primary School","No","No","No","Yes",3,66.1,83,13,16,3.8,4.6,21,35,4,5.1,23.9,10,2,4,"Excellent","Good","No","Yes","Partially","Supports",3.8,"Yes - major barrier",45,5,1
"WGE-0648",2024-10-29,"Khagrachari","Dighinala","School Student (Boy)",10,"Male","Marma","Government Secondary School","Yes","Yes","No","Yes",4,71.3,82.1,22,22,24.8,20.5,56,63,4.5,5.8,22.1,20.5,1,4,"Moderate","Good","No","Yes","Yes","Strongly supports",1.8,"Yes - major barrier",74,18,4
"WGE-0649",2024-11-27,"Bandarban","Bandarban Sadar","Teacher",39,"Female","Bengali","Madrasa","Yes","No","No","No",4,94.4,98,20,20,26.2,19.3,48,67,4.1,6.4,45.6,39.3,3,5,"Poor","Moderate","No","Yes","Partially","Does not support",2.2,"No barrier",19,7,4
"WGE-0650",2024-10-31,"Rangamati","Longadu","School Student (Girl)",10,"Female","Marma","Government Secondary School","No","No","Yes","Yes",2,67.8,77.3,13,16,16.1,3.7,49,60,4.2,4.9,20.4,12.1,4,4,"Moderate","Good","Yes","Yes","No","Strongly supports",4.5,"No barrier",38,5,3
"WGE-0651",2024-11-29,"Bandarban","Ruma","School Student (Girl)",12,"Female","Chak","Community Learning Centre","No","No","No","Partially",2,86.6,100,15,19,22.1,18.3,80,86,5.4,6,41,37.7,3,4,"Excellent","Poor","Yes","No","Partially","Neutral",2.1,"No barrier",37,6,4
"WGE-0652",2024-10-24,"Khagrachari","Panchhari","Household (Parent/Guardian)",46,"Female","Marma","Government Primary School","Yes","Yes","No","Yes",2,75.2,92.2,15,17,19.3,10,45,57,6.3,8.4,39,31.1,1,4,"Poor","Excellent","Yes","Yes","Yes","Strongly supports",4.3,"No barrier",55,12,4
"WGE-0653",2024-11-11,"Bandarban","Lama","Reproductive Health Community Worker (RHCW)",25,"Female","Chakma","Government Primary School","Yes","Yes","No","Yes",2,68.1,78.5,16,19,23.8,16,50,58,6.5,8.1,46.7,39.2,1,5,"Moderate","Moderate","Yes","Yes","Partially","Supports",3,"No barrier",41,13,4
"WGE-0654",2024-11-19,"Rangamati","Baghaichhari","School Student (Girl)",17,"Female","Chakma","Government Primary School","No","Yes","No","Partially",1,77.1,85.6,17,21,18.1,10.8,61,63,4.5,5.2,38.1,30.3,4,3,"Poor","Good","Yes","Yes","Partially","Neutral",0.7,"Yes - major barrier",15,19,4
"WGE-0655",2024-11-04,"Khagrachari","Mahalchhari","School Student (Girl)",16,"Female","Chakma","Government Primary School","No","No","Yes","No",4,69,81.3,17,20,21.1,13.3,36,51,0,3.3,52.9,42.4,1,2,"Moderate","Good","No","Yes","No","Supports",7.4,"Yes - major barrier",63,6,5
"WGE-0656",2024-11-13,"Rangamati","Naniarchar","Community Stakeholder",65,"Female","Chakma","Government Secondary School","Yes","Yes","No","No",3,72.3,75.7,10,14,12,7.1,43,52,4.5,5.3,31.5,25.4,4,3,"Moderate","Good","No","No","Partially","Supports",1.5,"No barrier",46,6,4
"WGE-0657",2024-10-13,"Khagrachari","Khagrachari Sadar","Mother Club Member",25,"Female","Chakma","Government Secondary School","No","No","No","Yes",2,51.4,47.8,18,19,26.1,21,59,70,1.2,1.6,58.3,49.9,3,3,"Moderate","Good","Yes","Yes","Yes","Supports",0.7,"Yes - minor barrier",19,11,4
"WGE-0658",2024-09-12,"Khagrachari","Khagrachari Sadar","School Student (Boy)",16,"Male","Marma","NGO-run School","No","Yes","No","Yes",2,68.7,82.8,15,18,32.5,27.8,68,71,3,4.1,59.5,48.3,3,5,"Moderate","Good","No","Yes","Yes","Strongly supports",6.1,"Yes - major barrier",58,14,4
"WGE-0659",2024-11-24,"Bandarban","Naikhongchhari","Teacher",34,"Female","Chakma","Government Primary School","No","Yes","Yes","No",1,51,60.8,16,19,0,0,49,51,4,4.9,48.1,39.9,2,5,"Moderate","Excellent","Yes","Yes","Partially","Does not support",1.4,"Yes - major barrier",40,8,3
"WGE-0660",2024-09-15,"Bandarban","Bandarban Sadar","School Student (Girl)",11,"Female","Marma","Government Primary School","Yes","No","No","No",3,85,99.9,20,22,22.1,17.1,72,83,4.2,4.8,67.5,68.7,3,4,"Poor","Moderate","Yes","Yes","Yes","Supports",3.8,"No barrier",42,7,3
"WGE-0661",2024-11-25,"Rangamati","Longadu","Teacher",49,"Female","Murung","Community Learning Centre","No","Yes","Yes","Yes",4,60.4,68.8,15,18,36.9,26.2,59,73,6.5,6.6,26,13.6,2,2,"Good","Excellent","Yes","No","Partially","Supports",0.6,"Yes - major barrier",51,12,3
"WGE-0662",2024-10-15,"Rangamati","Longadu","School Student (Girl)",14,"Female","Tanchangya","Government Primary School","Yes","Yes","Yes","Yes",1,93.7,98,16,20,13.9,7.7,40,42,5.5,6.2,49,41.7,3,5,"Poor","Excellent","Yes","Yes","No","Neutral",1.5,"Yes - minor barrier",69,10,1
"WGE-0663",2024-10-02,"Khagrachari","Panchhari","Teacher",34,"Male","Tanchangya","Government Primary School","No","No","Yes","Yes",1,89.5,100,16,19,22.1,13.1,42,45,3.5,4.2,48.5,38.5,3,4,"Moderate","Moderate","Yes","Yes","Partially","Neutral",5,"Yes - major barrier",101,8,1
"WGE-0664",2024-09-25,"Rangamati","Baghaichhari","Household (Parent/Guardian)",49,"Male","Marma","NGO-run School","Yes","Yes","Yes","Partially",1,82.2,95.4,10,12,13.7,4.3,45,48,4.2,4.7,19.8,12.4,4,2,"Moderate","Excellent","Yes","Yes","Partially","Supports",4.5,"Yes - major barrier",50,10,3
"WGE-0665",2024-09-24,"Rangamati","Naniarchar","Household (Parent/Guardian)",24,"Female","Murung","Community Learning Centre","Yes","Yes","Yes","No",4,69.6,81.1,16,16,40.4,31.7,48,64,5.3,7.4,43.8,40.9,5,5,"Excellent","Excellent","Yes","Yes","Partially","Supports",4.3,"Yes - major barrier",62,9,4
"WGE-0666",2024-11-14,"Khagrachari","Ramgarh","School Student (Boy)",10,"Male","Chakma","Government Primary School","Yes","No","No","Yes",4,70.5,83.1,20,22,13.2,8.1,38,55,3.1,4.5,35.8,28.4,2,4,"Poor","Moderate","No","No","Yes","Supports",3.5,"No barrier",36,8,4
"WGE-0667",2024-11-12,"Rangamati","Kaptai","Household (Parent/Guardian)",37,"Female","Tanchangya","Government Primary School","No","No","No","Yes",1,66.6,75.7,17,21,23.1,13.8,82,84,5.9,6.1,45.3,42.2,3,4,"Good","Good","Yes","No","Yes","Strongly supports",5.3,"No barrier",10,3,3
"WGE-0668",2024-10-08,"Bandarban","Naikhongchhari","Household (Parent/Guardian)",38,"Female","Marma","NGO-run School","No","Yes","Yes","Partially",3,72.3,80.9,7,10,26.4,19.7,32,40,1.9,4.2,34,18.7,2,3,"Good","Moderate","Yes","No","Yes","Strongly supports",5.1,"No barrier",30,13,4
"WGE-0669",2024-10-09,"Rangamati","Kaptai","School Student (Girl)",17,"Female","Marma","Government Secondary School","Yes","Yes","No","Yes",2,77.6,83.2,11,13,17.3,13.9,67,69,3.4,3.7,38.3,33.3,1,3,"Good","Excellent","Yes","Yes","Partially","Strongly supports",2.7,"No barrier",55,8,5
"WGE-0670",2024-11-20,"Bandarban","Ruma","School Student (Boy)",17,"Male","Tripura","Community Learning Centre","Yes","Yes","Yes","Yes",2,68.7,81,19,21,9.3,4.1,36,46,2.8,3.1,51.9,51.9,2,3,"Good","Good","Yes","Yes","Partially","Neutral",2.4,"Yes - major barrier",56,7,5
"WGE-0671",2024-10-06,"Khagrachari","Mahalchhari","School Student (Girl)",11,"Female","Chakma","Government Secondary School","Yes","No","Yes","Yes",3,76.9,90.1,11,13,14.9,7.2,70,72,5.6,7.4,29,23.1,2,1,"Good","Moderate","No","Yes","No","Supports",1.9,"Yes - major barrier",68,9,5
"WGE-0672",2024-09-21,"Bandarban","Ruma","School Student (Girl)",13,"Female","Khumi","Madrasa","Yes","No","Yes","Yes",4,76.6,85,13,14,24.5,16.7,41,46,3.8,5,33,25.9,1,4,"Good","Good","Yes","Yes","No","Neutral",5.9,"No barrier",39,8,4
"WGE-0673",2024-11-30,"Khagrachari","Ramgarh","Teacher",32,"Female","Chakma","NGO-run School","Yes","Yes","Yes","Partially",2,81.1,84.9,13,15,13.4,8.4,46,51,5.5,6.4,41,31.3,2,3,"Excellent","Excellent","Yes","Yes","Yes","Strongly supports",1.3,"No barrier",37,10,4
"WGE-0674",2024-10-02,"Khagrachari","Mahalchhari","Reproductive Health Community Worker (RHCW)",26,"Female","Khumi","Government Primary School","Yes","Yes","No","Partially",4,80.1,91.3,16,18,10.1,3.1,36,51,2.9,5.7,55.2,52.1,4,1,"Excellent","Good","Yes","No","Partially","Supports",3.7,"Yes - major barrier",37,13,4
"WGE-0675",2024-09-23,"Rangamati","Baghaichhari","School Student (Girl)",13,"Female","Chakma","Government Secondary School","No","No","Yes","Yes",2,64,77.4,17,20,31.7,26.7,44,44,3.5,4.3,52.5,42.8,3,3,"Poor","Good","No","Yes","Yes","Strongly supports",0.9,"Yes - minor barrier",52,4,5
"WGE-0676",2024-10-09,"Bandarban","Ruma","School Student (Girl)",14,"Female","Tanchangya","Community Learning Centre","Yes","Yes","No","Partially",4,87.7,98.9,16,18,24.7,20.8,36,54,2.9,5.9,45.6,28.8,3,3,"Excellent","Good","No","Yes","Yes","Neutral",4.2,"Yes - minor barrier",36,5,3
"WGE-0677",2024-11-01,"Bandarban","Rowangchhari","School Management Committee (SMC)",50,"Male","Tripura","Government Primary School","Yes","No","No","Yes",4,76.8,81.9,14,17,0,0,32,43,7.6,10,36.7,26.8,2,2,"Moderate","Good","Yes","Yes","Partially","Neutral",2.3,"Yes - major barrier",69,7,5
"WGE-0678",2024-10-11,"Bandarban","Naikhongchhari","School Student (Boy)",10,"Male","Tripura","Government Primary School","Yes","Yes","Yes","Partially",3,78.7,85.8,11,13,13.6,9,75,83,2.4,4.3,36,31.7,1,3,"Moderate","Moderate","Yes","No","Partially","Supports",5.3,"Yes - minor barrier",71,8,3
"WGE-0679",2024-09-17,"Khagrachari","Mahalchhari","School Management Committee (SMC)",33,"Female","Marma","Madrasa","Yes","Yes","Yes","No",4,53.1,67.7,16,18,1.5,0,40,58,3.7,3.8,29.4,16,3,3,"Good","Good","Yes","Yes","Partially","Supports",4.2,"Yes - major barrier",33,10,5
"WGE-0680",2024-09-10,"Bandarban","Bandarban Sadar","School Student (Girl)",12,"Female","Marma","Government Primary School","Yes","No","No","Yes",2,69.8,73.5,11,15,25.2,24.4,51,60,3.6,4.6,29.6,21,1,4,"Moderate","Excellent","No","Yes","No","Supports",5.5,"Yes - major barrier",38,12,4
"WGE-0681",2024-09-26,"Khagrachari","Ramgarh","Household (Parent/Guardian)",26,"Female","Marma","Government Primary School","Yes","No","No","Yes",1,78.5,95.8,15,18,9.3,1.5,63,65,5.1,5.7,39.5,18.7,2,5,"Good","Excellent","Yes","Yes","Yes","Supports",1.8,"No barrier",50,6,4
"WGE-0682",2024-12-05,"Rangamati","Kaptai","School Student (Girl)",13,"Female","Khumi","Government Secondary School","No","No","No","Partially",4,90.8,100,14,17,26.9,19.4,61,75,5.5,7.1,55.6,40.7,3,5,"Good","Good","No","Yes","No","Supports",4.2,"Yes - minor barrier",50,12,5
"WGE-0683",2024-11-20,"Khagrachari","Panchhari","School Student (Boy)",11,"Male","Tanchangya","NGO-run School","Yes","Yes","No","Yes",3,55.4,61.2,9,10,20.3,12.7,76,89,3,5.9,50.1,39.6,2,4,"Poor","Good","No","Yes","No","Strongly supports",0.2,"Yes - major barrier",52,10,5
"WGE-0684",2024-10-08,"Khagrachari","Ramgarh","Household (Parent/Guardian)",43,"Female","Bawm","Government Secondary School","Yes","Yes","Yes","Yes",1,85.2,100,13,16,29.2,23.3,53,52,2.4,2.9,49.9,39.6,1,4,"Moderate","Good","No","No","Partially","Supports",4.4,"Yes - minor barrier",35,7,4
"WGE-0685",2024-11-01,"Bandarban","Bandarban Sadar","School Management Committee (SMC)",38,"Female","Tripura","Government Primary School","Yes","No","No","No",3,53.2,62.1,16,20,20.4,13.9,59,72,5.5,6.8,42.5,30.2,3,5,"Good","Moderate","Yes","Yes","Partially","Supports",5.2,"Yes - minor barrier",49,8,4
"WGE-0686",2024-10-08,"Khagrachari","Mahalchhari","School Management Committee (SMC)",57,"Female","Chakma","Government Primary School","Yes","No","Yes","Yes",4,70.9,78.2,12,14,16.1,13.8,50,57,0.3,3,49.7,39.6,5,5,"Excellent","Good","Yes","Yes","Partially","Strongly supports",2.4,"No barrier",45,7,4
"WGE-0687",2024-11-15,"Rangamati","Rajasthali","School Student (Boy)",15,"Male","Murung","Madrasa","No","No","Yes","Partially",2,72,85.3,17,20,18.7,15.7,41,45,2.4,3.9,41.7,32.2,3,3,"Excellent","Excellent","No","Yes","Partially","Supports",3.9,"No barrier",64,10,2
"WGE-0688",2024-10-13,"Rangamati","Kaptai","Mother Club Member",45,"Female","Tripura","Government Secondary School","Yes","Yes","No","Yes",3,63.6,75.2,21,22,23.5,19.5,52,59,3.4,5.2,43.5,43.4,1,2,"Moderate","Excellent","Yes","Yes","Partially","Supports",5.5,"Yes - major barrier",49,5,4
"WGE-0689",2024-09-18,"Rangamati","Baghaichhari","Teacher",52,"Female","Khumi","NGO-run School","Yes","Yes","No","Yes",3,83.7,93.9,18,22,28.1,17.5,38,51,4.9,7.3,43.8,31.1,5,3,"Poor","Good","No","No","Partially","Supports",2.6,"Yes - minor barrier",48,7,4
"WGE-0690",2024-12-03,"Rangamati","Longadu","School Student (Girl)",16,"Female","Marma","Government Secondary School","No","Yes","Yes","No",1,78.9,90.1,13,17,20.7,13.9,35,36,2.9,3.4,41.1,29.8,3,5,"Poor","Poor","Yes","No","Yes","Strongly supports",0.2,"Yes - major barrier",55,3,4
"WGE-0691",2024-11-25,"Bandarban","Ruma","Reproductive Health Community Worker (RHCW)",36,"Female","Bengali","Community Learning Centre","No","Yes","No","No",1,67.2,76.6,11,13,14.5,7.3,38,40,4.8,5.6,54,41.4,5,2,"Moderate","Moderate","Yes","Yes","Yes","Supports",0.2,"Yes - minor barrier",12,5,4
"WGE-0692",2024-10-24,"Khagrachari","Ramgarh","Household (Parent/Guardian)",21,"Male","Chakma","NGO-run School","Yes","Yes","No","No",1,87.3,96.2,12,13,25,20,46,50,3.3,3.6,50.4,40.1,3,5,"Good","Moderate","No","Yes","No","Supports",5.1,"No barrier",40,13,4
"WGE-0693",2024-10-30,"Bandarban","Ruma","School Management Committee (SMC)",28,"Male","Murung","Government Primary School","No","No","No","Yes",2,76.7,87,22,22,22.4,17,32,42,3,4.2,34.9,23.4,1,5,"Good","Good","Yes","Yes","Partially","Strongly supports",2.6,"No barrier",21,5,5
"WGE-0694",2024-11-02,"Rangamati","Rajasthali","School Student (Girl)",13,"Female","Chakma","Government Primary School","Yes","Yes","No","No",2,66.2,69.1,11,13,26.3,18.7,34,41,2.7,3.8,34.1,30.8,4,4,"Poor","Moderate","Yes","Yes","Partially","Does not support",2.6,"Yes - minor barrier",73,15,3
"WGE-0695",2024-09-23,"Bandarban","Ruma","Household (Parent/Guardian)",48,"Female","Chakma","Government Primary School","Yes","Yes","Yes","Yes",2,59,70.2,11,14,13.8,6.7,32,38,6.4,7.7,50.2,41.9,1,3,"Moderate","Moderate","Yes","No","Yes","Neutral",1,"Yes - major barrier",33,3,5
"WGE-0696",2024-09-22,"Bandarban","Naikhongchhari","School Student (Girl)",16,"Female","Chakma","Government Secondary School","Yes","No","No","Yes",3,66.4,72.6,22,22,3.2,0,45,43,5.7,7.8,22.5,9.8,2,5,"Good","Excellent","Yes","Yes","Yes","Supports",3.6,"Yes - major barrier",71,1,4
"WGE-0697",2024-11-16,"Khagrachari","Ramgarh","School Student (Boy)",14,"Male","Marma","Government Secondary School","Yes","No","No","Partially",1,57.1,65.1,14,14,28.1,20.6,50,53,3.5,3.4,54.6,50.5,3,3,"Poor","Excellent","No","Yes","No","Strongly supports",0.9,"Yes - major barrier",43,10,4
"WGE-0698",2024-09-09,"Rangamati","Kaptai","Household (Parent/Guardian)",32,"Female","Khumi","Madrasa","Yes","No","No","No",3,62.6,68.1,11,15,22.2,14.7,57,68,4.3,5.8,54.3,44.7,1,2,"Poor","Excellent","Yes","Yes","Yes","Strongly supports",3.7,"Yes - minor barrier",50,9,1
"WGE-0699",2024-10-24,"Bandarban","Ruma","Household (Parent/Guardian)",45,"Male","Marma","Government Secondary School","No","Yes","No","No",4,86.1,91.2,14,16,6.2,0.2,30,26,5.5,8,49.2,41.4,3,2,"Good","Good","Yes","No","Yes","Strongly supports",2,"Yes - major barrier",34,6,4
"WGE-0700",2024-11-27,"Rangamati","Kaptai","Household (Parent/Guardian)",57,"Male","Chakma","NGO-run School","Yes","Yes","No","Partially",2,65.6,69.9,16,19,23.5,13.5,33,40,2.6,3.1,56.1,46.9,2,5,"Good","Excellent","Yes","Yes","Yes","Supports",5.7,"No barrier",39,13,3
"WGE-0701",2024-10-09,"Bandarban","Naikhongchhari","School Student (Girl)",11,"Female","Tripura","Madrasa","No","Yes","No","No",2,82.3,95.4,15,20,10.5,7.2,52,53,2.3,2.8,10,0,3,3,"Moderate","Excellent","No","Yes","Partially","Supports",3.7,"Yes - minor barrier",31,9,3
"WGE-0702",2024-10-20,"Khagrachari","Panchhari","Teacher",27,"Female","Marma","NGO-run School","Yes","No","Yes","Yes",3,65,86.6,13,17,19.7,14.2,55,69,3.8,5.8,32.5,20.4,5,4,"Good","Good","Yes","Yes","No","Supports",3.4,"Yes - minor barrier",35,4,4
"WGE-0703",2024-11-13,"Rangamati","Naniarchar","School Student (Girl)",13,"Female","Khumi","NGO-run School","Yes","Yes","No","Partially",2,78.6,90.5,15,16,17.4,14.6,32,35,5.8,7.3,47.1,42.3,2,2,"Moderate","Poor","Yes","Yes","Partially","Strongly supports",6.3,"No barrier",35,13,5
"WGE-0704",2024-11-09,"Rangamati","Kaptai","Reproductive Health Community Worker (RHCW)",44,"Female","Khumi","Government Secondary School","Yes","No","Yes","Partially",1,47.9,55.8,11,14,25.7,18.3,47,50,4.2,5.1,28.1,17.8,3,4,"Poor","Excellent","Yes","Yes","Yes","Supports",3.6,"Yes - major barrier",54,13,4
"WGE-0705",2024-09-08,"Bandarban","Ruma","School Student (Girl)",14,"Female","Murung","Government Secondary School","No","Yes","No","No",4,60,66.9,14,15,5.7,0,48,56,4.8,6.3,80.2,69.6,1,4,"Poor","Moderate","Yes","Yes","Partially","Supports",1.9,"No barrier",52,9,3
"WGE-0706",2024-11-25,"Khagrachari","Mahalchhari","School Student (Girl)",11,"Female","Marma","Madrasa","Yes","No","No","Partially",1,61.1,62.9,6,10,23.3,21.6,50,54,5.3,5.4,40.2,26.4,3,4,"Excellent","Moderate","Yes","Yes","Yes","Strongly supports",7.7,"Yes - major barrier",50,3,4
"WGE-0707",2024-10-21,"Rangamati","Naniarchar","School Student (Boy)",12,"Male","Pangkhua","Government Secondary School","No","No","No","No",3,74.8,81.7,18,20,14.3,4,52,58,0.8,2.6,42,35.6,1,4,"Moderate","Moderate","Yes","No","Yes","Neutral",3,"Yes - minor barrier",65,3,5
"WGE-0708",2024-10-21,"Khagrachari","Mahalchhari","Household (Parent/Guardian)",27,"Female","Chakma","Government Primary School","No","No","No","Yes",4,79.1,92.4,18,20,15.6,7.1,35,49,2.4,5,46.9,37.9,2,3,"Moderate","Good","No","Yes","Yes","Strongly supports",4.2,"No barrier",60,1,2
"WGE-0709",2024-09-20,"Rangamati","Rajasthali","School Student (Girl)",11,"Female","Tripura","Government Secondary School","Yes","No","No","Yes",1,68.8,82.9,15,17,18.9,15.5,53,56,2.9,3.5,49.4,41.3,5,5,"Good","Excellent","No","Yes","Yes","Supports",3.4,"Yes - major barrier",45,6,4
"WGE-0710",2024-09-03,"Khagrachari","Ramgarh","School Student (Girl)",11,"Female","Murung","Government Primary School","No","No","No","Yes",4,73.3,81.5,16,18,15.2,7.1,59,68,3.5,6.5,29.2,19.1,3,3,"Poor","Moderate","No","Yes","Partially","Neutral",2.6,"No barrier",55,11,5
"WGE-0711",2024-09-23,"Khagrachari","Dighinala","Household (Parent/Guardian)",42,"Female","Bengali","Government Primary School","No","Yes","No","Partially",3,66,81.6,22,22,17.2,10.3,49,59,3,4,53.6,39.8,3,4,"Poor","Excellent","No","No","No","Neutral",1.3,"Yes - minor barrier",49,9,5
"WGE-0712",2024-10-25,"Bandarban","Rowangchhari","Teacher",36,"Male","Tripura","Government Primary School","Yes","Yes","No","No",1,70.7,72.2,16,20,13.9,14,41,42,2.7,3.2,55.1,42,3,5,"Moderate","Excellent","Yes","No","Partially","Does not support",2.2,"No barrier",67,3,4
"WGE-0713",2024-10-24,"Khagrachari","Dighinala","School Student (Boy)",15,"Male","Marma","Government Secondary School","No","Yes","No","Yes",1,72.6,81.9,17,22,19.2,14.3,35,36,3.4,4.3,37.3,37.7,2,4,"Moderate","Good","Yes","Yes","Yes","Neutral",1.2,"Yes - minor barrier",37,9,4
"WGE-0714",2024-09-18,"Rangamati","Baghaichhari","School Student (Girl)",13,"Female","Chakma","NGO-run School","Yes","Yes","No","Partially",2,75.3,80.5,22,22,21.3,9.2,23,27,3.4,4.5,71.6,57.1,5,4,"Excellent","Excellent","No","Yes","Yes","Supports",0.2,"No barrier",79,7,4
"WGE-0715",2024-09-06,"Rangamati","Baghaichhari","Mother Club Member",45,"Female","Chakma","NGO-run School","No","Yes","Yes","No",3,61.4,72.3,13,16,18.2,8.8,23,36,3.1,4,58.6,48.7,3,4,"Moderate","Excellent","Yes","No","Yes","Neutral",1.6,"Yes - major barrier",20,3,4
"WGE-0716",2024-11-12,"Bandarban","Rowangchhari","Household (Parent/Guardian)",51,"Female","Tripura","NGO-run School","Yes","Yes","No","Yes",3,50,59.9,13,15,20.1,14.6,52,53,4.7,5.9,55.3,44,1,5,"Good","Excellent","Yes","No","Partially","Supports",1.3,"Yes - major barrier",10,9,4
"WGE-0717",2024-11-14,"Rangamati","Rajasthali","School Student (Girl)",12,"Female","Murung","Government Primary School","Yes","No","No","Partially",2,81.9,94.4,16,20,7.1,4.9,15,27,3.8,4.6,60.2,51.9,4,4,"Good","Good","Yes","Yes","Yes","Strongly supports",3.6,"Yes - minor barrier",38,14,5
"WGE-0718",2024-09-05,"Rangamati","Naniarchar","Community Stakeholder",59,"Male","Chakma","Community Learning Centre","Yes","Yes","Yes","No",4,78,92.3,12,14,10.9,9.5,60,71,3.3,6.1,50.1,41.3,3,4,"Poor","Good","Yes","No","Yes","Supports",2.9,"No barrier",43,7,4
"WGE-0719",2024-11-21,"Rangamati","Baghaichhari","Police/Law Enforcement",37,"Female","Tripura","Government Primary School","No","Yes","No","Partially",2,72.5,91.5,20,22,22,12.1,59,64,3.1,3.7,29.2,17.5,2,1,"Good","Moderate","Yes","Yes","Yes","Strongly supports",5.8,"Yes - minor barrier",60,7,5
"WGE-0720",2024-11-17,"Khagrachari","Mahalchhari","School Student (Boy)",17,"Male","Tripura","NGO-run School","Yes","No","No","No",4,68.9,76.6,16,20,14,4.3,44,49,3.6,4.5,73.9,70.6,4,5,"Moderate","Excellent","No","Yes","No","Strongly supports",0.2,"Yes - major barrier",60,8,2
"WGE-0721",2024-11-01,"Bandarban","Ruma","School Student (Boy)",13,"Male","Chak","Government Secondary School","Yes","Yes","Yes","No",2,81.2,94.2,14,20,32.6,26.3,71,68,4.7,6.6,34.7,29.7,5,2,"Poor","Good","No","Yes","Partially","Strongly supports",4.4,"No barrier",23,13,4
"WGE-0722",2024-11-23,"Khagrachari","Ramgarh","School Student (Boy)",14,"Male","Murung","NGO-run School","Yes","No","No","Partially",2,92.5,100,19,22,10.6,2.9,46,51,5.9,7,43.3,28.6,2,3,"Moderate","Good","No","No","Yes","Supports",3.1,"Yes - major barrier",38,9,5
"WGE-0723",2024-11-03,"Rangamati","Longadu","Mother Club Member",30,"Female","Chak","NGO-run School","No","Yes","No","Yes",1,67,73.5,16,19,19.9,16.1,36,40,4.8,5.2,68.9,64.5,1,2,"Good","Excellent","Yes","Yes","Partially","Supports",2.2,"Yes - major barrier",57,8,3
"WGE-0724",2024-11-08,"Khagrachari","Mahalchhari","School Student (Girl)",14,"Female","Marma","Community Learning Centre","Yes","No","Yes","Partially",2,69.7,81.2,15,16,33.4,24,46,53,3.9,5.2,33.6,21.8,3,4,"Excellent","Good","Yes","Yes","Yes","Supports",1.8,"Yes - minor barrier",24,9,4
"WGE-0725",2024-09-29,"Rangamati","Baghaichhari","School Student (Girl)",14,"Female","Marma","Government Primary School","Yes","Yes","Yes","Yes",2,56,66.5,14,16,19.7,10.9,66,70,5.9,6.3,10,4.9,2,4,"Poor","Excellent","No","Yes","Partially","Supports",3.1,"Yes - major barrier",61,7,3
"WGE-0726",2024-11-20,"Bandarban","Bandarban Sadar","Household (Parent/Guardian)",50,"Female","Chakma","Government Secondary School","Yes","No","No","Yes",1,66,74.7,22,22,27.1,19.6,46,51,1.5,1.8,23.4,14,1,4,"Good","Good","No","Yes","Partially","Supports",4.3,"No barrier",19,11,1
"WGE-0727",2024-09-29,"Rangamati","Kaptai","Community Stakeholder",43,"Female","Tripura","Government Primary School","Yes","Yes","No","No",4,99.6,100,17,19,18.7,8.2,54,59,3,4.5,52.8,43.4,1,1,"Good","Excellent","Yes","Yes","Yes","Supports",1,"Yes - minor barrier",37,6,2
"WGE-0728",2024-09-24,"Rangamati","Rajasthali","Household (Parent/Guardian)",44,"Female","Bengali","Government Primary School","Yes","Yes","No","No",4,90.7,94.9,14,16,11.8,9.2,81,91,5.5,5.5,68.8,62.3,2,3,"Moderate","Moderate","No","No","Partially","Supports",0.2,"Yes - minor barrier",85,12,4
"WGE-0729",2024-11-17,"Bandarban","Lama","School Student (Boy)",16,"Male","Chakma","Government Secondary School","No","No","No","Yes",1,71.4,84,20,22,20.7,14.5,55,57,1.1,2,37.8,21.6,2,4,"Good","Good","Yes","No","Partially","Strongly supports",0.7,"No barrier",38,10,5
"WGE-0730",2024-11-08,"Rangamati","Longadu","School Student (Boy)",16,"Male","Khumi","Government Primary School","Yes","Yes","No","Yes",4,67.3,76.4,13,15,23,21.4,34,29,5.2,7.6,44.3,42.8,2,5,"Good","Excellent","Yes","No","Yes","Strongly supports",1.3,"No barrier",66,10,4
"WGE-0731",2024-11-24,"Bandarban","Bandarban Sadar","Household (Parent/Guardian)",41,"Female","Chakma","Government Secondary School","No","Yes","Yes","Partially",2,66.2,74.8,13,13,10.4,7.4,67,73,2.4,3.8,49.5,35.2,2,3,"Good","Good","No","Yes","Yes","Supports",2.6,"No barrier",37,9,5
"WGE-0732",2024-09-20,"Rangamati","Longadu","School Student (Girl)",11,"Female","Tripura","Government Primary School","Yes","Yes","Yes","No",4,66.1,74.7,15,19,22.7,16.8,49,62,3.8,5.1,47.9,42.3,2,5,"Moderate","Good","Yes","Yes","Yes","Neutral",2.5,"Yes - major barrier",30,8,4
"WGE-0733",2024-10-23,"Rangamati","Rajasthali","School Student (Girl)",12,"Female","Bengali","Government Secondary School","No","No","Yes","Partially",1,72.1,82,12,15,23.9,11.9,56,60,2.5,3.3,52.2,39.1,4,4,"Moderate","Good","Yes","Yes","No","Does not support",2.4,"Yes - major barrier",80,7,5
"WGE-0734",2024-10-13,"Rangamati","Longadu","Teacher",38,"Male","Pangkhua","Government Secondary School","Yes","Yes","No","Yes",2,84.5,94.7,18,18,19.9,12,67,75,2.5,4.9,31.2,24,1,1,"Moderate","Poor","Yes","No","Partially","Strongly supports",3.4,"No barrier",58,9,4
"WGE-0735",2024-10-09,"Khagrachari","Dighinala","Household (Parent/Guardian)",37,"Female","Bengali","Government Secondary School","Yes","Yes","Yes","Partially",4,76.2,82.9,15,19,15.4,10.7,53,56,3.3,5.8,57,43.6,5,4,"Good","Excellent","Yes","Yes","Partially","Neutral",0.2,"Yes - major barrier",30,11,3
"WGE-0736",2024-11-11,"Bandarban","Rowangchhari","Reproductive Health Community Worker (RHCW)",29,"Female","Marma","Government Secondary School","No","Yes","Yes","Partially",3,65.5,76.5,17,20,21.3,17.5,47,60,2,3.1,22.1,7.2,2,4,"Moderate","Good","No","Yes","No","Supports",4,"Yes - minor barrier",26,13,4
"WGE-0737",2024-10-29,"Bandarban","Naikhongchhari","School Student (Girl)",14,"Female","Tanchangya","Government Secondary School","No","Yes","No","No",3,62.3,70.6,14,16,20.6,9.8,49,54,3.5,4.7,58.8,55.1,1,4,"Poor","Good","Yes","Yes","Yes","Neutral",3.3,"No barrier",68,7,4
"WGE-0738",2024-09-12,"Rangamati","Kaptai","Mother Club Member",25,"Female","Marma","Government Primary School","No","Yes","No","No",1,64.3,78,18,18,16,7.7,55,62,5.2,6.2,10,5.2,3,5,"Excellent","Moderate","Yes","No","Partially","Supports",0.9,"Yes - minor barrier",22,8,5
"WGE-0739",2024-09-28,"Khagrachari","Panchhari","School Student (Girl)",12,"Female","Tripura","NGO-run School","Yes","Yes","No","Yes",4,69.4,76.4,12,14,28.7,24.7,57,73,2,4.4,28.3,14.9,3,4,"Moderate","Excellent","No","No","No","Strongly supports",3.8,"No barrier",39,8,2
"WGE-0740",2024-09-19,"Khagrachari","Panchhari","Teacher",32,"Male","Chakma","Madrasa","Yes","No","Yes","Yes",2,79.6,89.7,21,22,9.2,4,27,28,2.2,3.6,30.3,19,4,4,"Poor","Excellent","No","Yes","Yes","Neutral",4.3,"Yes - minor barrier",44,5,4
"WGE-0741",2024-09-23,"Bandarban","Ruma","School Student (Girl)",14,"Female","Tripura","Government Secondary School","Yes","Yes","No","Yes",3,66.6,74.3,17,19,6.7,0,26,34,2.5,2.6,45.6,36.1,2,4,"Poor","Poor","No","Yes","Partially","Does not support",6.2,"Yes - minor barrier",65,8,4
"WGE-0742",2024-09-24,"Rangamati","Kaptai","School Student (Boy)",13,"Male","Marma","Government Primary School","No","No","Yes","Yes",3,77.7,90.1,16,18,13,8,34,44,3.9,5.2,24.7,17.9,2,3,"Excellent","Good","Yes","Yes","Partially","Neutral",0.2,"Yes - minor barrier",24,8,2
"WGE-0743",2024-11-25,"Khagrachari","Ramgarh","Household (Parent/Guardian)",40,"Female","Marma","Government Secondary School","Yes","No","No","Yes",2,81,94.1,13,15,17.8,17.8,48,52,4.1,5.6,44.5,42.6,2,4,"Good","Excellent","No","No","Yes","Supports",2.6,"Yes - minor barrier",50,12,5
"WGE-0744",2024-11-18,"Rangamati","Naniarchar","Teacher",34,"Male","Murung","Madrasa","Yes","No","Yes","Yes",1,72.5,81.5,14,19,16.2,7.7,62,63,3.6,4.5,36.2,31.2,3,4,"Poor","Good","Yes","Yes","Yes","Strongly supports",1.9,"Yes - minor barrier",32,11,5
"WGE-0745",2024-09-08,"Khagrachari","Dighinala","School Student (Girl)",13,"Female","Bawm","Community Learning Centre","No","No","No","Yes",2,49.4,54.7,21,22,20.9,14.2,66,74,3.3,4.7,48.9,39.3,3,4,"Good","Good","No","No","Yes","Neutral",5.9,"Yes - major barrier",54,7,3
"WGE-0746",2024-09-29,"Khagrachari","Khagrachari Sadar","Household (Parent/Guardian)",38,"Female","Marma","NGO-run School","Yes","No","No","Partially",2,64,70.3,18,20,15.7,10.8,26,30,1.7,2.6,23.7,19.1,4,4,"Poor","Excellent","Yes","No","Partially","Strongly supports",7.1,"No barrier",53,6,3
"WGE-0747",2024-11-18,"Rangamati","Kaptai","School Student (Girl)",14,"Female","Bengali","NGO-run School","Yes","No","No","Partially",2,59.3,71.6,13,17,24.4,22,38,42,4.4,5.9,30.3,23.4,4,5,"Poor","Excellent","Yes","Yes","Yes","Supports",0.2,"Yes - minor barrier",26,4,4
"WGE-0748",2024-10-11,"Bandarban","Naikhongchhari","Reproductive Health Community Worker (RHCW)",21,"Female","Murung","NGO-run School","No","No","No","Partially",4,92.4,100,15,18,30.3,22.5,26,33,5.5,5.9,34.7,26.6,2,4,"Moderate","Moderate","No","Yes","Yes","Supports",4.2,"No barrier",34,5,4
"WGE-0749",2024-10-18,"Bandarban","Rowangchhari","School Student (Girl)",14,"Female","Marma","NGO-run School","Yes","Yes","Yes","Partially",2,65,74,15,19,27,19.7,43,46,1,2,24.4,14.3,2,3,"Good","Good","Yes","Yes","Partially","Supports",0.2,"No barrier",59,11,5
"WGE-0750",2024-09-16,"Bandarban","Lama","School Student (Girl)",14,"Female","Tripura","Community Learning Centre","Yes","Yes","Yes","No",3,60.6,64.7,16,20,14.3,9.7,58,69,2.4,4.6,34,21.5,5,5,"Good","Excellent","Yes","No","Partially","Supports",3.8,"Yes - minor barrier",32,9,4
"WGE-0751",2024-11-19,"Khagrachari","Dighinala","Reproductive Health Community Worker (RHCW)",25,"Female","Bengali","Madrasa","No","Yes","No","No",4,61.8,73.8,12,15,8.4,0.5,34,40,1.2,1.1,67.6,59.2,3,4,"Moderate","Excellent","Yes","Yes","Yes","Does not support",5.4,"Yes - minor barrier",49,8,5
"WGE-0752",2024-10-20,"Rangamati","Longadu","Reproductive Health Community Worker (RHCW)",28,"Female","Chakma","Madrasa","Yes","Yes","No","Yes",1,76.9,88.2,14,18,16.6,14,49,51,4.9,5.4,24.3,21.8,1,4,"Poor","Excellent","Yes","Yes","Partially","Neutral",0.2,"Yes - major barrier",36,11,4
"WGE-0753",2024-10-22,"Khagrachari","Dighinala","School Student (Girl)",10,"Female","Chakma","NGO-run School","Yes","No","Yes","Yes",4,78.1,84.3,19,21,10.1,4.1,36,48,5,9.9,54.7,53,3,4,"Good","Good","Yes","No","Yes","Strongly supports",1.2,"No barrier",73,7,5
"WGE-0754",2024-10-30,"Khagrachari","Panchhari","School Student (Girl)",15,"Female","Tripura","Government Secondary School","Yes","No","No","No",3,56.7,60.5,11,15,13.1,4.9,74,80,2,3.2,62.1,45,3,3,"Excellent","Excellent","Yes","Yes","Yes","Strongly supports",2.3,"Yes - minor barrier",47,12,1
"WGE-0755",2024-10-17,"Rangamati","Baghaichhari","Community Stakeholder",30,"Male","Bawm","Government Secondary School","Yes","No","Yes","Partially",4,72.7,83.6,15,16,14.8,11.2,80,81,3.9,6.1,47.2,40.5,3,4,"Moderate","Good","No","Yes","No","Supports",5.4,"No barrier",48,9,4
"WGE-0756",2024-10-09,"Khagrachari","Ramgarh","Mother Club Member",39,"Female","Pangkhua","Government Primary School","Yes","Yes","No","Yes",3,62.4,73.3,16,18,7.9,7,59,74,3.2,5.6,62.3,57.2,1,3,"Poor","Good","Yes","Yes","Yes","Supports",1.1,"Yes - minor barrier",61,9,4
"WGE-0757",2024-10-22,"Rangamati","Baghaichhari","Police/Law Enforcement",48,"Female","Murung","NGO-run School","Yes","Yes","Yes","Yes",3,77,91.3,22,22,16.9,6.4,36,53,1.8,4.2,58.6,47.7,3,2,"Moderate","Moderate","No","No","Yes","Does not support",4.6,"Yes - major barrier",25,7,3
"WGE-0758",2024-10-03,"Rangamati","Kaptai","School Student (Girl)",11,"Female","Chakma","Government Primary School","No","No","No","Yes",2,75.5,87,12,12,13.4,5.2,56,63,5,6.4,17.1,12.6,2,5,"Excellent","Poor","No","No","Partially","Supports",4.2,"Yes - major barrier",40,11,5
"WGE-0759",2024-10-27,"Bandarban","Lama","School Student (Girl)",12,"Female","Chakma","Government Primary School","No","Yes","No","Partially",4,76.4,89.1,17,20,29.7,17.6,42,65,1.9,5.8,25.4,9.2,2,3,"Moderate","Poor","Yes","Yes","Yes","Supports",0.7,"Yes - major barrier",46,9,3
"WGE-0760",2024-11-20,"Rangamati","Kaptai","School Student (Girl)",12,"Female","Tripura","Madrasa","Yes","No","Yes","Yes",1,66,72.6,22,22,18.1,8.8,42,46,0,0.4,46.9,40,5,5,"Moderate","Excellent","Yes","No","Yes","Supports",1.9,"No barrier",15,11,5
"WGE-0761",2024-11-22,"Khagrachari","Panchhari","Household (Parent/Guardian)",50,"Female","Tanchangya","Community Learning Centre","Yes","No","No","No",2,87.5,90.9,14,16,22,16.9,79,83,2.7,3.5,19.6,16.9,3,3,"Excellent","Excellent","No","No","Yes","Neutral",1.8,"Yes - minor barrier",49,2,1
"WGE-0762",2024-10-02,"Rangamati","Baghaichhari","School Student (Girl)",13,"Female","Khumi","Madrasa","No","No","No","Yes",2,59.6,67.5,12,14,19.5,10.9,33,40,0,1.1,54.3,48.4,1,5,"Moderate","Good","Yes","No","Yes","Supports",3,"Yes - minor barrier",46,12,4
"WGE-0763",2024-09-07,"Khagrachari","Mahalchhari","Household (Parent/Guardian)",48,"Male","Chak","Government Secondary School","Yes","No","No","Yes",3,73.2,85.8,15,18,8.4,0,57,62,3.1,4.7,59.5,55,2,4,"Moderate","Moderate","Yes","No","Yes","Supports",2,"Yes - minor barrier",20,11,5
"WGE-0764",2024-09-26,"Bandarban","Rowangchhari","School Student (Boy)",15,"Male","Tripura","Community Learning Centre","Yes","Yes","No","Yes",3,73.3,77.4,19,19,19,8.2,44,47,4.5,6.3,41.1,35.8,3,4,"Good","Good","No","Yes","Partially","Supports",2.4,"Yes - minor barrier",52,14,4
"WGE-0765",2024-11-03,"Rangamati","Longadu","School Student (Girl)",15,"Female","Bawm","Government Primary School","Yes","Yes","No","Partially",4,49.4,56.7,16,18,33.8,26.1,48,44,3.8,6.4,37.9,32,2,3,"Moderate","Excellent","No","Yes","Yes","Strongly supports",2.7,"No barrier",60,8,5
"WGE-0766",2024-10-20,"Rangamati","Kaptai","School Student (Girl)",13,"Female","Tanchangya","Government Secondary School","No","No","No","Yes",1,76.8,84.6,15,18,26.3,21.1,65,72,1.6,2.6,66.1,57.2,3,4,"Excellent","Moderate","Yes","No","No","Strongly supports",5.4,"No barrier",43,8,4
"WGE-0767",2024-11-24,"Khagrachari","Mahalchhari","School Management Committee (SMC)",42,"Female","Chakma","NGO-run School","No","Yes","No","No",3,71.3,86.2,16,19,25.3,18.5,46,51,3.6,5,61.9,54.9,2,2,"Good","Good","Yes","Yes","No","Neutral",2.4,"Yes - major barrier",53,9,4
"WGE-0768",2024-09-17,"Bandarban","Bandarban Sadar","Community Stakeholder",35,"Male","Marma","NGO-run School","No","No","Yes","Partially",2,65.7,74.9,20,20,27.4,22.1,15,18,2.5,3.9,64.1,58,3,4,"Moderate","Poor","No","No","Partially","Neutral",2.4,"Yes - major barrier",59,8,5
"WGE-0769",2024-09-18,"Rangamati","Longadu","School Student (Boy)",15,"Male","Chakma","Government Primary School","No","No","No","Yes",1,75.8,86.7,19,22,14.1,6.5,34,39,5.7,6.3,60.9,55.3,3,4,"Good","Moderate","Yes","Yes","Partially","Supports",4.1,"No barrier",61,7,4
"WGE-0770",2024-11-13,"Rangamati","Longadu","Household (Parent/Guardian)",40,"Female","Pangkhua","Government Primary School","Yes","Yes","No","Yes",2,73.9,83.5,17,19,32.3,26.4,58,66,5,5.7,16.3,0,2,3,"Moderate","Excellent","No","Yes","No","Supports",0.2,"Yes - minor barrier",45,6,2
"WGE-0771",2024-09-04,"Rangamati","Baghaichhari","School Student (Girl)",16,"Female","Marma","Community Learning Centre","Yes","Yes","No","No",3,46.9,50.1,16,19,16.8,14.4,50,55,3.2,4.7,52.3,46.1,4,5,"Moderate","Excellent","No","Yes","Partially","Supports",2.5,"Yes - major barrier",35,8,5
"WGE-0772",2024-09-15,"Bandarban","Ruma","School Student (Girl)",12,"Female","Chakma","Government Primary School","No","No","Yes","No",4,92.9,100,21,22,34,30.1,43,63,5.5,8,10,0,2,4,"Poor","Good","Yes","No","No","Neutral",7.2,"Yes - minor barrier",12,12,4
"WGE-0773",2024-11-15,"Bandarban","Rowangchhari","Household (Parent/Guardian)",48,"Female","Tripura","Government Secondary School","No","No","No","Yes",2,67.4,79.9,10,13,26.9,16.3,54,59,6.1,7.1,37.1,36.8,4,1,"Excellent","Excellent","Yes","Yes","Partially","Strongly supports",5.2,"Yes - major barrier",64,11,4
"WGE-0774",2024-10-09,"Rangamati","Naniarchar","School Student (Boy)",10,"Male","Marma","Government Primary School","No","No","Yes","Yes",4,87.7,97.8,14,17,22.3,15.3,76,85,2.9,6.9,42.1,37.9,4,3,"Excellent","Poor","No","Yes","No","Supports",0.2,"Yes - minor barrier",61,13,4
"WGE-0775",2024-11-18,"Khagrachari","Ramgarh","School Student (Girl)",16,"Female","Bengali","Government Primary School","No","No","Yes","Yes",3,79.4,87.1,13,16,13,7.9,63,72,4,5.2,30.5,24.9,2,4,"Poor","Excellent","No","No","Yes","Supports",2.8,"No barrier",47,8,5
"WGE-0776",2024-11-11,"Rangamati","Longadu","Teacher",24,"Male","Chakma","Madrasa","Yes","Yes","No","Yes",1,96.1,100,18,19,23,11.7,58,61,3.8,3.6,16.2,14.6,2,3,"Good","Excellent","No","Yes","Yes","Does not support",4.5,"Yes - minor barrier",16,6,1
"WGE-0777",2024-10-22,"Rangamati","Naniarchar","Household (Parent/Guardian)",43,"Female","Marma","Government Secondary School","Yes","Yes","Yes","Yes",3,69.3,78.2,20,20,28,21.8,54,57,6,7.6,23.3,14.7,3,4,"Excellent","Moderate","Yes","No","Yes","Neutral",5,"Yes - minor barrier",55,6,4
"WGE-0778",2024-09-20,"Bandarban","Rowangchhari","Teacher",41,"Male","Marma","Government Secondary School","No","Yes","No","Yes",4,68,73.8,13,17,14.5,6.9,59,69,5.1,6.2,41.4,30.5,5,3,"Moderate","Excellent","Yes","Yes","Yes","Supports",4,"Yes - minor barrier",46,8,4
"WGE-0779",2024-09-09,"Khagrachari","Panchhari","Mother Club Member",31,"Female","Khumi","NGO-run School","No","No","No","Yes",3,85.5,93.9,14,16,12.9,6.6,56,71,3,5.2,28.2,18.9,3,5,"Good","Excellent","No","Yes","Yes","Supports",1.7,"Yes - major barrier",30,11,5
"WGE-0780",2024-10-24,"Khagrachari","Panchhari","School Student (Boy)",10,"Male","Tanchangya","Community Learning Centre","No","Yes","Yes","No",1,91.5,100,16,19,23.3,15,43,45,3.6,4.2,57.4,47,2,4,"Moderate","Excellent","Yes","No","Yes","Neutral",2.4,"Yes - minor barrier",25,12,5
"WGE-0781",2024-11-12,"Rangamati","Baghaichhari","School Student (Girl)",20,"Female","Marma","Government Secondary School","Yes","No","No","Yes",3,71.4,82.8,17,16,18.8,16.8,27,47,4.5,5.2,49.5,42.8,5,5,"Good","Moderate","No","Yes","Yes","Supports",1.9,"Yes - major barrier",46,15,4
"WGE-0782",2024-10-24,"Bandarban","Naikhongchhari","School Student (Girl)",15,"Female","Marma","Government Primary School","Yes","Yes","Yes","Yes",2,71.3,91.2,13,14,14.1,3.6,73,79,2.9,5.3,50.8,38.4,3,2,"Good","Good","Yes","Yes","Yes","Supports",1,"No barrier",63,8,3
"WGE-0783",2024-09-30,"Bandarban","Lama","Teacher",39,"Male","Marma","Government Primary School","Yes","No","No","Partially",1,81.8,86.9,17,18,25.1,19.2,67,70,2.7,3.9,34.5,31.3,3,4,"Moderate","Moderate","Yes","Yes","Yes","Supports",4.4,"Yes - minor barrier",73,13,5
"WGE-0784",2024-10-31,"Rangamati","Rajasthali","Household (Parent/Guardian)",46,"Male","Khumi","Government Secondary School","Yes","No","Yes","No",2,90.7,94.5,16,20,21.2,15,45,52,2.2,3.8,13.5,11,1,5,"Moderate","Excellent","Yes","Yes","Partially","Supports",4.7,"Yes - minor barrier",37,4,3
"WGE-0785",2024-09-13,"Rangamati","Longadu","Household (Parent/Guardian)",45,"Male","Chak","Government Secondary School","Yes","No","Yes","No",2,63.4,70.5,17,17,16.8,10.7,32,40,2.1,3.5,50.8,45.3,3,4,"Moderate","Excellent","Yes","No","No","Neutral",2.5,"Yes - major barrier",58,10,5
"WGE-0786",2024-09-13,"Bandarban","Naikhongchhari","Mother Club Member",49,"Female","Tanchangya","NGO-run School","Yes","Yes","No","Yes",2,93.6,100,17,19,21.9,11,18,22,7.6,7.9,45.1,38.7,4,3,"Excellent","Moderate","Yes","Yes","Yes","Strongly supports",6,"Yes - minor barrier",51,16,5
"WGE-0787",2024-09-25,"Khagrachari","Ramgarh","School Student (Girl)",14,"Female","Chakma","Government Primary School","Yes","No","No","Partially",2,68.8,79.8,18,20,19.7,10.9,29,35,2.1,3.1,46,44.5,2,5,"Good","Moderate","Yes","No","Yes","Strongly supports",1.7,"No barrier",27,12,3
"WGE-0788",2024-10-24,"Rangamati","Kaptai","Household (Parent/Guardian)",40,"Male","Murung","Government Primary School","Yes","Yes","No","No",3,74.3,77.2,15,16,31.9,24,53,65,5.8,8.3,47.1,31.8,3,5,"Moderate","Good","Yes","Yes","Partially","Strongly supports",4.6,"Yes - minor barrier",57,9,4
"WGE-0789",2024-09-20,"Khagrachari","Ramgarh","School Student (Girl)",12,"Female","Tanchangya","Government Secondary School","No","Yes","No","Partially",4,56.5,76.1,15,18,34.8,27.8,43,50,2.4,5.8,40.7,34.5,3,5,"Good","Excellent","No","Yes","Partially","Neutral",0.4,"Yes - major barrier",53,8,4
"WGE-0790",2024-09-04,"Khagrachari","Mahalchhari","School Management Committee (SMC)",37,"Female","Bawm","Government Primary School","No","No","No","No",3,80.3,99.4,12,13,20.9,16.2,41,48,3.2,4.3,43.4,34.9,2,5,"Moderate","Excellent","No","Yes","Partially","Supports",5.7,"No barrier",79,6,1
"WGE-0791",2024-10-22,"Rangamati","Longadu","School Student (Girl)",14,"Female","Chakma","Government Primary School","Yes","No","No","Yes",3,79,82.5,15,17,12.8,5.5,59,68,1,2.9,65.2,50.9,5,4,"Good","Good","Yes","Yes","Partially","Supports",1.3,"Yes - major barrier",45,9,4
"WGE-0792",2024-09-26,"Rangamati","Longadu","Teacher",42,"Female","Tanchangya","Government Secondary School","Yes","Yes","Yes","No",3,67.3,77.5,16,18,18.8,12.3,61,77,1.9,4.6,57.5,50,3,4,"Good","Moderate","Yes","Yes","Yes","Strongly supports",2.3,"Yes - major barrier",28,15,3
"WGE-0793",2024-11-13,"Khagrachari","Dighinala","Police/Law Enforcement",38,"Female","Tripura","Madrasa","No","No","Yes","No",1,59.8,72,14,17,20.6,8.2,42,45,7.2,7.4,24.1,17.3,2,3,"Poor","Good","Yes","Yes","Yes","Supports",4,"No barrier",57,8,4
"WGE-0794",2024-11-17,"Rangamati","Naniarchar","Household (Parent/Guardian)",30,"Female","Chakma","NGO-run School","Yes","Yes","No","No",3,78.5,95.9,16,17,5.6,1.3,51,63,3.7,4.6,37.3,32,3,3,"Poor","Good","Yes","Yes","No","Supports",4,"No barrier",40,13,4
"WGE-0795",2024-10-12,"Rangamati","Kaptai","School Student (Boy)",13,"Male","Bengali","Government Primary School","Yes","Yes","No","Yes",2,82.2,97,22,22,16.8,9.5,53,56,2.6,3.8,58.3,48.6,2,5,"Moderate","Good","Yes","No","No","Does not support",0.6,"No barrier",45,3,5
"WGE-0796",2024-11-20,"Bandarban","Ruma","Household (Parent/Guardian)",28,"Male","Bawm","Madrasa","Yes","Yes","No","Yes",3,65.2,73.2,16,19,24.4,19.6,44,61,2.3,2.6,24.9,16.1,5,3,"Moderate","Excellent","Yes","Yes","Partially","Supports",5.8,"Yes - major barrier",61,5,5
"WGE-0797",2024-11-08,"Bandarban","Ruma","School Student (Boy)",16,"Male","Chakma","Government Primary School","No","Yes","Yes","Partially",2,81,94.5,20,22,21.3,18,39,37,2.4,3.8,29.4,18.3,5,5,"Moderate","Excellent","No","Yes","Yes","Supports",2.2,"No barrier",44,11,3
"WGE-0798",2024-09-30,"Khagrachari","Dighinala","School Student (Girl)",14,"Female","Tripura","Government Primary School","Yes","No","Yes","Partially",2,75.6,90.6,21,22,21.7,14,61,63,5.1,6.5,40.9,27,4,4,"Good","Excellent","No","Yes","Yes","Strongly supports",4.5,"No barrier",51,3,4
"WGE-0799",2024-10-12,"Rangamati","Rajasthali","School Student (Boy)",15,"Male","Chakma","Government Primary School","No","No","Yes","Yes",3,71.4,77.7,16,19,9.6,6.2,65,69,3.5,3.2,41.5,32.7,2,2,"Good","Good","Yes","Yes","Partially","Neutral",5.6,"No barrier",26,8,4
"WGE-0800",2024-09-19,"Rangamati","Kaptai","School Management Committee (SMC)",35,"Female","Bawm","NGO-run School","No","No","Yes","Yes",1,68.6,84.4,19,21,19.1,11.7,30,35,7,7.5,50,44.7,1,5,"Good","Excellent","Yes","Yes","Yes","Does not support",4.9,"No barrier",40,4,2
"WGE-0801",2024-09-12,"Bandarban","Rowangchhari","School Student (Boy)",16,"Male","Chakma","Government Primary School","Yes","No","No","No",3,69.5,79,18,21,28.8,24.3,46,53,1.6,3,10,0,5,4,"Good","Moderate","No","Yes","Yes","Supports",5,"Yes - major barrier",48,2,4
"WGE-0802",2024-09-14,"Rangamati","Rajasthali","School Student (Boy)",15,"Male","Bawm","Community Learning Centre","No","Yes","Yes","Yes",2,87.8,93.1,12,15,18.2,14.6,65,71,5.7,7.3,44.2,39.9,1,4,"Moderate","Moderate","Yes","No","Yes","Supports",1.1,"Yes - minor barrier",78,10,3
"WGE-0803",2024-09-18,"Bandarban","Rowangchhari","Household (Parent/Guardian)",25,"Male","Chakma","Community Learning Centre","Yes","No","No","Yes",4,90.2,96.7,16,18,14.1,10.7,58,66,2.9,4.6,38.8,37.1,5,5,"Poor","Excellent","Yes","No","No","Neutral",4.1,"Yes - minor barrier",72,7,4
"WGE-0804",2024-09-15,"Bandarban","Bandarban Sadar","School Student (Boy)",10,"Male","Chakma","Madrasa","Yes","Yes","Yes","Partially",2,63.4,70.2,21,22,25.2,15.4,45,53,5.8,6.6,67,56,3,4,"Good","Excellent","Yes","No","No","Supports",2.5,"Yes - minor barrier",44,11,3
"WGE-0805",2024-10-17,"Rangamati","Kaptai","Household (Parent/Guardian)",28,"Male","Chakma","Government Secondary School","No","No","No","Yes",3,57.4,70.4,22,22,23.8,13.5,69,86,3,4.4,47.4,31.3,2,5,"Poor","Good","Yes","No","Yes","Supports",2.6,"No barrier",51,13,3
"WGE-0806",2024-10-18,"Bandarban","Lama","Household (Parent/Guardian)",38,"Male","Murung","Madrasa","Yes","No","No","No",1,60.2,68.6,16,16,26.9,22.6,28,31,4.6,4.9,38.4,33.6,2,2,"Poor","Good","Yes","Yes","Yes","Supports",5.3,"Yes - minor barrier",72,12,2
"WGE-0807",2024-10-17,"Khagrachari","Ramgarh","School Student (Girl)",15,"Female","Khumi","Madrasa","No","No","Yes","Yes",3,79.7,85.2,8,10,13.9,7.9,62,73,2.6,3.3,69.4,60.5,1,5,"Moderate","Moderate","No","No","Yes","Neutral",2.5,"Yes - major barrier",43,12,3
"WGE-0808",2024-10-19,"Bandarban","Naikhongchhari","Household (Parent/Guardian)",42,"Female","Bengali","Government Primary School","No","Yes","No","Yes",4,94.4,94.9,18,21,15.1,9.3,63,75,4.2,5.4,63.2,59,3,5,"Poor","Excellent","Yes","Yes","Partially","Strongly supports",5.6,"Yes - major barrier",60,6,1
"WGE-0809",2024-09-21,"Rangamati","Longadu","Household (Parent/Guardian)",50,"Female","Tripura","Government Secondary School","No","Yes","Yes","Yes",2,67.8,75.1,21,22,29.3,25.3,31,44,2.2,2.8,41.2,33.8,2,3,"Moderate","Moderate","Yes","Yes","Yes","Does not support",0.5,"No barrier",49,8,4
"WGE-0810",2024-11-12,"Bandarban","Lama","Community Stakeholder",46,"Male","Marma","Government Secondary School","No","No","No","Yes",2,87.9,94.6,19,21,11.2,1.2,55,63,5.7,6.3,48.4,37.1,3,4,"Good","Moderate","Yes","Yes","Yes","Supports",2.6,"Yes - major barrier",29,12,4
"WGE-0811",2024-09-08,"Rangamati","Longadu","Household (Parent/Guardian)",34,"Male","Marma","Government Primary School","Yes","No","Yes","No",3,42.3,47.9,15,18,20.5,18.5,45,54,5.4,8.4,24.9,15.8,4,4,"Moderate","Good","Yes","No","No","Strongly supports",3.8,"Yes - major barrier",35,9,3
"WGE-0812",2024-11-09,"Bandarban","Naikhongchhari","School Student (Girl)",17,"Female","Bengali","NGO-run School","Yes","Yes","Yes","No",4,69.1,70.5,10,10,26.5,17.4,61,69,4.2,5.9,71.5,64.9,3,4,"Moderate","Excellent","Yes","Yes","Partially","Does not support",3.5,"Yes - major barrier",69,3,3
"WGE-0813",2024-09-18,"Bandarban","Rowangchhari","School Student (Girl)",17,"Female","Chakma","NGO-run School","Yes","Yes","Yes","Partially",3,83.1,92.9,16,19,21,12.7,59,68,3.5,4.7,61.1,51.7,3,5,"Poor","Moderate","No","Yes","Partially","Strongly supports",3.4,"No barrier",14,7,4
"WGE-0814",2024-09-25,"Bandarban","Bandarban Sadar","School Student (Boy)",12,"Male","Chakma","Madrasa","Yes","Yes","Yes","Yes",3,70.5,77.3,17,20,14.5,11.1,50,61,1.9,4,52.4,45.9,3,4,"Poor","Excellent","Yes","Yes","Partially","Strongly supports",5.3,"Yes - minor barrier",45,13,1
"WGE-0815",2024-09-10,"Bandarban","Lama","School Student (Boy)",12,"Male","Marma","Government Primary School","Yes","No","Yes","Partially",4,80.7,90.1,17,19,21.9,20.9,46,56,4.3,5.3,66.4,60.3,3,3,"Good","Excellent","No","No","No","Supports",2.4,"Yes - major barrier",18,12,4
"WGE-0816",2024-10-29,"Bandarban","Lama","Teacher",28,"Male","Tripura","Madrasa","Yes","No","Yes","Yes",3,64.6,74.2,12,14,25.9,21.4,53,59,5.7,6.8,58.1,52.2,3,5,"Poor","Excellent","Yes","No","Partially","Does not support",6.7,"Yes - minor barrier",51,12,5
"WGE-0817",2024-12-03,"Khagrachari","Dighinala","School Student (Girl)",11,"Female","Tripura","Government Primary School","No","Yes","No","Yes",3,74.8,81.5,14,17,20,13.4,67,82,6.2,8.7,46.5,40,2,5,"Moderate","Poor","No","Yes","Yes","Strongly supports",1.3,"Yes - minor barrier",70,11,4
"WGE-0818",2024-09-15,"Rangamati","Baghaichhari","School Student (Girl)",11,"Female","Chakma","Government Primary School","No","No","No","No",3,74.7,87.5,21,22,17.8,13.2,54,55,1.3,3.6,40.5,33.1,2,2,"Good","Excellent","No","Yes","Yes","Supports",0.8,"No barrier",36,13,5
"WGE-0819",2024-11-26,"Rangamati","Naniarchar","School Student (Boy)",11,"Male","Chakma","Government Primary School","No","Yes","Yes","Yes",4,90.4,99.6,18,20,5.4,0,33,36,3.1,5,26.6,19.4,3,5,"Good","Excellent","Yes","Yes","Yes","Supports",2.4,"No barrier",58,6,4
"WGE-0820",2024-10-02,"Khagrachari","Mahalchhari","School Student (Boy)",11,"Male","Bengali","Government Primary School","Yes","Yes","Yes","No",2,79.6,91,12,16,27,21.9,71,80,3.9,5.7,46.2,40.6,2,5,"Moderate","Good","No","Yes","Yes","Neutral",0.7,"No barrier",30,9,3
"WGE-0821",2024-09-29,"Khagrachari","Ramgarh","Household (Parent/Guardian)",48,"Female","Chakma","Government Secondary School","Yes","No","Yes","Yes",3,71.4,83.7,14,15,12.4,3.6,45,52,5.1,7.1,44.3,33.9,1,2,"Moderate","Moderate","Yes","Yes","No","Supports",5.1,"Yes - minor barrier",52,3,3
"WGE-0822",2024-11-25,"Rangamati","Naniarchar","School Student (Girl)",17,"Female","Bengali","Government Secondary School","Yes","No","No","Yes",1,61.9,76.4,15,17,19.8,11,36,40,3.5,3.6,53.8,45.6,2,5,"Moderate","Excellent","Yes","Yes","Partially","Strongly supports",3.5,"Yes - major barrier",13,10,4
"WGE-0823",2024-10-01,"Rangamati","Rajasthali","Reproductive Health Community Worker (RHCW)",28,"Female","Murung","Government Secondary School","No","No","Yes","Partially",1,90.8,100,9,13,17.7,15,47,50,3.7,4.1,70.2,58.3,3,4,"Good","Excellent","Yes","Yes","Partially","Supports",4.3,"Yes - minor barrier",52,11,1
"WGE-0824",2024-10-15,"Rangamati","Naniarchar","School Student (Girl)",10,"Female","Tripura","NGO-run School","Yes","Yes","No","Partially",3,67.8,75.9,21,22,23.6,17.2,41,45,6,8.1,42.1,28.6,2,1,"Moderate","Good","No","Yes","Yes","Does not support",4.6,"Yes - major barrier",23,9,3
"WGE-0825",2024-12-01,"Bandarban","Bandarban Sadar","School Student (Boy)",15,"Male","Bawm","Government Primary School","Yes","No","Yes","Yes",3,60.2,75.7,18,20,12.6,7.7,57,67,0,1.6,20.5,8,4,5,"Poor","Good","No","Yes","Partially","Strongly supports",4.8,"Yes - major barrier",56,4,4
"WGE-0826",2024-11-25,"Bandarban","Naikhongchhari","School Management Committee (SMC)",37,"Female","Murung","Government Secondary School","No","No","Yes","Yes",2,73.9,84.1,21,22,19.3,10.5,28,35,3.4,4.1,70.9,66.8,2,5,"Moderate","Moderate","Yes","Yes","Partially","Strongly supports",3,"Yes - minor barrier",85,12,4
"WGE-0827",2024-10-20,"Bandarban","Rowangchhari","Teacher",45,"Female","Chakma","Government Secondary School","No","No","Yes","No",2,93.5,100,18,22,18.9,14.7,59,60,6.3,8.3,40.3,34.4,2,1,"Excellent","Excellent","No","Yes","Partially","Supports",2.1,"Yes - major barrier",22,4,4
"WGE-0828",2024-09-04,"Rangamati","Rajasthali","School Student (Girl)",16,"Female","Murung","Madrasa","Yes","Yes","Yes","Partially",3,63.2,72.8,12,13,25.4,21.8,23,32,3.7,4.9,40.8,24.6,1,2,"Moderate","Excellent","No","No","Partially","Strongly supports",2.8,"Yes - major barrier",35,3,4
"WGE-0829",2024-09-09,"Khagrachari","Mahalchhari","School Management Committee (SMC)",35,"Male","Chakma","Community Learning Centre","No","No","No","No",2,78.8,88.1,18,21,27.8,20,54,61,5.5,5.9,61.1,55.4,4,2,"Good","Good","No","Yes","Partially","Supports",3.8,"No barrier",24,7,4
"WGE-0830",2024-12-01,"Rangamati","Baghaichhari","School Student (Boy)",10,"Male","Tripura","NGO-run School","No","No","No","Partially",3,53.4,66.7,11,13,23.6,17.4,47,43,2.2,4.2,47.4,38.7,2,4,"Moderate","Good","Yes","No","Partially","Neutral",5.2,"No barrier",59,11,1
"WGE-0831",2024-10-30,"Khagrachari","Ramgarh","School Student (Boy)",16,"Male","Chakma","NGO-run School","Yes","Yes","Yes","No",4,40,47.1,10,14,7,0,48,50,7.2,10,51.1,48.1,4,5,"Excellent","Excellent","Yes","No","Yes","Neutral",3.3,"Yes - major barrier",82,16,4
"WGE-0832",2024-10-03,"Khagrachari","Khagrachari Sadar","School Student (Girl)",10,"Female","Tripura","NGO-run School","Yes","No","No","Yes",2,78.8,91.1,21,22,12,4.3,35,41,3.2,4.6,49.5,40.7,4,3,"Good","Excellent","Yes","Yes","No","Strongly supports",6.5,"Yes - minor barrier",41,8,4
"WGE-0833",2024-09-17,"Bandarban","Bandarban Sadar","Reproductive Health Community Worker (RHCW)",34,"Female","Marma","Madrasa","Yes","No","Yes","Yes",3,52.7,65,9,12,15.2,7.3,56,66,4.9,6.7,41,25.3,1,4,"Excellent","Poor","Yes","No","Yes","Neutral",2.9,"Yes - major barrier",40,11,5
"WGE-0834",2024-09-22,"Khagrachari","Dighinala","School Student (Girl)",14,"Female","Tanchangya","Government Primary School","No","Yes","Yes","Yes",2,97.6,100,12,14,30.6,22.2,36,40,2,4.1,50,42.9,4,2,"Good","Excellent","Yes","Yes","Yes","Strongly supports",3.8,"Yes - minor barrier",33,10,3
"WGE-0835",2024-09-20,"Bandarban","Naikhongchhari","Household (Parent/Guardian)",56,"Male","Marma","Madrasa","Yes","Yes","Yes","No",3,78.3,80.4,15,17,22.9,13,44,55,5.8,9.1,29.9,19.7,1,3,"Moderate","Excellent","Yes","Yes","Yes","Neutral",2.3,"No barrier",42,13,4
"WGE-0836",2024-11-24,"Bandarban","Naikhongchhari","Household (Parent/Guardian)",49,"Male","Bengali","NGO-run School","Yes","No","No","No",2,76.7,93.8,15,18,17.1,12.7,47,56,3.4,4.6,52.2,43.9,4,4,"Poor","Moderate","Yes","No","Yes","Neutral",1.1,"Yes - minor barrier",56,8,5
"WGE-0837",2024-10-01,"Khagrachari","Mahalchhari","Household (Parent/Guardian)",34,"Male","Marma","Government Primary School","No","No","No","No",3,80.2,92.6,16,19,13.2,1.3,58,65,5.1,6.1,63.2,60.1,4,5,"Moderate","Excellent","Yes","Yes","Yes","Supports",3.4,"No barrier",23,10,1
"WGE-0838",2024-09-29,"Bandarban","Naikhongchhari","School Student (Girl)",12,"Female","Bengali","Government Primary School","Yes","No","Yes","Partially",2,81.2,92.7,15,20,20.7,18.1,54,57,6.1,7.4,42.8,31.5,1,3,"Poor","Excellent","Yes","Yes","Yes","Does not support",4.9,"Yes - minor barrier",78,9,4
"WGE-0839",2024-09-24,"Khagrachari","Dighinala","Household (Parent/Guardian)",31,"Male","Chakma","Government Secondary School","Yes","Yes","Yes","Partially",4,71.4,80.7,10,12,25,16.3,66,76,3.9,7.1,53.4,43.1,4,5,"Poor","Excellent","Yes","No","No","Supports",5.2,"Yes - minor barrier",57,10,4
"WGE-0840",2024-09-05,"Khagrachari","Ramgarh","Mother Club Member",41,"Female","Tanchangya","Government Primary School","No","No","Yes","No",2,76.6,82.9,20,22,19.8,14.2,38,39,3.7,4.6,11.7,0,1,1,"Moderate","Excellent","Yes","No","Yes","Neutral",0.8,"No barrier",32,6,3
"WGE-0841",2024-11-05,"Bandarban","Lama","School Student (Girl)",10,"Female","Chakma","Government Primary School","No","Yes","Yes","Yes",1,78.7,84.5,16,18,24.2,23.9,61,63,3.4,4.2,28.1,23,3,5,"Excellent","Moderate","Yes","Yes","Partially","Supports",4.1,"Yes - major barrier",68,9,4
"WGE-0842",2024-10-15,"Bandarban","Lama","School Student (Boy)",11,"Male","Bawm","Community Learning Centre","No","Yes","No","Yes",2,66.8,73,19,20,8.1,0,51,56,2.2,3.2,49.7,38.6,2,3,"Poor","Good","Yes","No","Partially","Supports",3.6,"Yes - minor barrier",77,13,4
"WGE-0843",2024-10-11,"Khagrachari","Mahalchhari","School Student (Boy)",12,"Male","Chakma","Madrasa","Yes","No","No","Yes",3,79.3,96,21,22,21,13.1,52,66,4.6,6.2,47.9,39.7,4,3,"Good","Excellent","Yes","Yes","Yes","Does not support",1.7,"No barrier",70,12,4
"WGE-0844",2024-11-12,"Bandarban","Ruma","School Management Committee (SMC)",41,"Female","Tripura","Madrasa","Yes","No","Yes","No",3,53.9,64.7,17,19,18.7,15.6,61,70,3.6,5,42.2,38.4,1,5,"Moderate","Good","Yes","No","Yes","Strongly supports",1.9,"Yes - minor barrier",65,10,5
"WGE-0845",2024-11-16,"Bandarban","Rowangchhari","School Student (Boy)",17,"Male","Tripura","Government Primary School","Yes","Yes","Yes","Yes",3,67.9,72.2,18,22,23.7,14.6,47,56,4.1,4.7,32.1,20.8,2,5,"Good","Excellent","Yes","No","Yes","Neutral",1.9,"Yes - minor barrier",66,9,3
"WGE-0846",2024-09-06,"Khagrachari","Panchhari","Household (Parent/Guardian)",48,"Male","Tanchangya","Government Primary School","No","No","No","Yes",3,100,100,16,20,12.2,3.5,51,57,4.3,4.8,57.2,51.6,1,5,"Poor","Good","No","Yes","No","Supports",5.4,"No barrier",49,18,4
"WGE-0847",2024-09-24,"Rangamati","Kaptai","School Student (Girl)",13,"Female","Marma","NGO-run School","Yes","Yes","No","No",3,69.9,81.2,18,20,24.4,14.1,56,63,4.9,7.1,69.6,63.8,2,4,"Poor","Good","No","Yes","Yes","Neutral",0.2,"Yes - minor barrier",36,13,5
"WGE-0848",2024-10-27,"Khagrachari","Khagrachari Sadar","School Student (Boy)",10,"Male","Tripura","NGO-run School","No","Yes","No","Partially",4,74.5,80.2,20,20,19,11.1,50,52,4.3,5.3,52.2,49.3,1,5,"Poor","Moderate","Yes","No","Partially","Does not support",4.1,"No barrier",54,7,3
"WGE-0849",2024-09-20,"Khagrachari","Ramgarh","Household (Parent/Guardian)",53,"Female","Bengali","Government Primary School","Yes","Yes","Yes","Yes",2,62.1,68.1,21,22,23.4,17.2,54,65,4.3,5.2,36.8,34.2,4,3,"Moderate","Excellent","No","Yes","Yes","Neutral",7.8,"Yes - major barrier",54,4,4
"WGE-0850",2024-09-06,"Rangamati","Longadu","School Student (Girl)",16,"Female","Tripura","Government Secondary School","No","Yes","Yes","Yes",1,68.1,82.7,20,22,11.6,5,45,47,7.3,7.9,40.3,27.9,5,5,"Good","Moderate","Yes","Yes","No","Does not support",2,"No barrier",33,6,2
"WGE-0851",2024-11-19,"Bandarban","Ruma","Teacher",43,"Female","Tripura","NGO-run School","No","Yes","Yes","No",3,50.6,58.2,13,17,23.3,19.7,31,34,6.4,7.8,55,43.8,4,2,"Moderate","Good","Yes","No","Partially","Strongly supports",3.6,"Yes - minor barrier",59,8,4
"WGE-0852",2024-10-28,"Rangamati","Baghaichhari","School Student (Boy)",14,"Male","Chakma","Madrasa","Yes","Yes","Yes","No",3,77.5,91.6,16,16,14.1,13,63,76,5.4,7.5,37.7,30,3,3,"Good","Excellent","No","No","Partially","Neutral",5.5,"No barrier",28,10,1
"WGE-0853",2024-10-26,"Rangamati","Baghaichhari","School Student (Girl)",12,"Female","Marma","Government Primary School","Yes","No","No","Yes",2,46.3,54.5,17,20,25,11.7,43,48,5.3,7.1,47.7,41,1,5,"Moderate","Excellent","Yes","No","Yes","Neutral",6.6,"No barrier",72,9,5
"WGE-0854",2024-11-20,"Khagrachari","Ramgarh","School Student (Girl)",13,"Female","Tripura","NGO-run School","No","No","Yes","Yes",2,78.8,89.2,14,16,21.6,15.6,29,40,5.7,7.9,47.7,40.6,3,4,"Poor","Good","Yes","Yes","Yes","Supports",1.1,"No barrier",10,3,4
"WGE-0855",2024-11-13,"Rangamati","Baghaichhari","School Student (Girl)",14,"Female","Marma","Government Primary School","Yes","Yes","No","Yes",3,73.7,89.9,17,18,23,16.7,73,80,3.7,5.7,10,0,2,5,"Good","Good","Yes","Yes","Yes","Strongly supports",4.3,"Yes - major barrier",35,11,4
"WGE-0856",2024-10-12,"Bandarban","Bandarban Sadar","Reproductive Health Community Worker (RHCW)",35,"Female","Marma","Government Primary School","Yes","No","No","Partially",4,80.5,92.4,15,20,32.7,25.9,52,65,3.4,6.7,35.6,30.6,2,1,"Moderate","Good","Yes","Yes","Yes","Supports",4.2,"No barrier",53,8,4
"WGE-0857",2024-09-27,"Bandarban","Naikhongchhari","School Student (Boy)",15,"Male","Bengali","Madrasa","No","Yes","Yes","Yes",3,81,96.3,15,17,16.6,13.2,36,39,6.1,7.5,45.1,37.8,4,4,"Good","Excellent","No","No","Yes","Strongly supports",3,"No barrier",34,6,5
"WGE-0858",2024-11-19,"Khagrachari","Panchhari","Household (Parent/Guardian)",30,"Female","Murung","Government Primary School","Yes","No","Yes","Yes",2,76.5,80.4,12,12,24.3,18.6,65,76,5.9,7.4,42.6,30.5,1,3,"Moderate","Excellent","Yes","Yes","Yes","Supports",4.3,"Yes - major barrier",28,6,5
"WGE-0859",2024-10-01,"Rangamati","Longadu","School Student (Girl)",11,"Female","Tripura","Government Secondary School","Yes","No","Yes","No",2,81.7,93.9,16,18,19.7,11.6,54,61,9.1,9.8,47.6,38.2,2,4,"Good","Moderate","No","No","Partially","Supports",3,"No barrier",41,7,5
"WGE-0860",2024-11-16,"Khagrachari","Khagrachari Sadar","Reproductive Health Community Worker (RHCW)",21,"Female","Tripura","NGO-run School","No","No","No","Yes",4,82.6,97.9,15,17,24.2,17.3,33,49,2.1,3.3,30.1,17.1,2,4,"Poor","Excellent","Yes","Yes","Partially","Supports",1.3,"Yes - minor barrier",12,5,4
"WGE-0861",2024-11-16,"Rangamati","Longadu","School Management Committee (SMC)",47,"Male","Marma","Government Primary School","Yes","Yes","Yes","Yes",3,67.3,82.3,15,19,12.7,5.6,59,71,5.1,7.5,39.6,38.2,1,3,"Good","Good","Yes","Yes","Yes","Neutral",2.1,"Yes - major barrier",31,10,5
"WGE-0862",2024-10-26,"Rangamati","Kaptai","School Student (Girl)",12,"Female","Tripura","Government Primary School","Yes","Yes","No","Yes",3,79.3,85.6,17,19,26.2,20.7,34,42,4.7,4.8,44.2,31.2,1,3,"Moderate","Excellent","Yes","Yes","No","Supports",0.2,"Yes - minor barrier",17,11,3
"WGE-0863",2024-10-14,"Bandarban","Rowangchhari","Household (Parent/Guardian)",43,"Female","Pangkhua","NGO-run School","Yes","Yes","No","No",2,61.6,64.9,14,16,22.4,16,31,32,4.8,6.4,31.9,34.5,2,5,"Moderate","Excellent","No","Yes","Partially","Neutral",2.5,"Yes - major barrier",82,3,3
"WGE-0864",2024-10-03,"Rangamati","Baghaichhari","Household (Parent/Guardian)",30,"Male","Marma","Government Secondary School","Yes","Yes","Yes","Yes",1,77.6,88.2,11,13,24.9,13.9,22,25,4.5,5.3,54,49.2,1,1,"Poor","Excellent","No","Yes","Yes","Neutral",2.6,"Yes - major barrier",28,6,2
"WGE-0865",2024-09-13,"Bandarban","Bandarban Sadar","School Student (Girl)",13,"Female","Chakma","Government Primary School","Yes","Yes","No","Yes",2,66.8,83.1,20,22,17.2,15.2,47,58,5.4,6.7,51.7,50.7,1,5,"Good","Poor","No","No","Yes","Supports",2.1,"No barrier",67,3,4
"WGE-0866",2024-11-24,"Khagrachari","Ramgarh","Teacher",40,"Female","Bengali","Government Secondary School","No","Yes","Yes","Yes",2,72.6,83.6,13,17,17.9,12.4,78,87,5.3,6.2,28.9,26.2,5,4,"Good","Good","No","Yes","Yes","Strongly supports",4,"No barrier",52,11,4
"WGE-0867",2024-09-16,"Khagrachari","Mahalchhari","Household (Parent/Guardian)",30,"Female","Bengali","NGO-run School","No","Yes","Yes","No",3,75.1,85.4,17,20,21.4,16,55,63,5.7,6.2,76.7,67.8,4,4,"Moderate","Excellent","Yes","Yes","Yes","Supports",3.1,"Yes - minor barrier",15,9,3
"WGE-0868",2024-11-26,"Rangamati","Longadu","School Student (Girl)",10,"Female","Pangkhua","Madrasa","Yes","No","No","Yes",1,83.9,87.2,21,22,23.9,15.5,31,35,1,1.2,55.5,41.9,3,4,"Poor","Good","No","No","Yes","Strongly supports",7.3,"Yes - minor barrier",57,16,4
"WGE-0869",2024-10-09,"Bandarban","Rowangchhari","Reproductive Health Community Worker (RHCW)",31,"Female","Bengali","Government Secondary School","Yes","Yes","No","Yes",1,48.3,53.2,17,19,14.4,7.5,30,33,4,4.7,41.4,38.3,2,4,"Poor","Excellent","No","Yes","Yes","Supports",0.5,"No barrier",12,10,2
"WGE-0870",2024-09-03,"Khagrachari","Dighinala","Mother Club Member",43,"Female","Marma","NGO-run School","Yes","Yes","Yes","Partially",1,49.7,64.1,7,10,24.1,16.7,65,68,6.1,6.5,44.3,35.1,4,5,"Good","Good","No","Yes","No","Supports",2.8,"Yes - major barrier",40,9,5
"WGE-0871",2024-11-25,"Rangamati","Rajasthali","Household (Parent/Guardian)",41,"Male","Tripura","NGO-run School","Yes","Yes","No","No",3,64.1,72.7,19,22,10.4,4.4,66,81,9,10,48,39.2,3,2,"Excellent","Good","Yes","No","No","Supports",0.2,"Yes - minor barrier",42,8,4
"WGE-0872",2024-09-23,"Bandarban","Rowangchhari","Mother Club Member",27,"Female","Marma","NGO-run School","No","Yes","No","Yes",2,74.2,84.1,19,22,24.9,18,74,83,4.9,6.3,60.2,54.8,4,5,"Poor","Good","No","Yes","Yes","Strongly supports",1.6,"Yes - minor barrier",26,8,5
"WGE-0873",2024-09-08,"Khagrachari","Khagrachari Sadar","Household (Parent/Guardian)",29,"Male","Marma","Government Secondary School","Yes","Yes","Yes","Yes",3,65.7,70.4,14,16,15.7,10.1,44,60,5.5,6.1,43.6,34.9,3,4,"Moderate","Poor","Yes","No","Yes","Neutral",2.1,"Yes - major barrier",38,8,2
"WGE-0874",2024-11-30,"Rangamati","Baghaichhari","Reproductive Health Community Worker (RHCW)",37,"Female","Tanchangya","Government Secondary School","No","Yes","Yes","Partially",3,82.9,92.4,12,13,21.3,9.7,69,77,3.8,6.2,45.8,31,3,5,"Moderate","Good","Yes","No","Partially","Does not support",3.6,"No barrier",49,5,2
"WGE-0875",2024-11-04,"Rangamati","Rajasthali","Teacher",34,"Male","Bengali","Madrasa","Yes","No","Yes","No",4,71.3,86.4,13,18,9.9,4.8,44,60,2.5,5.4,29.3,21,1,2,"Excellent","Excellent","Yes","Yes","No","Does not support",6.7,"No barrier",30,5,5
"WGE-0876",2024-09-18,"Khagrachari","Mahalchhari","Reproductive Health Community Worker (RHCW)",30,"Female","Chakma","Government Secondary School","Yes","Yes","Yes","Yes",2,88,97.6,17,19,22.2,11.7,28,36,2.3,3.3,33.3,22.9,2,3,"Good","Moderate","Yes","Yes","No","Strongly supports",0.5,"Yes - major barrier",36,11,5
"WGE-0877",2024-11-03,"Rangamati","Kaptai","Mother Club Member",26,"Female","Bawm","Government Secondary School","Yes","Yes","No","Yes",2,71.7,83.1,19,22,15.1,10,53,63,2.7,3.5,39.8,35.3,4,5,"Good","Good","No","Yes","Yes","Neutral",4.1,"Yes - major barrier",36,11,4
"WGE-0878",2024-11-08,"Khagrachari","Mahalchhari","Household (Parent/Guardian)",45,"Female","Bengali","NGO-run School","No","No","Yes","No",4,81.6,91.1,17,18,22.8,13.9,41,55,2.2,4.4,20.3,6.4,4,4,"Good","Good","No","Yes","Partially","Supports",6.1,"Yes - major barrier",21,9,1
"WGE-0879",2024-10-06,"Bandarban","Rowangchhari","Household (Parent/Guardian)",56,"Male","Tanchangya","Government Secondary School","No","Yes","Yes","No",3,53.8,60.5,15,19,12.6,9.3,63,67,2.5,5,50.4,39,2,4,"Poor","Excellent","Yes","Yes","Partially","Strongly supports",4.2,"No barrier",41,12,4
"WGE-0880",2024-09-03,"Rangamati","Rajasthali","Mother Club Member",33,"Female","Tripura","Government Primary School","No","Yes","Yes","No",2,87.5,100,8,10,12.4,7.3,29,35,5.6,6.1,53.1,45.1,5,5,"Poor","Good","No","No","No","Does not support",6.5,"Yes - major barrier",64,9,4
"WGE-0881",2024-09-08,"Bandarban","Rowangchhari","Teacher",33,"Male","Bawm","Government Primary School","Yes","Yes","No","No",4,66,77.2,17,19,15.7,12.6,65,78,5.7,9,40.6,34.5,2,1,"Good","Excellent","Yes","Yes","Yes","Neutral",0.2,"Yes - minor barrier",10,8,4
"WGE-0882",2024-10-02,"Bandarban","Naikhongchhari","School Student (Girl)",13,"Female","Tripura","Madrasa","No","Yes","Yes","Partially",2,100,100,15,16,10.5,4.9,38,48,4,5.3,29.9,18.7,1,4,"Poor","Moderate","Yes","Yes","Partially","Strongly supports",3.1,"No barrier",46,10,4
"WGE-0883",2024-09-10,"Bandarban","Lama","Household (Parent/Guardian)",52,"Male","Bengali","Madrasa","Yes","Yes","No","No",2,69,81.5,14,17,17.3,8.8,33,38,3,4.5,54.7,47.8,5,3,"Good","Moderate","No","Yes","No","Supports",5.8,"Yes - major barrier",58,7,2
"WGE-0884",2024-10-14,"Rangamati","Baghaichhari","School Management Committee (SMC)",28,"Male","Chakma","NGO-run School","Yes","Yes","No","Yes",3,59.9,67.8,20,22,24.1,19.3,27,33,5.1,6,53.2,44.7,3,1,"Good","Excellent","Yes","Yes","Partially","Supports",1.9,"Yes - major barrier",40,9,3
"WGE-0885",2024-10-16,"Rangamati","Kaptai","School Student (Boy)",12,"Male","Tripura","Government Primary School","Yes","Yes","No","Partially",2,81.3,93.9,15,16,8.1,0.3,47,52,5.1,6.1,25.2,15,1,1,"Good","Good","No","No","Partially","Strongly supports",4.1,"Yes - minor barrier",44,10,4
"WGE-0886",2024-09-18,"Khagrachari","Khagrachari Sadar","School Student (Girl)",12,"Female","Murung","Government Secondary School","No","No","No","Partially",3,78.7,92.2,15,18,20.8,13.3,37,50,4,6,39.8,38,5,4,"Poor","Good","Yes","No","Partially","Supports",1.9,"Yes - minor barrier",46,9,4
"WGE-0887",2024-11-28,"Rangamati","Naniarchar","School Student (Boy)",15,"Male","Tripura","Community Learning Centre","Yes","Yes","Yes","Partially",1,42.6,54.9,21,22,9,2.1,34,36,4.8,5.5,63.6,52.8,1,5,"Moderate","Excellent","Yes","Yes","No","Does not support",0.4,"Yes - minor barrier",53,9,4
"WGE-0888",2024-11-26,"Rangamati","Rajasthali","School Student (Boy)",12,"Male","Chakma","Madrasa","No","Yes","Yes","No",1,66.1,77.3,17,20,24.2,16.5,52,58,1.4,1.7,36.1,25.7,4,3,"Moderate","Good","Yes","Yes","No","Neutral",3.8,"Yes - minor barrier",72,7,3
"WGE-0889",2024-10-29,"Khagrachari","Mahalchhari","Teacher",37,"Female","Marma","Government Primary School","No","No","No","Yes",2,93.9,100,18,20,17.2,12.3,34,38,4,4.9,34.3,30.2,2,5,"Good","Excellent","Yes","No","Partially","Neutral",4.1,"Yes - minor barrier",26,7,5
"WGE-0890",2024-10-26,"Rangamati","Longadu","School Student (Girl)",11,"Female","Tripura","Government Primary School","No","No","No","Yes",3,90.3,99.9,17,20,10.6,2.8,92,96,4.7,6,37.3,29.8,4,1,"Poor","Poor","Yes","Yes","Yes","Neutral",4,"Yes - minor barrier",32,10,3
"WGE-0891",2024-09-20,"Rangamati","Baghaichhari","School Student (Boy)",15,"Male","Tripura","Government Secondary School","Yes","Yes","Yes","Partially",2,53.1,56.7,12,15,23.1,13.4,49,59,5.1,6.4,29.8,16,3,3,"Poor","Good","Yes","Yes","Partially","Strongly supports",5,"No barrier",45,14,4
"WGE-0892",2024-10-05,"Rangamati","Naniarchar","Teacher",43,"Male","Tripura","Government Secondary School","No","Yes","No","Partially",3,75.7,87,12,16,29.2,21,60,68,5.6,6.4,18.8,6.5,3,3,"Good","Good","Yes","Yes","Yes","Supports",3,"No barrier",69,10,3
"WGE-0893",2024-10-06,"Bandarban","Lama","Household (Parent/Guardian)",32,"Female","Bengali","Government Primary School","Yes","No","Yes","Yes",3,81.7,89.6,20,20,21.1,21.5,36,48,3.2,3.2,38.5,28.1,3,2,"Moderate","Good","Yes","Yes","Yes","Neutral",4.1,"No barrier",26,1,4
"WGE-0894",2024-11-08,"Rangamati","Baghaichhari","Teacher",23,"Female","Marma","Community Learning Centre","No","Yes","No","Yes",4,98.3,100,18,22,18.2,15.6,43,49,3.9,7,44.5,35.9,2,2,"Moderate","Good","Yes","No","Partially","Does not support",1.8,"Yes - major barrier",56,8,3
"WGE-0895",2024-11-29,"Khagrachari","Ramgarh","School Student (Boy)",10,"Male","Tanchangya","Madrasa","Yes","No","No","Partially",4,78,92.8,18,19,27.3,19.2,60,71,5.5,8.8,75.2,68.5,2,4,"Good","Good","Yes","Yes","Partially","Strongly supports",2.2,"No barrier",32,12,4
"WGE-0896",2024-10-13,"Bandarban","Rowangchhari","School Student (Boy)",10,"Male","Tripura","Government Secondary School","No","Yes","No","Partially",3,100,100,20,19,11.8,3.8,48,57,3.2,4.6,45.5,31,3,3,"Good","Moderate","Yes","Yes","Yes","Supports",0.2,"No barrier",25,14,5
"WGE-0897",2024-10-20,"Khagrachari","Mahalchhari","School Student (Boy)",13,"Male","Marma","Government Secondary School","No","Yes","Yes","No",1,75.8,83.9,14,17,19.7,20.2,50,55,3.4,3.9,58.9,47.4,1,4,"Good","Good","Yes","No","Yes","Neutral",1.6,"No barrier",43,14,5
"WGE-0898",2024-11-11,"Khagrachari","Mahalchhari","School Student (Boy)",17,"Male","Tanchangya","Government Secondary School","No","No","No","No",3,68.8,81.8,15,15,23.8,15,51,60,1.8,3.9,51.6,29.7,1,5,"Moderate","Excellent","Yes","Yes","No","Strongly supports",3.2,"No barrier",24,11,4
"WGE-0899",2024-10-26,"Rangamati","Kaptai","Teacher",33,"Male","Bengali","Government Primary School","No","Yes","Yes","No",2,61.8,66.5,18,19,19.3,9.6,35,37,0.6,1.6,41.4,30,3,5,"Moderate","Poor","Yes","Yes","Partially","Neutral",1.8,"Yes - major barrier",43,9,4
"WGE-0900",2024-10-01,"Khagrachari","Khagrachari Sadar","School Student (Girl)",13,"Female","Bengali","Government Secondary School","No","Yes","Yes","Yes",3,58.5,56.8,12,13,16.8,7.8,57,67,3.9,5.4,28.2,24.5,2,5,"Poor","Poor","No","No","Yes","Neutral",0.5,"Yes - major barrier",59,9,5
"WGE-0901",2024-11-07,"Khagrachari","Panchhari","Household (Parent/Guardian)",45,"Male","Chakma","Madrasa","Yes","Yes","Yes","Yes",3,72.7,81.1,19,22,12.8,8.3,63,72,3.4,3.8,33.3,18.2,4,4,"Poor","Moderate","Yes","Yes","Yes","Neutral",3,"Yes - minor barrier",58,8,4
"WGE-0902",2024-09-20,"Khagrachari","Dighinala","Household (Parent/Guardian)",38,"Female","Marma","Government Primary School","Yes","Yes","No","Yes",3,78.2,89.3,16,17,12.6,0.0999999999999996,59,62,3.9,6.4,26.6,15.2,3,4,"Moderate","Good","Yes","No","Yes","Supports",4.6,"Yes - major barrier",27,13,4
"WGE-0903",2024-11-23,"Bandarban","Bandarban Sadar","School Student (Boy)",13,"Male","Marma","Government Primary School","Yes","No","Yes","Yes",2,67.3,75.6,12,13,34.3,27.5,52,62,3.7,5.7,25.8,14.5,2,2,"Poor","Moderate","Yes","Yes","Yes","Supports",4.9,"Yes - minor barrier",119,5,4
"WGE-0904",2024-09-16,"Rangamati","Rajasthali","Household (Parent/Guardian)",28,"Female","Chakma","NGO-run School","Yes","Yes","Yes","Partially",3,65.7,68,19,19,9.1,5.4,68,75,2.2,3.1,33.2,23.2,5,4,"Moderate","Excellent","Yes","Yes","Yes","Strongly supports",3.6,"Yes - major barrier",65,11,2
"WGE-0905",2024-09-18,"Khagrachari","Panchhari","Household (Parent/Guardian)",37,"Male","Marma","Government Primary School","No","Yes","Yes","Yes",2,89.5,100,15,16,4.7,0.100000000000001,28,33,5.1,6,58.7,54.6,2,4,"Moderate","Excellent","No","Yes","Partially","Neutral",3.6,"Yes - major barrier",69,12,4
"WGE-0906",2024-10-10,"Rangamati","Longadu","Household (Parent/Guardian)",30,"Female","Bawm","Community Learning Centre","Yes","Yes","No","Yes",2,77.1,87.5,14,16,19.4,10,30,46,2.7,3.9,42.2,41.4,5,4,"Moderate","Excellent","Yes","No","Yes","Neutral",1.4,"Yes - major barrier",58,11,4
"WGE-0907",2024-10-28,"Khagrachari","Ramgarh","School Student (Boy)",14,"Male","Chakma","Community Learning Centre","No","Yes","Yes","No",3,76.8,88.2,16,19,31.4,18.5,68,76,5.3,7.7,54.8,44.7,2,4,"Moderate","Good","Yes","No","Yes","Supports",3.7,"Yes - minor barrier",35,10,4
"WGE-0908",2024-09-19,"Bandarban","Rowangchhari","School Student (Girl)",10,"Female","Chakma","NGO-run School","No","Yes","Yes","Yes",1,77.6,85.2,17,19,7.3,0,53,57,5.5,6,45.2,31.5,2,5,"Excellent","Moderate","Yes","Yes","No","Supports",2.1,"No barrier",58,13,5
"WGE-0909",2024-10-05,"Bandarban","Rowangchhari","School Student (Girl)",13,"Female","Marma","Government Secondary School","Yes","Yes","Yes","No",3,74.6,84.5,19,22,20.8,16.2,36,50,5.4,7.4,64.2,52.2,2,3,"Moderate","Good","No","Yes","Yes","Supports",2.6,"No barrier",39,12,3
"WGE-0910",2024-10-05,"Rangamati","Baghaichhari","School Student (Girl)",12,"Female","Chakma","Government Secondary School","Yes","Yes","No","Yes",4,67.5,79.9,15,19,23.1,12.4,42,51,3,2.9,46.6,37.6,2,3,"Poor","Moderate","Yes","Yes","Yes","Neutral",4.2,"Yes - minor barrier",57,9,4
"WGE-0911",2024-10-23,"Bandarban","Bandarban Sadar","Police/Law Enforcement",36,"Male","Chakma","Government Primary School","No","No","Yes","Partially",3,87.1,100,17,19,18.5,13,33,46,1.5,3,25.2,18.5,4,4,"Good","Excellent","Yes","Yes","Partially","Neutral",5.7,"No barrier",64,15,3
"WGE-0912",2024-10-31,"Rangamati","Longadu","Mother Club Member",29,"Female","Chakma","Government Secondary School","Yes","Yes","No","Yes",3,76.1,79.7,16,18,13.8,4.4,56,61,2.4,6,37.2,36.2,2,4,"Excellent","Excellent","Yes","No","Yes","Neutral",5.2,"Yes - minor barrier",50,12,2
"WGE-0913",2024-11-19,"Bandarban","Ruma","School Student (Boy)",11,"Male","Marma","NGO-run School","Yes","Yes","No","No",3,55,67.7,13,17,15,11.3,38,48,3.3,4.8,37.9,36,4,5,"Good","Good","Yes","Yes","Partially","Supports",0.9,"No barrier",60,6,4
"WGE-0914",2024-09-14,"Rangamati","Baghaichhari","School Student (Boy)",14,"Male","Bawm","NGO-run School","Yes","Yes","Yes","Partially",4,83.9,95.1,14,17,6.2,0,68,81,5.4,6.8,26.6,14,3,2,"Moderate","Good","No","No","Partially","Supports",0.9,"No barrier",58,7,3
"WGE-0915",2024-09-25,"Bandarban","Bandarban Sadar","Household (Parent/Guardian)",42,"Male","Marma","Government Primary School","No","Yes","Yes","Yes",4,78.5,86.3,22,22,16.3,5.5,50,49,3.2,5.8,37.4,27.1,3,3,"Poor","Excellent","No","No","Partially","Strongly supports",5.3,"Yes - minor barrier",49,8,2
"WGE-0916",2024-09-17,"Bandarban","Lama","Household (Parent/Guardian)",40,"Male","Tripura","NGO-run School","Yes","No","No","No",3,46.8,54.2,13,14,6,0,73,85,2.9,4.9,43.7,36.4,3,2,"Moderate","Moderate","Yes","Yes","No","Supports",2.9,"No barrier",45,8,4
"WGE-0917",2024-10-01,"Khagrachari","Dighinala","School Student (Girl)",10,"Female","Marma","NGO-run School","Yes","Yes","No","Partially",2,70.2,76.9,21,22,24.2,13,40,44,2.6,4.5,34.8,27.6,1,4,"Good","Moderate","Yes","Yes","Yes","Supports",2.9,"Yes - minor barrier",56,5,3
"WGE-0918",2024-10-04,"Rangamati","Longadu","Household (Parent/Guardian)",38,"Male","Chakma","NGO-run School","Yes","No","Yes","Yes",1,81.1,87,15,18,10.2,1.8,45,48,1.8,2.3,12.2,6.5,3,2,"Excellent","Excellent","No","No","Partially","Supports",1.2,"No barrier",55,7,4
"WGE-0919",2024-10-30,"Bandarban","Bandarban Sadar","Household (Parent/Guardian)",34,"Male","Marma","Government Primary School","Yes","No","No","No",3,59.1,75.9,9,14,13.6,9.5,53,62,5.8,8.3,52.7,41.6,4,5,"Poor","Excellent","Yes","Yes","No","Strongly supports",0.2,"No barrier",49,6,4
"WGE-0920",2024-11-23,"Rangamati","Kaptai","Teacher",29,"Female","Tripura","Government Primary School","Yes","Yes","No","No",3,53.7,64.9,16,19,36.6,30.2,39,50,5.4,6.9,44.9,39.6,2,3,"Excellent","Excellent","Yes","Yes","Yes","Supports",0.2,"Yes - minor barrier",27,8,3
"WGE-0921",2024-09-06,"Khagrachari","Dighinala","School Student (Boy)",11,"Male","Tanchangya","Government Secondary School","Yes","Yes","No","Partially",3,81.9,94,13,16,25.5,19.3,71,77,2.2,2.7,68.1,56.2,2,3,"Poor","Moderate","Yes","Yes","Partially","Neutral",4,"No barrier",45,7,3
"WGE-0922",2024-10-21,"Bandarban","Ruma","School Management Committee (SMC)",24,"Female","Bawm","Government Secondary School","Yes","Yes","Yes","Yes",3,82.4,94.1,15,17,27.6,23.3,51,61,5.2,6,58.2,52.6,3,5,"Moderate","Excellent","Yes","No","Partially","Neutral",4.3,"Yes - minor barrier",50,6,4
"WGE-0923",2024-11-16,"Bandarban","Bandarban Sadar","School Student (Boy)",14,"Male","Marma","NGO-run School","Yes","Yes","Yes","No",4,81.2,91,11,14,7.8,0,60,81,4.7,6.5,56.2,43.7,4,4,"Moderate","Good","Yes","Yes","No","Neutral",4.7,"Yes - minor barrier",10,13,5
"WGE-0924",2024-10-05,"Bandarban","Lama","Household (Parent/Guardian)",46,"Male","Marma","Government Secondary School","No","Yes","Yes","Yes",4,85.2,98.1,13,13,20.3,8.8,37,52,2.4,3.5,58.7,49.6,1,5,"Moderate","Good","Yes","Yes","Partially","Supports",3.2,"No barrier",68,12,2
"WGE-0925",2024-10-09,"Bandarban","Naikhongchhari","Household (Parent/Guardian)",57,"Male","Marma","NGO-run School","No","Yes","No","Partially",1,81.8,92,19,20,10.8,8.8,43,48,5.7,6.4,36.9,25.1,4,4,"Excellent","Good","Yes","No","Yes","Supports",2.9,"No barrier",44,5,4
"WGE-0926",2024-09-26,"Khagrachari","Mahalchhari","School Student (Girl)",10,"Female","Tripura","Government Secondary School","Yes","Yes","No","Yes",1,61.3,70.5,14,17,19.1,10.9,29,33,3.9,4.9,10,1.9,3,3,"Moderate","Good","Yes","Yes","Yes","Neutral",0.2,"No barrier",91,13,4
"WGE-0927",2024-10-03,"Bandarban","Bandarban Sadar","Household (Parent/Guardian)",51,"Female","Tanchangya","Government Primary School","Yes","Yes","No","Yes",4,70,73.7,13,15,48.3,43.1,51,65,4,6.2,36.4,32.6,2,3,"Good","Excellent","Yes","Yes","Yes","Supports",4.5,"No barrier",55,16,4
"WGE-0928",2024-10-19,"Bandarban","Ruma","School Student (Girl)",15,"Female","Tripura","Government Secondary School","No","Yes","No","No",4,76.5,93.4,18,20,14.3,8.7,50,60,6.2,8.1,49.3,37.1,2,3,"Good","Excellent","No","Yes","Yes","Neutral",3.1,"Yes - minor barrier",38,13,5
"WGE-0929",2024-11-12,"Bandarban","Lama","Teacher",40,"Female","Chakma","Madrasa","No","Yes","Yes","No",1,56.3,65.6,17,20,19.7,10.1,65,70,1.5,2.4,40.7,32.5,1,4,"Moderate","Excellent","No","No","Yes","Neutral",1.6,"No barrier",62,11,4
"WGE-0930",2024-09-07,"Khagrachari","Ramgarh","Teacher",42,"Female","Murung","Community Learning Centre","No","Yes","No","Partially",3,88.7,94.3,17,19,12,6.4,52,55,4.4,6.2,44.3,42.2,2,1,"Moderate","Good","Yes","Yes","Yes","Supports",1.6,"Yes - major barrier",50,11,3
"WGE-0931",2024-11-30,"Khagrachari","Khagrachari Sadar","Reproductive Health Community Worker (RHCW)",32,"Female","Marma","Government Secondary School","Yes","No","Yes","Partially",2,76.2,87.4,13,15,16.7,10.6,36,46,4.5,5.3,65.1,63.6,1,3,"Moderate","Excellent","No","No","Yes","Strongly supports",1.8,"Yes - major barrier",35,9,2
"WGE-0932",2024-12-02,"Khagrachari","Panchhari","School Student (Girl)",13,"Female","Marma","Government Primary School","Yes","No","Yes","Partially",2,59.1,69.3,14,17,15.5,9.2,86,90,4.7,5.4,64.6,56.7,4,5,"Moderate","Poor","Yes","Yes","Partially","Supports",1.4,"Yes - minor barrier",50,12,4
"WGE-0933",2024-11-04,"Rangamati","Rajasthali","School Student (Girl)",17,"Female","Chakma","Madrasa","Yes","Yes","No","No",3,69.1,79.7,18,19,30.4,22.1,71,74,2.5,5.2,48.8,34.1,1,1,"Poor","Moderate","Yes","Yes","Yes","Supports",3.2,"Yes - major barrier",62,11,5
"WGE-0934",2024-10-27,"Rangamati","Rajasthali","School Student (Girl)",11,"Female","Murung","Government Primary School","No","No","Yes","No",3,67.4,81.7,16,18,3.1,2.1,66,82,4.3,4.9,51.6,44,2,4,"Moderate","Moderate","Yes","Yes","Yes","Neutral",5.5,"Yes - major barrier",57,3,1
"WGE-0935",2024-10-13,"Rangamati","Naniarchar","Household (Parent/Guardian)",41,"Male","Marma","Community Learning Centre","Yes","No","No","No",1,66.5,75,18,20,15.7,6.5,44,47,2.3,3,31.5,18.8,4,2,"Good","Good","No","No","Yes","Strongly supports",5.6,"No barrier",95,7,4
"WGE-0936",2024-09-30,"Bandarban","Lama","Reproductive Health Community Worker (RHCW)",36,"Female","Chakma","Madrasa","Yes","Yes","No","Yes",2,59.3,73.7,15,20,21.8,16.7,34,42,3.7,4,46.5,37.2,2,4,"Excellent","Excellent","No","Yes","Yes","Neutral",4.9,"No barrier",62,5,4
"WGE-0937",2024-11-11,"Bandarban","Bandarban Sadar","School Student (Girl)",12,"Female","Marma","Government Secondary School","Yes","No","Yes","Yes",3,85.2,98,15,16,23.7,16.9,18,33,4,5.8,40.3,28.7,3,4,"Good","Good","Yes","Yes","Partially","Supports",3.1,"Yes - major barrier",40,9,4
"WGE-0938",2024-11-18,"Bandarban","Ruma","School Student (Girl)",13,"Female","Bawm","Community Learning Centre","No","Yes","Yes","Yes",3,44.8,54.7,17,22,5.5,0,27,34,2.9,4,61.8,55.3,3,3,"Moderate","Excellent","No","Yes","Yes","Neutral",5.2,"Yes - minor barrier",64,10,3
"WGE-0939",2024-11-14,"Bandarban","Naikhongchhari","Household (Parent/Guardian)",36,"Female","Tripura","Government Secondary School","No","Yes","Yes","Yes",4,66.8,80.5,12,14,19,11.4,70,91,5.2,6.4,32.6,28.1,4,3,"Good","Excellent","Yes","No","No","Supports",3.1,"No barrier",75,5,5
"WGE-0940",2024-09-07,"Rangamati","Kaptai","Household (Parent/Guardian)",19,"Male","Bawm","Madrasa","Yes","No","No","Yes",4,78.7,93.8,18,21,23,14.6,50,60,5.1,7.9,26.4,22.9,3,4,"Moderate","Excellent","No","No","No","Strongly supports",5,"Yes - major barrier",37,4,4
"WGE-0941",2024-10-13,"Khagrachari","Mahalchhari","School Student (Girl)",15,"Female","Bengali","NGO-run School","Yes","Yes","Yes","Yes",3,70.3,75.6,14,16,12.2,5.8,41,63,4.6,5.9,39,22.7,3,3,"Poor","Excellent","No","Yes","Yes","Neutral",1,"No barrier",38,10,4
"WGE-0942",2024-11-12,"Bandarban","Lama","School Student (Girl)",14,"Female","Marma","Government Primary School","No","No","No","No",2,57.4,64.4,15,18,12.1,2.8,41,45,4.5,6.3,20.9,21.9,3,5,"Good","Moderate","Yes","No","Yes","Does not support",1.7,"Yes - minor barrier",69,13,4
"WGE-0943",2024-09-03,"Rangamati","Baghaichhari","School Student (Girl)",10,"Female","Marma","NGO-run School","No","No","No","Yes",3,60.1,67.4,15,17,22.6,19.6,46,59,5.3,8.8,13.1,0,1,4,"Poor","Excellent","Yes","Yes","No","Supports",4,"Yes - major barrier",41,6,5
"WGE-0944",2024-10-12,"Bandarban","Lama","School Student (Girl)",12,"Female","Tripura","Government Primary School","No","Yes","Yes","Yes",3,85.8,92,17,20,16.2,13.6,33,39,1.7,2.5,51.7,42.6,5,5,"Poor","Good","No","Yes","Yes","Neutral",4.6,"Yes - major barrier",44,12,5
"WGE-0945",2024-09-27,"Rangamati","Longadu","Mother Club Member",26,"Female","Tripura","NGO-run School","No","Yes","No","Yes",3,71.6,85.4,15,18,16.2,10.7,43,54,4.3,7,32.1,22.7,2,5,"Poor","Good","Yes","No","No","Supports",3.8,"No barrier",36,10,4
"WGE-0946",2024-10-18,"Bandarban","Naikhongchhari","School Student (Girl)",13,"Female","Marma","Government Primary School","Yes","No","No","No",2,62.8,75.1,13,14,22.8,18.8,52,60,4.5,5.3,51.3,49.5,2,4,"Moderate","Excellent","Yes","Yes","No","Supports",0.2,"No barrier",37,14,5
"WGE-0947",2024-12-01,"Rangamati","Naniarchar","Reproductive Health Community Worker (RHCW)",34,"Female","Tanchangya","NGO-run School","Yes","No","No","No",1,67,83.1,14,17,22.4,23.3,42,46,3.9,4.8,51.8,42.9,2,3,"Poor","Excellent","Yes","Yes","Yes","Neutral",2.6,"Yes - major barrier",29,9,5
"WGE-0948",2024-09-07,"Rangamati","Baghaichhari","Household (Parent/Guardian)",34,"Female","Chakma","Community Learning Centre","No","Yes","No","No",3,69.2,76.1,11,13,19.9,11.2,56,56,5.3,7.4,41.7,26.1,2,2,"Moderate","Excellent","No","Yes","Yes","Neutral",1.1,"No barrier",31,14,3
"WGE-0949",2024-11-28,"Rangamati","Rajasthali","Household (Parent/Guardian)",41,"Male","Chak","Government Secondary School","Yes","No","No","Partially",2,58.6,76.7,14,14,23.9,17.6,61,68,6.1,7.5,42.6,38.6,3,3,"Excellent","Good","Yes","Yes","Yes","Does not support",4.9,"No barrier",52,12,4
"WGE-0950",2024-11-08,"Khagrachari","Mahalchhari","School Student (Girl)",14,"Female","Tanchangya","Government Primary School","Yes","No","No","No",2,57.8,69.5,14,17,28.7,21.8,47,49,1.8,2.3,53.1,47.7,2,1,"Poor","Poor","Yes","Yes","Yes","Supports",2.1,"No barrier",32,7,4
"WGE-0951",2024-09-14,"Bandarban","Bandarban Sadar","School Student (Boy)",14,"Male","Chakma","Government Secondary School","Yes","Yes","No","No",4,65.2,74.8,19,22,25.1,16.6,54,72,0.5,1.7,32.3,16.5,3,4,"Excellent","Moderate","No","Yes","Partially","Supports",0.2,"No barrier",30,4,4
"WGE-0952",2024-10-11,"Rangamati","Baghaichhari","School Management Committee (SMC)",39,"Male","Khumi","Government Primary School","Yes","Yes","No","No",1,67.3,79.4,15,17,8.1,4.9,39,42,5,5.7,43.3,38.6,3,2,"Poor","Excellent","Yes","No","Partially","Supports",3.8,"Yes - minor barrier",42,9,3
"WGE-0953",2024-11-11,"Khagrachari","Mahalchhari","School Student (Boy)",12,"Male","Chakma","Madrasa","No","Yes","Yes","Yes",3,53.6,58.4,15,18,6,0,52,57,3.2,6,48.6,39.3,1,5,"Poor","Excellent","No","No","Partially","Neutral",1.1,"No barrier",62,13,2
"WGE-0954",2024-10-09,"Rangamati","Longadu","School Student (Girl)",17,"Female","Chakma","Community Learning Centre","Yes","No","No","Partially",1,80.8,88.9,19,22,22,20.1,66,68,2.6,3,15.5,9.4,1,5,"Poor","Excellent","Yes","No","Yes","Strongly supports",0.5,"Yes - major barrier",23,7,4
"WGE-0955",2024-10-16,"Bandarban","Ruma","Police/Law Enforcement",35,"Female","Bengali","NGO-run School","Yes","Yes","Yes","Yes",2,40,40.5,16,16,29.8,15.9,55,66,6.3,8,27.2,23,2,4,"Excellent","Excellent","Yes","Yes","Yes","Supports",0.6,"No barrier",56,10,3
"WGE-0956",2024-10-13,"Rangamati","Naniarchar","School Student (Boy)",14,"Male","Chakma","Government Secondary School","Yes","Yes","Yes","Partially",1,81.7,86.6,15,18,27,17.8,38,43,5.4,5.9,60.9,51.4,4,5,"Moderate","Good","Yes","No","Partially","Does not support",3.6,"Yes - major barrier",57,8,4
"WGE-0957",2024-09-16,"Rangamati","Naniarchar","School Student (Girl)",11,"Female","Bengali","Government Primary School","No","Yes","No","Partially",4,70.6,84,19,22,21.6,15.5,47,54,3.7,5.1,43,34.9,4,3,"Poor","Good","No","No","Yes","Supports",4.9,"Yes - minor barrier",66,11,4
"WGE-0958",2024-10-22,"Bandarban","Rowangchhari","School Student (Girl)",11,"Female","Khumi","NGO-run School","Yes","No","Yes","Yes",3,54.1,67.5,15,18,5.7,0,54,64,4.3,4.6,10,2.7,2,2,"Moderate","Good","Yes","Yes","Partially","Supports",3.2,"Yes - minor barrier",33,7,3
"WGE-0959",2024-10-31,"Rangamati","Naniarchar","Household (Parent/Guardian)",32,"Female","Tripura","Madrasa","Yes","Yes","Yes","Yes",4,83.8,88.4,17,20,28.4,23.8,54,56,4.9,5.7,52,42.1,4,4,"Poor","Good","No","Yes","Yes","Neutral",5.6,"No barrier",73,9,5
"WGE-0960",2024-11-24,"Rangamati","Longadu","Household (Parent/Guardian)",43,"Male","Tanchangya","Government Secondary School","No","Yes","Yes","No",4,78.7,94.8,12,13,18.7,10.8,34,34,2.5,2.9,48.4,42,4,4,"Poor","Moderate","No","No","Yes","Strongly supports",5.3,"Yes - minor barrier",34,5,5
"WGE-0961",2024-10-24,"Bandarban","Bandarban Sadar","School Student (Boy)",15,"Male","Chak","NGO-run School","Yes","Yes","No","Yes",3,43.6,50.2,10,12,9.4,0,64,62,7.9,10,45.1,37.7,3,5,"Moderate","Poor","Yes","No","No","Does not support",7.6,"No barrier",51,6,3
"WGE-0962",2024-11-17,"Khagrachari","Mahalchhari","Reproductive Health Community Worker (RHCW)",29,"Female","Marma","Government Primary School","Yes","No","No","No",2,90.4,100,14,17,27,18.6,34,40,2.6,3.9,52.9,47.5,4,2,"Poor","Excellent","No","Yes","No","Neutral",1.8,"Yes - major barrier",21,10,5
"WGE-0963",2024-09-19,"Bandarban","Rowangchhari","School Student (Girl)",15,"Female","Chakma","Government Secondary School","No","Yes","No","Yes",3,99.1,100,18,21,28.1,18.2,49,52,1.5,2.5,59.3,51.3,1,4,"Moderate","Good","Yes","Yes","No","Does not support",4.2,"Yes - minor barrier",57,7,5
"WGE-0964",2024-09-03,"Rangamati","Longadu","Household (Parent/Guardian)",28,"Male","Chakma","NGO-run School","Yes","Yes","Yes","No",1,80,91,18,20,20.6,15.1,42,44,3.4,4.2,44.5,37.1,1,5,"Moderate","Good","Yes","Yes","Partially","Strongly supports",5.2,"Yes - major barrier",56,4,4
"WGE-0965",2024-11-25,"Khagrachari","Khagrachari Sadar","Household (Parent/Guardian)",46,"Female","Chakma","Government Secondary School","Yes","Yes","No","Partially",1,74.2,77,17,19,12.8,6.5,40,44,3.5,4.1,52,41.6,2,3,"Poor","Good","No","No","Partially","Neutral",5,"Yes - minor barrier",44,7,4
"WGE-0966",2024-09-21,"Bandarban","Rowangchhari","School Student (Girl)",10,"Female","Murung","Government Secondary School","Yes","Yes","Yes","Yes",3,85.5,100,22,22,10.3,5.7,69,76,4.2,4.1,24.8,12.4,3,2,"Good","Poor","Yes","Yes","No","Supports",4.4,"Yes - minor barrier",47,11,3
"WGE-0967",2024-10-20,"Rangamati","Kaptai","School Student (Girl)",11,"Female","Chakma","Government Secondary School","Yes","No","No","Yes",3,72,87.2,17,21,15.3,5,27,38,3.1,5.2,75.1,58.3,4,5,"Moderate","Poor","Yes","Yes","Partially","Strongly supports",0.3,"Yes - major barrier",34,6,4
"WGE-0968",2024-11-20,"Rangamati","Longadu","School Student (Girl)",17,"Female","Marma","Community Learning Centre","No","Yes","No","No",3,58.2,66.9,9,13,15.6,4.3,15,33,4.2,6.4,32.9,24.2,3,4,"Moderate","Moderate","Yes","Yes","Yes","Strongly supports",6.1,"No barrier",53,7,5
"WGE-0969",2024-11-26,"Bandarban","Bandarban Sadar","Household (Parent/Guardian)",50,"Male","Bengali","Government Secondary School","Yes","Yes","No","Partially",3,89,94.7,10,11,15.7,8.8,53,62,4.3,6.1,44.1,42.8,2,4,"Moderate","Good","Yes","Yes","No","Neutral",2.9,"Yes - minor barrier",29,7,4
"WGE-0970",2024-11-18,"Khagrachari","Dighinala","Household (Parent/Guardian)",20,"Female","Chakma","Madrasa","Yes","Yes","Yes","No",2,64.8,64.6,15,17,29.2,20.3,48,57,7.4,9.2,13.6,2.1,3,2,"Poor","Moderate","No","Yes","Yes","Neutral",6,"Yes - minor barrier",52,6,2
"WGE-0971",2024-09-16,"Bandarban","Rowangchhari","Mother Club Member",29,"Female","Chakma","Government Primary School","Yes","Yes","No","No",4,70.9,77.2,22,22,16.2,9.3,35,51,3.8,4.3,10,1.3,3,3,"Good","Good","No","Yes","Partially","Strongly supports",5,"No barrier",58,8,4
"WGE-0972",2024-11-09,"Bandarban","Bandarban Sadar","Community Stakeholder",48,"Male","Pangkhua","Government Secondary School","Yes","Yes","No","Yes",2,78.3,86.3,14,15,18.1,9.7,35,43,5.2,6.5,62.5,57.2,1,2,"Poor","Good","Yes","Yes","Yes","Neutral",3.7,"No barrier",13,10,4
"WGE-0973",2024-10-21,"Bandarban","Ruma","Household (Parent/Guardian)",37,"Male","Bengali","Government Secondary School","Yes","No","No","Yes",2,69.5,79.4,15,16,25.2,20.4,34,39,0.8,1.9,31.9,21.3,4,3,"Moderate","Good","Yes","Yes","Partially","Supports",3.9,"Yes - minor barrier",48,9,3
"WGE-0974",2024-11-09,"Bandarban","Rowangchhari","Teacher",38,"Female","Chakma","Government Secondary School","No","Yes","No","No",3,89.1,99.9,14,15,19,7.9,45,56,4.9,6.8,36.2,30.6,3,3,"Poor","Good","No","No","Partially","Supports",4.3,"Yes - major barrier",29,11,4
"WGE-0975",2024-10-01,"Bandarban","Rowangchhari","School Student (Boy)",12,"Male","Bengali","Government Secondary School","Yes","Yes","Yes","No",2,63.3,68.6,18,21,30,24.3,58,67,1.1,2.3,56.1,44.8,2,5,"Good","Good","No","No","Partially","Supports",3.9,"No barrier",38,3,4
"WGE-0976",2024-11-21,"Rangamati","Rajasthali","Household (Parent/Guardian)",35,"Female","Chakma","Government Primary School","No","Yes","Yes","Yes",2,89,97.8,14,18,20.4,18.6,55,66,6.1,7.7,26.7,20.7,1,5,"Moderate","Moderate","No","No","Partially","Strongly supports",3.7,"Yes - major barrier",47,10,3
"WGE-0977",2024-09-17,"Rangamati","Naniarchar","Household (Parent/Guardian)",41,"Female","Chakma","Government Primary School","No","No","No","Yes",4,59.9,76.9,14,16,17.8,5.6,53,58,4,4.8,63.2,56.9,2,4,"Poor","Good","Yes","Yes","Yes","Neutral",2.2,"Yes - major barrier",52,9,4
"WGE-0978",2024-09-05,"Bandarban","Rowangchhari","School Management Committee (SMC)",63,"Female","Khumi","Madrasa","Yes","No","Yes","Yes",3,51.7,60.1,14,17,12.7,6.7,59,66,3.1,4.6,39,27.7,3,5,"Excellent","Good","No","Yes","Yes","Supports",6.9,"Yes - minor barrier",24,11,4
"WGE-0979",2024-11-01,"Rangamati","Rajasthali","School Student (Girl)",13,"Female","Chakma","NGO-run School","Yes","Yes","Yes","Yes",2,79.7,84.4,12,15,16.2,10.8,43,53,5.2,6.8,25,12.2,3,2,"Excellent","Good","Yes","No","No","Supports",3.8,"No barrier",70,13,4
"WGE-0980",2024-09-16,"Rangamati","Longadu","Teacher",37,"Male","Chakma","Government Primary School","No","Yes","No","Partially",2,76.5,87.6,19,21,28.2,23,67,78,3.1,3.7,57.4,43.6,1,2,"Good","Good","Yes","Yes","Partially","Supports",3.3,"Yes - minor barrier",33,7,5
"WGE-0981",2024-10-11,"Bandarban","Bandarban Sadar","School Student (Girl)",14,"Female","Tripura","Government Primary School","Yes","Yes","Yes","No",3,70.4,68.4,9,11,12.9,3.7,25,30,5.2,6.3,13.8,3.4,5,4,"Poor","Excellent","No","Yes","No","Strongly supports",2.5,"Yes - major barrier",24,5,4
"WGE-0982",2024-10-05,"Khagrachari","Khagrachari Sadar","Mother Club Member",32,"Female","Tanchangya","NGO-run School","Yes","No","No","Yes",3,81.7,85.7,18,19,34.6,27,69,75,3.7,3.8,26.2,19.7,5,4,"Good","Excellent","No","Yes","No","Supports",3.3,"Yes - major barrier",28,10,4
"WGE-0983",2024-11-10,"Khagrachari","Dighinala","School Student (Boy)",10,"Male","Chakma","Community Learning Centre","No","Yes","Yes","No",2,83.6,97.5,14,15,18.8,16.6,52,57,6.1,7.6,61.1,58,5,3,"Moderate","Excellent","Yes","No","Partially","Neutral",5.7,"Yes - minor barrier",37,8,2
"WGE-0984",2024-10-30,"Rangamati","Longadu","School Management Committee (SMC)",44,"Male","Chakma","Government Secondary School","Yes","No","Yes","Yes",4,72.6,78.3,10,13,5.1,0,51,68,3.3,7.2,19.4,4.9,2,5,"Moderate","Excellent","Yes","Yes","Yes","Supports",3.9,"Yes - minor barrier",70,4,4
"WGE-0985",2024-11-08,"Rangamati","Longadu","School Student (Girl)",13,"Female","Chak","Government Primary School","No","Yes","No","Yes",2,61.4,73.6,17,21,13.9,3.4,54,57,2.7,3.6,10,1.8,5,4,"Moderate","Excellent","No","Yes","Yes","Supports",4.4,"Yes - major barrier",29,7,4
"WGE-0986",2024-09-06,"Rangamati","Kaptai","Teacher",48,"Male","Murung","Government Secondary School","Yes","No","No","Yes",4,64.6,77.6,15,19,20.9,16.1,58,74,4.9,8.6,46,45,3,1,"Moderate","Good","Yes","No","Partially","Supports",2.4,"Yes - minor barrier",59,7,5
"WGE-0987",2024-11-24,"Bandarban","Ruma","School Student (Girl)",12,"Female","Marma","Government Secondary School","No","No","Yes","No",1,82.6,87.2,17,21,19,14,41,44,2.3,3,32.2,28.3,2,3,"Poor","Good","Yes","No","Yes","Does not support",3.5,"No barrier",69,5,4
"WGE-0988",2024-10-19,"Khagrachari","Khagrachari Sadar","School Student (Girl)",15,"Female","Marma","Madrasa","Yes","Yes","No","Yes",2,61.1,67.8,18,22,20.2,16.9,56,64,3.2,4.9,61.7,54.7,4,5,"Moderate","Good","Yes","No","Yes","Does not support",2.4,"Yes - minor barrier",74,8,4
"WGE-0989",2024-10-13,"Rangamati","Longadu","Household (Parent/Guardian)",47,"Female","Bengali","Government Secondary School","Yes","Yes","No","No",3,80.8,94,16,18,16.6,7.1,62,62,3.8,6.6,38.6,24.3,3,4,"Good","Good","Yes","No","Yes","Neutral",5.4,"Yes - minor barrier",44,4,4
"WGE-0990",2024-11-29,"Rangamati","Kaptai","Household (Parent/Guardian)",47,"Female","Marma","Government Secondary School","No","No","No","Yes",3,78.7,96,20,20,14.1,6.5,56,63,4.9,8.2,31.4,22.9,5,4,"Poor","Good","Yes","Yes","No","Neutral",4.2,"Yes - minor barrier",50,6,5
"WGE-0991",2024-09-24,"Rangamati","Rajasthali","School Student (Girl)",11,"Female","Bawm","Madrasa","Yes","Yes","Yes","Yes",4,72.2,79.8,17,19,17.3,6.5,46,55,5.7,8.3,43.8,31.1,2,4,"Excellent","Excellent","Yes","No","Partially","Neutral",3.9,"Yes - minor barrier",49,5,4
"WGE-0992",2024-11-20,"Khagrachari","Ramgarh","Mother Club Member",26,"Female","Pangkhua","Madrasa","Yes","No","No","No",2,74,87.2,14,17,15.2,8.9,57,64,3.8,4.5,55.5,51,3,5,"Poor","Moderate","Yes","Yes","Yes","Supports",2.6,"Yes - major barrier",44,8,3
"WGE-0993",2024-10-13,"Khagrachari","Dighinala","School Student (Boy)",13,"Male","Chakma","Government Primary School","Yes","No","No","Yes",3,73.3,78.7,18,18,28.1,23,69,77,2.9,4.5,36.5,25.1,5,4,"Moderate","Good","Yes","Yes","No","Supports",3.9,"Yes - minor barrier",64,12,5
"WGE-0994",2024-10-04,"Rangamati","Baghaichhari","School Student (Girl)",13,"Female","Marma","NGO-run School","Yes","Yes","Yes","No",3,57.8,65.1,19,21,15.9,4.8,52,59,4.3,7.4,59.8,51.6,1,4,"Excellent","Moderate","Yes","Yes","Yes","Neutral",8.5,"No barrier",59,11,4
"WGE-0995",2024-11-13,"Rangamati","Naniarchar","Household (Parent/Guardian)",41,"Male","Marma","NGO-run School","Yes","No","No","Yes",2,73.7,85.5,16,20,17.7,6.9,45,51,3.1,4.3,53.3,44.6,3,2,"Moderate","Moderate","Yes","Yes","Partially","Supports",3,"No barrier",44,9,4
"WGE-0996",2024-11-16,"Rangamati","Naniarchar","School Student (Girl)",15,"Female","Tripura","Government Primary School","No","No","Yes","No",2,87.5,100,16,18,14.7,8.7,60,66,1.3,1.4,20.6,13.1,1,5,"Moderate","Moderate","Yes","Yes","Partially","Neutral",6.2,"No barrier",46,8,4
"WGE-0997",2024-09-10,"Rangamati","Naniarchar","School Student (Boy)",14,"Male","Chakma","Government Secondary School","No","Yes","Yes","Yes",3,58.8,67.4,17,20,23.6,20.4,34,42,3.6,5.7,24.6,16.5,2,4,"Moderate","Good","Yes","No","Partially","Strongly supports",3.8,"No barrier",32,9,4
"WGE-0998",2024-09-14,"Khagrachari","Mahalchhari","School Student (Boy)",18,"Male","Tripura","Government Primary School","Yes","Yes","No","No",3,88.1,88.9,19,21,21.5,17,64,70,4.8,6.8,19.7,12.3,5,5,"Poor","Good","No","Yes","Partially","Supports",1.8,"No barrier",61,8,1
"WGE-0999",2024-09-16,"Rangamati","Rajasthali","Mother Club Member",33,"Female","Bengali","Government Primary School","No","Yes","No","Partially",2,85.9,94.3,19,21,23.5,24.5,49,57,3.1,3.2,43.2,36.9,2,4,"Excellent","Excellent","Yes","Yes","Yes","Strongly supports",2.7,"Yes - minor barrier",49,7,3
"WGE-1000",2024-11-07,"Rangamati","Baghaichhari","School Student (Boy)",18,"Male","Tripura","Government Primary School","No","Yes","Yes","Partially",1,46,48.1,11,12,32.7,28.4,35,39,4.1,4.8,64,60.5,3,5,"Good","Good","Yes","No","No","Strongly supports",3.7,"No barrier",40,14,4
"WGE-1001",2024-11-25,"Bandarban","Ruma","School Student (Girl)",12,"Female","Bengali","NGO-run School","Yes","No","No","Yes",3,52.4,67.7,15,17,26.2,22.1,56,73,2.5,4.1,11.6,2.2,4,3,"Moderate","Excellent","Yes","Yes","Yes","Supports",2.9,"Yes - minor barrier",40,7,4
"WGE-1002",2024-10-08,"Khagrachari","Khagrachari Sadar","School Student (Girl)",16,"Female","Chakma","NGO-run School","Yes","No","No","Yes",3,76.5,87.1,15,16,25.8,21.1,39,47,5.7,8,47.5,42.1,2,2,"Moderate","Excellent","No","Yes","Yes","Strongly supports",5.5,"Yes - minor barrier",45,9,3
"WGE-1003",2024-10-22,"Khagrachari","Khagrachari Sadar","Reproductive Health Community Worker (RHCW)",34,"Female","Pangkhua","NGO-run School","Yes","No","Yes","No",2,90.3,100,15,18,18.4,14.9,40,46,2.5,3.5,52.3,38.1,3,5,"Good","Excellent","No","No","Partially","Strongly supports",1.7,"Yes - major barrier",77,1,4
"WGE-1004",2024-10-10,"Khagrachari","Dighinala","School Student (Boy)",15,"Male","Marma","Government Primary School","No","Yes","No","Yes",4,79.2,90.9,16,19,14.9,6.9,42,54,3.5,7.6,32.3,21.3,2,2,"Moderate","Good","Yes","Yes","Partially","Strongly supports",0.2,"Yes - major barrier",35,12,4
"WGE-1005",2024-11-24,"Khagrachari","Panchhari","Household (Parent/Guardian)",30,"Female","Marma","NGO-run School","Yes","No","No","No",4,81.9,91,17,18,1.3,0,65,71,5.5,9,60.6,53.9,2,3,"Moderate","Good","Yes","Yes","Yes","Neutral",2,"Yes - minor barrier",58,11,5
"WGE-1006",2024-09-08,"Bandarban","Bandarban Sadar","Mother Club Member",29,"Female","Bawm","Government Primary School","No","No","No","Partially",4,70.9,76.8,15,18,28.2,24.6,45,55,5.4,6.5,52.9,41.5,3,3,"Good","Good","Yes","Yes","No","Supports",4.7,"No barrier",66,3,5
"WGE-1007",2024-10-03,"Bandarban","Bandarban Sadar","School Student (Girl)",12,"Female","Marma","Government Secondary School","Yes","Yes","No","Yes",2,55.5,61.3,16,19,29.9,22.9,65,72,5.6,6.2,48.5,40.1,4,4,"Moderate","Excellent","Yes","No","Partially","Strongly supports",4.1,"No barrier",37,9,5
"WGE-1008",2024-11-23,"Khagrachari","Khagrachari Sadar","School Student (Boy)",15,"Male","Tripura","NGO-run School","Yes","Yes","No","No",3,91.2,99.9,16,19,20.3,14.4,61,75,4.8,6.2,59,52.2,5,1,"Good","Excellent","Yes","Yes","Partially","Strongly supports",3.4,"No barrier",48,3,5
"WGE-1009",2024-11-23,"Khagrachari","Panchhari","School Student (Girl)",10,"Female","Murung","Government Primary School","No","Yes","No","Yes",2,57,66.4,15,18,16.3,11.4,80,84,1.7,3.3,55.3,34,3,4,"Moderate","Good","Yes","Yes","Yes","Does not support",0.9,"Yes - minor barrier",69,4,5
"WGE-1010",2024-09-20,"Khagrachari","Ramgarh","School Student (Girl)",12,"Female","Tripura","Government Secondary School","No","Yes","Yes","No",3,80.2,91.8,16,18,28.4,24.5,70,74,1.5,3.4,35.1,35.6,2,3,"Good","Good","Yes","Yes","Partially","Strongly supports",3.4,"Yes - minor barrier",46,8,4
"WGE-1011",2024-11-27,"Khagrachari","Khagrachari Sadar","Household (Parent/Guardian)",33,"Male","Tanchangya","NGO-run School","Yes","Yes","No","Yes",4,69.7,75.3,19,22,20.6,17,47,64,6.6,10,57.1,42,3,4,"Moderate","Excellent","Yes","Yes","No","Neutral",6,"No barrier",103,6,3
"WGE-1012",2024-09-10,"Bandarban","Ruma","School Student (Boy)",14,"Male","Murung","Government Primary School","Yes","No","No","No",4,87.8,90.9,17,20,14.4,4.5,33,37,5.7,9.2,57.4,49.4,3,5,"Moderate","Moderate","Yes","Yes","Yes","Supports",2.7,"No barrier",22,9,2
"WGE-1013",2024-10-31,"Khagrachari","Dighinala","School Student (Girl)",13,"Female","Khumi","Government Primary School","No","Yes","No","No",2,72,89.9,13,15,25.5,14.5,37,49,3.7,4.2,64.7,57.7,1,3,"Good","Excellent","Yes","No","Partially","Supports",2.5,"No barrier",27,12,5
"WGE-1014",2024-09-10,"Khagrachari","Khagrachari Sadar","Household (Parent/Guardian)",41,"Female","Khumi","NGO-run School","Yes","Yes","No","Yes",3,75.3,84.7,9,11,19,11.9,46,55,3.5,6.8,41.4,33,2,4,"Moderate","Good","Yes","No","Yes","Supports",2.9,"No barrier",33,8,5
"WGE-1015",2024-10-29,"Rangamati","Baghaichhari","School Student (Girl)",14,"Female","Chak","Madrasa","Yes","Yes","No","Partially",3,68.3,69.9,13,17,16.9,7,63,80,3.9,7.7,41,35.2,1,3,"Moderate","Good","No","Yes","Partially","Neutral",5.8,"Yes - major barrier",60,11,5
"WGE-1016",2024-09-26,"Khagrachari","Panchhari","School Student (Boy)",15,"Male","Bengali","Government Secondary School","Yes","No","No","Yes",3,64.7,78.7,22,22,10.1,5,40,44,2.9,4.7,57.7,42,3,4,"Moderate","Excellent","Yes","No","Partially","Supports",4.9,"Yes - minor barrier",44,13,5
"WGE-1017",2024-10-11,"Khagrachari","Khagrachari Sadar","School Student (Girl)",10,"Female","Marma","Government Secondary School","Yes","Yes","Yes","Partially",1,64.9,71.2,22,22,14.7,11.8,27,31,4,4.7,20,13.6,2,5,"Moderate","Good","Yes","Yes","Partially","Supports",5.5,"Yes - major barrier",34,12,2
"WGE-1018",2024-10-28,"Bandarban","Naikhongchhari","School Student (Boy)",14,"Male","Marma","Government Secondary School","No","No","Yes","Yes",1,70.8,80.3,10,12,11.3,1.3,54,56,3.3,3.9,40.1,29.5,2,3,"Good","Good","Yes","Yes","Yes","Supports",1.5,"Yes - minor barrier",35,10,4
"WGE-1019",2024-11-20,"Bandarban","Rowangchhari","Teacher",19,"Female","Chakma","Government Primary School","No","Yes","Yes","No",4,83.1,93.2,18,20,15.9,8.3,48,64,3.4,6.9,41,37.6,2,3,"Good","Moderate","Yes","Yes","Yes","Strongly supports",2,"Yes - minor barrier",35,2,4
"WGE-1020",2024-09-21,"Rangamati","Baghaichhari","School Student (Boy)",17,"Male","Marma","Government Primary School","Yes","Yes","No","No",2,59.2,64.6,20,22,18.6,14.9,39,49,2.7,3.7,43.5,37.5,5,3,"Moderate","Good","No","Yes","Yes","Strongly supports",1,"Yes - minor barrier",31,7,4
"WGE-1021",2024-10-23,"Khagrachari","Panchhari","Household (Parent/Guardian)",22,"Male","Bengali","Government Secondary School","Yes","Yes","Yes","Yes",3,87.1,97.5,14,15,15.6,9.7,64,78,3.7,5.4,20.1,7,2,4,"Poor","Good","Yes","Yes","No","Does not support",2.6,"No barrier",60,1,5
"WGE-1022",2024-09-04,"Rangamati","Longadu","Reproductive Health Community Worker (RHCW)",34,"Female","Marma","Government Primary School","Yes","Yes","No","Yes",2,94,100,20,20,29.8,25.9,39,47,2.1,3.7,14.3,10.1,3,5,"Good","Good","No","No","Yes","Strongly supports",5.3,"Yes - minor barrier",98,7,4
"WGE-1023",2024-11-06,"Bandarban","Naikhongchhari","School Student (Girl)",16,"Female","Marma","NGO-run School","Yes","No","No","Partially",3,65.6,80.9,19,21,19.4,10.1,59,74,6,7.9,26.4,23.1,2,3,"Poor","Good","Yes","No","No","Supports",4.3,"Yes - minor barrier",30,6,5
"WGE-1024",2024-09-06,"Khagrachari","Khagrachari Sadar","School Student (Girl)",12,"Female","Marma","Government Secondary School","Yes","Yes","Yes","Yes",4,41.5,50.3,17,19,14.1,0.799999999999999,72,80,3.1,6.6,44.9,36.6,3,3,"Poor","Good","No","No","Yes","Supports",2.6,"No barrier",31,10,4
"WGE-1025",2024-09-28,"Rangamati","Kaptai","Teacher",47,"Male","Marma","NGO-run School","Yes","Yes","Yes","Partially",2,55.2,57.3,16,21,19.4,9,69,72,3.8,4.6,37.5,31.6,1,4,"Good","Good","Yes","Yes","Partially","Supports",4,"Yes - minor barrier",11,8,2
"WGE-1026",2024-11-23,"Khagrachari","Mahalchhari","School Student (Girl)",10,"Female","Bawm","Government Primary School","Yes","No","Yes","Yes",4,62.1,61.8,15,15,8.2,3.2,54,65,5.4,6.7,48.4,37.2,2,2,"Poor","Excellent","No","Yes","Partially","Does not support",1.3,"No barrier",35,9,3
"WGE-1027",2024-10-05,"Khagrachari","Panchhari","School Student (Girl)",13,"Female","Murung","Government Secondary School","Yes","Yes","No","Yes",4,74.6,80.2,22,22,11.5,4.5,58,74,3.2,4.9,35.9,24.4,3,2,"Moderate","Moderate","Yes","No","Partially","Neutral",5.9,"Yes - minor barrier",44,5,3
"WGE-1028",2024-10-28,"Bandarban","Rowangchhari","Mother Club Member",35,"Female","Tripura","Government Primary School","No","Yes","Yes","Partially",3,78.6,96.9,19,22,13.2,3.9,34,38,2.5,4.2,41.3,34,1,5,"Poor","Poor","Yes","Yes","Yes","Supports",3.5,"Yes - major barrier",87,5,5
"WGE-1029",2024-12-03,"Bandarban","Bandarban Sadar","School Student (Girl)",14,"Female","Bengali","Government Secondary School","Yes","No","Yes","No",4,97,100,15,16,15.6,10.7,67,78,3.3,6.4,25.7,18,5,3,"Good","Good","Yes","Yes","Yes","Strongly supports",2.2,"Yes - major barrier",37,5,3
"WGE-1030",2024-09-08,"Khagrachari","Dighinala","Reproductive Health Community Worker (RHCW)",27,"Female","Tripura","Government Primary School","Yes","Yes","No","Partially",1,55.5,60.2,12,17,23.3,21,41,44,5.3,5.4,57.3,44.8,3,5,"Good","Excellent","Yes","No","Yes","Strongly supports",3.3,"Yes - minor barrier",34,6,2
"WGE-1031",2024-11-20,"Rangamati","Kaptai","School Student (Boy)",13,"Male","Chakma","Government Secondary School","Yes","Yes","Yes","Partially",1,94.6,97.7,20,22,25.6,17.1,37,42,3.7,4.3,36.1,32.3,5,5,"Moderate","Good","No","Yes","Yes","Strongly supports",4.8,"Yes - minor barrier",33,10,4
"WGE-1032",2024-09-13,"Khagrachari","Ramgarh","School Student (Boy)",14,"Male","Bawm","NGO-run School","No","Yes","No","No",3,89,100,13,14,8.2,1.1,50,62,4.3,5.5,27.7,19.4,4,3,"Poor","Moderate","No","Yes","No","Strongly supports",3.4,"No barrier",53,9,4
"WGE-1033",2024-11-14,"Rangamati","Kaptai","Household (Parent/Guardian)",31,"Male","Chak","Government Secondary School","Yes","No","No","No",2,88.8,93.5,14,17,20.5,14.6,25,35,4.9,6.1,68.8,51.8,3,4,"Excellent","Excellent","No","Yes","No","Strongly supports",2.2,"Yes - minor barrier",81,10,5
"WGE-1034",2024-11-23,"Rangamati","Baghaichhari","Household (Parent/Guardian)",39,"Female","Marma","Government Secondary School","Yes","No","No","Yes",2,54.6,68.6,18,22,18.4,8.1,59,67,2.7,4.2,42.4,36.3,5,4,"Poor","Moderate","No","Yes","Yes","Supports",5.1,"No barrier",47,7,2
"WGE-1035",2024-10-25,"Bandarban","Ruma","School Student (Boy)",10,"Male","Tanchangya","Government Secondary School","Yes","Yes","No","No",1,76,89.6,15,17,21.6,14.2,55,60,2.8,3.5,40.6,26.5,3,5,"Good","Moderate","No","Yes","No","Supports",2.1,"Yes - minor barrier",15,12,4
"WGE-1036",2024-10-02,"Bandarban","Lama","School Student (Boy)",15,"Male","Chakma","Madrasa","Yes","Yes","No","Partially",3,79.4,89.4,15,17,15.9,14.3,65,75,4.8,6.1,50.9,44.7,4,4,"Moderate","Excellent","Yes","Yes","Partially","Supports",4.7,"Yes - major barrier",52,3,4
"WGE-1037",2024-10-09,"Rangamati","Baghaichhari","School Student (Girl)",12,"Female","Chakma","Madrasa","Yes","No","No","Partially",1,62,77.6,12,15,15.5,11.6,30,36,5.7,6.5,78.4,70.2,2,2,"Moderate","Excellent","Yes","No","Partially","Supports",5.1,"Yes - major barrier",49,8,3
"WGE-1038",2024-09-06,"Khagrachari","Panchhari","School Student (Girl)",13,"Female","Khumi","Government Primary School","No","Yes","Yes","Partially",4,70.8,82.9,17,20,8.2,0.6,60,64,4.2,5.8,10,5.6,1,5,"Poor","Excellent","No","No","Yes","Strongly supports",5.4,"Yes - minor barrier",68,8,3
"WGE-1039",2024-11-23,"Rangamati","Longadu","School Student (Girl)",10,"Female","Chakma","Government Secondary School","Yes","Yes","No","Yes",3,78.9,91.7,17,18,20.4,12.9,52,57,2.4,3.7,22.8,14.8,4,3,"Good","Excellent","No","Yes","No","Does not support",4.3,"No barrier",63,9,5
"WGE-1040",2024-11-19,"Khagrachari","Ramgarh","School Student (Boy)",12,"Male","Marma","Government Primary School","Yes","Yes","No","Yes",4,65.5,70.1,14,16,18.5,15.4,55,71,3,6.3,38.9,30.8,4,2,"Moderate","Excellent","No","Yes","No","Supports",2.3,"No barrier",41,10,5
"WGE-1041",2024-10-30,"Rangamati","Naniarchar","Mother Club Member",38,"Female","Chakma","NGO-run School","No","No","No","No",2,73.5,87.1,17,19,28,25.1,52,60,3.5,4.6,64.6,60,4,4,"Excellent","Moderate","Yes","Yes","Yes","Does not support",0.6,"Yes - major barrier",22,12,4
"WGE-1042",2024-09-22,"Rangamati","Baghaichhari","School Student (Girl)",15,"Female","Tripura","Government Primary School","No","No","No","Partially",3,100,100,14,16,23.4,16.1,40,44,2.7,5,39.5,37.6,1,3,"Good","Excellent","Yes","No","Yes","Neutral",0.7,"Yes - major barrier",49,12,5
"WGE-1043",2024-10-01,"Bandarban","Ruma","Household (Parent/Guardian)",28,"Female","Tripura","NGO-run School","No","No","Yes","Partially",2,57.1,71.9,16,19,26.4,14.2,41,50,3.4,4.9,53.1,46.1,2,4,"Excellent","Excellent","Yes","No","Yes","Neutral",0.8,"No barrier",52,9,4
"WGE-1044",2024-09-27,"Rangamati","Kaptai","Teacher",26,"Male","Tanchangya","Government Secondary School","Yes","No","Yes","Partially",2,78.1,85.6,17,19,8.7,0.9,40,45,1.7,2.6,48.5,32.8,3,5,"Moderate","Excellent","Yes","Yes","No","Strongly supports",4.5,"Yes - minor barrier",35,9,5
"WGE-1045",2024-09-18,"Rangamati","Naniarchar","Reproductive Health Community Worker (RHCW)",31,"Female","Marma","Government Primary School","Yes","Yes","Yes","No",3,82.2,96.9,17,21,22.6,13.2,37,51,1.8,3.1,67.7,63.5,1,5,"Moderate","Good","Yes","No","No","Supports",1.6,"No barrier",45,2,5
"WGE-1046",2024-09-06,"Khagrachari","Mahalchhari","Reproductive Health Community Worker (RHCW)",27,"Female","Tripura","Community Learning Centre","Yes","No","No","Yes",3,61.9,74,10,13,4.4,2,37,52,4.5,5.9,45,46.7,3,4,"Poor","Good","Yes","Yes","Yes","Does not support",1.6,"No barrier",33,2,3
"WGE-1047",2024-09-25,"Khagrachari","Panchhari","School Student (Girl)",12,"Female","Tripura","Government Secondary School","Yes","No","Yes","No",1,81.4,87.8,18,20,11.6,8.2,54,57,0.8,1.4,15.6,11.6,4,2,"Excellent","Moderate","Yes","Yes","Yes","Neutral",1,"No barrier",28,5,3
"WGE-1048",2024-12-02,"Rangamati","Naniarchar","Household (Parent/Guardian)",50,"Female","Chakma","Government Primary School","No","No","No","Yes",1,80.5,84.2,16,19,27.7,19.3,59,64,1.9,2.5,36.3,30.6,4,2,"Moderate","Poor","No","No","No","Does not support",3,"Yes - major barrier",37,1,4
"WGE-1049",2024-09-27,"Rangamati","Longadu","School Student (Girl)",12,"Female","Tripura","Madrasa","Yes","Yes","No","Yes",3,47.9,54.7,7,9,19.9,7,39,52,2.8,5,40.4,29.5,1,5,"Poor","Moderate","Yes","No","Partially","Supports",0.8,"Yes - major barrier",52,7,4
"WGE-1050",2024-09-28,"Bandarban","Lama","School Student (Boy)",11,"Male","Marma","Government Secondary School","No","No","No","Partially",4,90.4,95.2,11,12,22.1,14.6,47,67,5,8.5,33.9,24.8,3,5,"Good","Poor","Yes","No","No","Does not support",3.1,"Yes - minor barrier",48,5,3
"WGE-1051",2024-10-23,"Khagrachari","Mahalchhari","Household (Parent/Guardian)",45,"Male","Tanchangya","NGO-run School","Yes","No","No","Yes",3,50.7,67,14,19,16.5,7.4,72,79,3.1,4.3,27.4,16.6,1,5,"Moderate","Excellent","Yes","Yes","Yes","Neutral",4.3,"Yes - major barrier",42,8,4
"WGE-1052",2024-11-27,"Bandarban","Naikhongchhari","Household (Parent/Guardian)",25,"Male","Marma","Government Primary School","Yes","No","No","Partially",1,74.2,80.9,16,18,8.8,0.700000000000001,34,37,4.3,4.8,37.1,35.3,3,4,"Moderate","Moderate","Yes","Yes","Yes","Does not support",3.9,"No barrier",60,4,4
"WGE-1053",2024-10-07,"Rangamati","Baghaichhari","Reproductive Health Community Worker (RHCW)",42,"Female","Khumi","Government Secondary School","Yes","Yes","Yes","Yes",4,72.2,85.7,17,18,22.5,13.4,41,65,2.6,5.9,34,21.2,4,4,"Poor","Good","No","Yes","Yes","Supports",3.6,"No barrier",60,10,4
"WGE-1054",2024-10-17,"Rangamati","Longadu","Household (Parent/Guardian)",49,"Female","Chakma","Madrasa","No","No","No","Yes",2,79.5,88.3,13,16,26,16.9,30,36,4.5,5.8,56.4,48.6,2,2,"Poor","Excellent","Yes","No","No","Strongly supports",1,"Yes - major barrier",45,13,3
"WGE-1055",2024-10-09,"Khagrachari","Mahalchhari","School Student (Girl)",10,"Female","Tripura","Government Primary School","No","No","No","Partially",4,76.3,83.5,16,19,21.2,19.1,37,57,3,5.9,40.2,37.1,2,2,"Poor","Poor","Yes","Yes","Yes","Does not support",3.4,"Yes - minor barrier",27,7,4
"WGE-1056",2024-10-04,"Rangamati","Rajasthali","Teacher",36,"Male","Bengali","Government Secondary School","No","Yes","No","No",3,68,87.1,20,22,21,18.8,44,53,4.1,6.9,41.2,36.7,2,4,"Excellent","Good","No","No","No","Strongly supports",3.5,"Yes - major barrier",59,7,4
"WGE-1057",2024-10-26,"Rangamati","Longadu","Household (Parent/Guardian)",45,"Female","Tripura","Government Secondary School","Yes","No","No","Yes",3,64,72.2,14,18,18.9,14,60,71,4.6,6.9,37.3,32.5,3,5,"Moderate","Excellent","No","No","Yes","Supports",5.7,"Yes - major barrier",82,10,3
"WGE-1058",2024-10-12,"Rangamati","Kaptai","School Management Committee (SMC)",38,"Male","Chakma","NGO-run School","No","No","Yes","Yes",4,82.5,87.9,22,22,20.7,12.5,61,77,4.4,6.7,31.2,14.3,2,4,"Moderate","Good","Yes","Yes","Yes","Neutral",1.7,"Yes - minor barrier",48,4,3
"WGE-1059",2024-10-22,"Bandarban","Bandarban Sadar","Reproductive Health Community Worker (RHCW)",33,"Female","Chakma","Government Primary School","Yes","Yes","Yes","Yes",2,71.1,84.6,19,20,22.1,18.7,54,62,4.6,5.5,46.7,32.9,2,5,"Poor","Good","Yes","Yes","No","Neutral",4.7,"Yes - major barrier",82,4,5
"WGE-1060",2024-10-26,"Bandarban","Rowangchhari","Reproductive Health Community Worker (RHCW)",31,"Female","Marma","Government Secondary School","Yes","Yes","Yes","Partially",2,63.1,67,12,14,13.7,10.5,47,51,5.8,7.1,55.5,47.9,3,3,"Moderate","Good","No","No","No","Strongly supports",7.1,"Yes - major barrier",39,14,3
"WGE-1061",2024-10-02,"Khagrachari","Panchhari","Teacher",37,"Male","Marma","Government Secondary School","No","No","Yes","Yes",2,94.1,100,18,21,23.4,20.9,51,54,4,5.7,61,50.6,2,3,"Moderate","Moderate","Yes","Yes","Yes","Supports",2.1,"Yes - minor barrier",25,6,3
"WGE-1062",2024-09-14,"Khagrachari","Panchhari","School Student (Girl)",10,"Female","Tanchangya","Government Secondary School","Yes","Yes","Yes","Partially",3,66.9,73.5,20,22,19.4,13.8,66,77,3,5.4,34.3,31,5,3,"Moderate","Good","Yes","No","No","Strongly supports",6,"No barrier",78,10,5
"WGE-1063",2024-09-26,"Rangamati","Longadu","Household (Parent/Guardian)",48,"Male","Khumi","Government Secondary School","Yes","Yes","No","Yes",3,64.9,74.6,14,16,10.2,9.4,50,52,3.5,5.4,38.2,31,4,2,"Moderate","Moderate","Yes","No","Partially","Does not support",2.6,"Yes - major barrier",13,9,5
"WGE-1064",2024-09-14,"Khagrachari","Panchhari","Household (Parent/Guardian)",44,"Male","Chakma","Government Primary School","Yes","Yes","Yes","No",1,73,82.8,16,18,7,8.7,61,66,5,5.8,52.2,46.8,4,4,"Good","Excellent","No","No","No","Supports",2.5,"Yes - major barrier",70,7,5
"WGE-1065",2024-10-18,"Bandarban","Bandarban Sadar","Household (Parent/Guardian)",38,"Female","Marma","Government Secondary School","Yes","Yes","Yes","Yes",4,56.4,69.7,17,21,18.3,8.5,36,47,2.4,5.7,41.3,34.8,4,4,"Good","Good","Yes","No","Partially","Supports",3.4,"Yes - minor barrier",72,7,4
"WGE-1066",2024-10-08,"Rangamati","Kaptai","Household (Parent/Guardian)",53,"Male","Bengali","Government Secondary School","No","No","Yes","No",2,69.8,87.6,13,16,14.8,10.4,34,40,5.1,5.9,56.5,48.2,3,3,"Excellent","Good","Yes","Yes","Partially","Neutral",2.7,"Yes - minor barrier",69,5,4
"WGE-1067",2024-10-29,"Khagrachari","Panchhari","Reproductive Health Community Worker (RHCW)",31,"Female","Bawm","NGO-run School","Yes","Yes","Yes","Yes",4,76,82.8,17,19,12.1,4.3,54,67,2.6,4.2,23.6,15.3,3,3,"Good","Good","No","Yes","Yes","Does not support",1.5,"Yes - minor barrier",57,4,5
"WGE-1068",2024-10-04,"Rangamati","Longadu","Reproductive Health Community Worker (RHCW)",36,"Female","Marma","Government Secondary School","No","No","No","No",4,66.8,73.8,18,19,12.9,6.8,37,55,7.3,10,34.5,25.3,4,4,"Moderate","Good","Yes","Yes","Partially","Strongly supports",3.3,"Yes - minor barrier",46,12,3
"WGE-1069",2024-09-27,"Khagrachari","Panchhari","Community Stakeholder",54,"Female","Bawm","Government Secondary School","Yes","No","Yes","Partially",4,71.7,79.3,19,22,23.5,14.3,57,58,3.1,4.6,34.2,26.5,4,5,"Good","Good","Yes","Yes","Yes","Supports",5.4,"No barrier",60,10,4
"WGE-1070",2024-09-04,"Rangamati","Kaptai","School Student (Boy)",14,"Male","Marma","Government Primary School","Yes","No","Yes","Yes",2,69,78.3,21,22,10.2,2.9,58,62,7.6,8.2,29.2,25.3,2,4,"Good","Good","No","Yes","No","Supports",3.2,"No barrier",63,3,4
"WGE-1071",2024-11-05,"Bandarban","Bandarban Sadar","School Student (Boy)",14,"Male","Bengali","Madrasa","Yes","Yes","No","Partially",4,68.1,86.2,13,18,15.6,9.7,60,73,3,3.8,23.1,19.7,1,5,"Excellent","Good","Yes","Yes","Yes","Supports",0.8,"Yes - major barrier",63,6,4
"WGE-1072",2024-09-14,"Bandarban","Rowangchhari","Teacher",17,"Female","Chak","Government Primary School","No","Yes","Yes","No",3,81.9,97,13,17,20.1,7.6,36,47,2.3,4.7,64.8,60.9,3,3,"Good","Moderate","No","Yes","Yes","Does not support",2.5,"Yes - major barrier",69,8,5
"WGE-1073",2024-11-17,"Khagrachari","Dighinala","Teacher",28,"Female","Marma","Government Primary School","Yes","No","Yes","Partially",1,91.7,100,15,18,29.9,28.9,31,36,2.2,3.1,45.4,40.6,3,4,"Good","Good","Yes","Yes","Partially","Neutral",4.5,"No barrier",29,9,4
"WGE-1074",2024-10-10,"Bandarban","Lama","School Student (Girl)",14,"Female","Tripura","Government Primary School","Yes","Yes","Yes","Yes",3,71.1,84.5,20,19,21.4,15,45,54,3.5,5.1,45.3,35.6,3,3,"Moderate","Excellent","No","No","Yes","Strongly supports",7.5,"Yes - minor barrier",26,6,4
"WGE-1075",2024-09-25,"Bandarban","Bandarban Sadar","School Student (Boy)",15,"Male","Murung","Government Secondary School","Yes","Yes","No","Partially",3,93.1,100,16,19,17.3,8.1,67,70,3.5,5.8,66.8,48.4,1,4,"Moderate","Moderate","No","No","No","Supports",0.2,"No barrier",74,13,3
"WGE-1076",2024-10-05,"Khagrachari","Ramgarh","School Student (Boy)",11,"Male","Tripura","Government Secondary School","Yes","Yes","Yes","Partially",2,68.1,71.5,18,20,22.7,14.2,72,77,3.8,5,62.8,60.7,3,4,"Moderate","Moderate","No","No","No","Strongly supports",3.1,"Yes - major barrier",52,13,4
"WGE-1077",2024-09-27,"Rangamati","Kaptai","Teacher",42,"Male","Tripura","NGO-run School","Yes","No","Yes","Yes",2,74.2,89.9,15,16,27.8,22.9,64,71,3.9,4.5,35.2,24.7,3,5,"Moderate","Moderate","Yes","No","Partially","Strongly supports",3.7,"No barrier",72,4,5
"WGE-1078",2024-09-07,"Khagrachari","Dighinala","School Student (Boy)",13,"Male","Murung","Madrasa","Yes","Yes","No","Partially",3,62.9,72.2,11,14,23.6,15.7,39,43,1.9,3.5,65.2,56.5,2,4,"Moderate","Moderate","Yes","No","Yes","Strongly supports",0.2,"Yes - major barrier",28,9,4
"WGE-1079",2024-10-21,"Khagrachari","Khagrachari Sadar","Teacher",38,"Female","Pangkhua","Government Secondary School","Yes","No","Yes","No",1,79.5,86.4,21,22,15.6,13.2,37,39,5.7,6.4,27,17.1,2,4,"Poor","Excellent","No","No","Yes","Supports",1.3,"No barrier",61,6,5
"WGE-1080",2024-10-05,"Khagrachari","Panchhari","School Student (Boy)",12,"Male","Murung","Government Primary School","Yes","Yes","Yes","Yes",3,79.7,83,20,22,25.8,20.8,62,73,3.4,5.5,38.9,32.6,1,2,"Good","Excellent","Yes","Yes","Yes","Strongly supports",6.5,"Yes - major barrier",68,1,3
"WGE-1081",2024-09-18,"Khagrachari","Mahalchhari","School Student (Boy)",16,"Male","Marma","Government Secondary School","Yes","Yes","No","Yes",2,85.1,98.6,12,14,13.1,5.4,41,45,4.1,4.4,24.2,14,4,3,"Poor","Excellent","No","Yes","Partially","Supports",5.3,"No barrier",44,6,4
"WGE-1082",2024-11-16,"Bandarban","Lama","Mother Club Member",28,"Female","Tripura","NGO-run School","Yes","No","Yes","No",3,66.5,77.3,19,21,28.5,20,44,58,0.9,3.2,57.4,44.9,3,3,"Poor","Excellent","No","Yes","Partially","Does not support",2.3,"No barrier",71,11,5
"WGE-1083",2024-09-03,"Bandarban","Bandarban Sadar","Teacher",41,"Female","Murung","Government Primary School","Yes","No","Yes","Yes",1,73.7,82.9,13,12,29.4,21.4,51,54,3.2,3.9,54.3,46.1,2,3,"Moderate","Good","No","Yes","Yes","Supports",5,"No barrier",49,9,4
"WGE-1084",2024-10-07,"Khagrachari","Khagrachari Sadar","Household (Parent/Guardian)",52,"Female","Chakma","NGO-run School","No","No","No","Yes",4,72.9,88.6,18,21,13.5,10.1,79,99,3.3,7.1,35.3,23.8,5,5,"Moderate","Good","Yes","Yes","Partially","Strongly supports",4.4,"Yes - major barrier",43,13,4
"WGE-1085",2024-10-04,"Bandarban","Naikhongchhari","Teacher",37,"Male","Khumi","Community Learning Centre","Yes","Yes","No","No",4,89.3,100,16,18,22.1,16.6,34,56,1.9,4.4,80.9,76.5,1,5,"Good","Good","No","Yes","Yes","Does not support",2,"Yes - minor barrier",43,10,4
"WGE-1086",2024-11-12,"Bandarban","Lama","Mother Club Member",26,"Female","Chakma","Government Secondary School","Yes","Yes","No","No",1,75.3,85.1,14,14,8.9,4.9,51,54,3.8,4.1,35,27.3,2,5,"Good","Good","Yes","Yes","Yes","Supports",0.5,"Yes - major barrier",56,11,2
"WGE-1087",2024-11-06,"Bandarban","Bandarban Sadar","School Management Committee (SMC)",44,"Female","Chakma","Government Secondary School","No","Yes","No","Yes",2,77.4,85.2,15,18,11.9,4.6,70,78,2.8,3.8,31.6,23.4,3,5,"Poor","Moderate","No","Yes","No","Supports",1.3,"Yes - minor barrier",60,5,4
"WGE-1088",2024-09-21,"Bandarban","Rowangchhari","School Student (Boy)",12,"Male","Bengali","Government Primary School","Yes","No","No","Yes",1,64.9,73.7,18,21,22.4,17.9,55,57,5.9,6.3,39,29.5,3,3,"Poor","Excellent","No","Yes","Partially","Supports",2.3,"Yes - minor barrier",70,9,4
"WGE-1089",2024-09-21,"Rangamati","Rajasthali","Mother Club Member",32,"Female","Tanchangya","Government Primary School","Yes","Yes","No","Yes",3,69.3,80.7,13,17,13.5,8.5,17,27,2.9,3.6,45.2,39.1,4,3,"Poor","Good","Yes","Yes","Yes","Neutral",5.1,"Yes - major barrier",74,15,5
"WGE-1090",2024-11-29,"Bandarban","Ruma","School Student (Girl)",11,"Female","Bawm","Community Learning Centre","Yes","No","Yes","No",3,72.5,80.6,9,12,23.3,20,35,42,3.8,5.2,56.6,49.2,2,2,"Moderate","Poor","No","Yes","No","Supports",1.1,"No barrier",69,10,5
"WGE-1091",2024-10-23,"Rangamati","Longadu","School Student (Girl)",13,"Female","Chakma","NGO-run School","Yes","Yes","No","Partially",2,80.4,93.8,13,16,29.1,19.6,59,68,5.8,7.2,42.8,37.9,2,2,"Good","Good","Yes","No","No","Strongly supports",3.1,"Yes - minor barrier",47,9,3
"WGE-1092",2024-11-23,"Bandarban","Rowangchhari","School Student (Girl)",10,"Female","Chakma","Government Primary School","Yes","No","Yes","Yes",3,72.5,82.3,14,16,19.8,13.8,25,39,2.5,4.5,29.3,19.2,5,5,"Moderate","Poor","Yes","No","Yes","Does not support",3.9,"No barrier",76,11,5
"WGE-1093",2024-10-20,"Khagrachari","Ramgarh","School Student (Girl)",14,"Female","Tanchangya","Government Secondary School","No","Yes","No","Yes",4,51.4,64.4,16,19,10.9,8.4,34,42,4.1,7.8,51.8,46.5,3,4,"Moderate","Excellent","No","Yes","No","Strongly supports",1.2,"Yes - minor barrier",52,6,5
"WGE-1094",2024-12-04,"Khagrachari","Dighinala","Reproductive Health Community Worker (RHCW)",29,"Female","Tanchangya","Government Secondary School","Yes","No","No","No",3,50.6,52.2,20,22,12.9,11.8,18,25,3.3,5.8,47.1,40.6,1,1,"Moderate","Poor","Yes","No","Partially","Strongly supports",6.5,"Yes - minor barrier",28,1,4
"WGE-1095",2024-09-05,"Rangamati","Longadu","Police/Law Enforcement",37,"Female","Marma","Government Secondary School","No","No","No","Yes",3,56.3,59.2,19,21,12.7,8.6,36,43,3.7,4.4,39.2,32.8,3,4,"Moderate","Good","Yes","Yes","Partially","Supports",1.3,"Yes - minor barrier",56,5,3
"WGE-1096",2024-09-27,"Rangamati","Kaptai","Mother Club Member",43,"Female","Bengali","Government Secondary School","Yes","No","No","Yes",2,57.4,66.5,17,18,28.6,25,67,75,1.6,3.2,67.2,53.3,1,4,"Poor","Good","No","No","Partially","Does not support",5.2,"Yes - minor barrier",30,4,5
"WGE-1097",2024-10-20,"Khagrachari","Dighinala","Reproductive Health Community Worker (RHCW)",28,"Female","Marma","NGO-run School","Yes","No","No","Yes",1,54,69.3,20,20,7.8,0.6,27,29,4.7,5.5,33.2,25.3,2,5,"Poor","Poor","No","Yes","Partially","Does not support",3.1,"Yes - major barrier",15,16,3
"WGE-1098",2024-10-18,"Rangamati","Kaptai","School Student (Girl)",14,"Female","Murung","NGO-run School","Yes","Yes","No","No",3,60.3,62.6,20,21,28.8,24.9,48,54,3.2,5,42.5,30.7,2,3,"Good","Excellent","Yes","Yes","Yes","Strongly supports",4.1,"No barrier",71,12,5
"WGE-1099",2024-10-11,"Rangamati","Baghaichhari","School Student (Girl)",14,"Female","Chakma","NGO-run School","Yes","Yes","Yes","Yes",1,53.5,67.1,19,22,31.2,25,28,31,2,2.5,39.5,33.8,1,5,"Moderate","Good","Yes","Yes","No","Supports",4,"Yes - minor barrier",32,11,3
"WGE-1100",2024-10-09,"Bandarban","Naikhongchhari","School Student (Girl)",13,"Female","Pangkhua","Government Secondary School","No","Yes","Yes","No",3,78,89.8,11,13,15.4,7.6,51,58,1.1,3.4,47.5,42.7,1,5,"Good","Good","Yes","No","No","Does not support",0.2,"Yes - minor barrier",32,5,5
"WGE-1101",2024-09-23,"Bandarban","Ruma","School Student (Boy)",13,"Male","Murung","Government Primary School","No","No","Yes","Partially",2,73.1,82.5,15,17,8.1,0.0999999999999996,63,69,3.2,4.5,53.3,43.2,4,5,"Moderate","Moderate","No","Yes","Partially","Strongly supports",4,"Yes - minor barrier",19,8,3
"WGE-1102",2024-09-15,"Rangamati","Baghaichhari","Household (Parent/Guardian)",45,"Male","Bengali","Government Primary School","Yes","Yes","Yes","Yes",2,67.9,64.4,12,16,14.7,5,43,57,2.9,4.5,28.7,25.2,2,5,"Poor","Excellent","No","Yes","Partially","Supports",3.7,"No barrier",63,5,3
"WGE-1103",2024-10-10,"Khagrachari","Khagrachari Sadar","Household (Parent/Guardian)",52,"Female","Chakma","Government Secondary School","Yes","No","No","Yes",3,70.4,74.6,17,18,11.7,4,58,64,4.7,6.8,33.7,21.4,2,2,"Excellent","Good","Yes","No","Yes","Strongly supports",1.7,"Yes - minor barrier",33,7,3
"WGE-1104",2024-10-17,"Khagrachari","Panchhari","Community Stakeholder",49,"Male","Chakma","Government Primary School","No","Yes","No","No",3,53.5,58.6,18,22,29.2,22.4,55,69,0.9,2.4,65.7,53.8,4,3,"Moderate","Moderate","Yes","Yes","Partially","Strongly supports",5,"No barrier",49,6,1
